[0m13:46:17.903784 [debug] [MainThread]: Sending event: {'category': 'dbt', 'action': 'invocation', 'label': 'start', 'context': [<snowplow_tracker.self_describing_json.SelfDescribingJson object at 0x000002100326F8C0>, <snowplow_tracker.self_describing_json.SelfDescribingJson object at 0x0000021005893ED0>, <snowplow_tracker.self_describing_json.SelfDescribingJson object at 0x0000021005893B10>]}


============================== 13:46:17.931765 | 7c314566-08f9-4e61-8c8a-b46fd193524d ==============================
[0m13:46:17.931765 [info ] [MainThread]: Running with dbt=1.12.0-b3
[0m13:46:17.933209 [debug] [MainThread]: running dbt with arguments {'version_check': 'True', 'no_print': 'None', 'static_parser': 'True', 'target_path': 'None', 'warn_error_options': 'WarnErrorOptionsV2(error=[], warn=[], silence=[])', 'maximum_seed_size_mib': '1', 'printer_width': '80', 'write_json': 'True', 'introspect': 'True', 'log_cache_events': 'False', 'empty': 'None', 'cache_selected_only': 'False', 'log_format': 'default', 'debug': 'False', 'fail_fast': 'False', 'profiles_dir': 'C:\\Users\\Toranj\\.dbt', 'send_anonymous_usage_stats': 'True', 'quiet': 'False', 'warn_error': 'None', 'partial_parse': 'True', 'indirect_selection': 'eager', 'invocation_command': 'dbt debug', 'use_colors': 'True', 'use_experimental_parser': 'False', 'log_path': 'logs'}
[0m13:46:18.170887 [info ] [MainThread]: dbt version: 1.12.0-b3
[0m13:46:18.171942 [info ] [MainThread]: python version: 3.13.9
[0m13:46:18.172914 [info ] [MainThread]: python path: C:\Users\Toranj\anaconda3\python.exe
[0m13:46:18.174091 [info ] [MainThread]: os info: Windows-10-10.0.19044-SP0
[0m13:46:21.096713 [info ] [MainThread]: Using profiles dir at C:\Users\Toranj\.dbt
[0m13:46:21.098044 [info ] [MainThread]: Using profiles.yml file at C:\Users\Toranj\.dbt\profiles.yml
[0m13:46:21.099264 [info ] [MainThread]: Using dbt_project.yml file at D:\Data Analyst\Python\sales_project\dbt_project.yml
[0m13:46:21.100573 [error] [MainThread]: [[31mERROR[0m]: Encountered an error:
Internal Error
  Profile should not be None if loading profile completed
[0m13:46:21.102953 [debug] [MainThread]: Command `dbt debug` failed at 13:46:21.102655 after 3.57 seconds
[0m13:46:21.103816 [debug] [MainThread]: Sending event: {'category': 'dbt', 'action': 'invocation', 'label': 'end', 'context': [<snowplow_tracker.self_describing_json.SelfDescribingJson object at 0x0000021005BC03E0>, <snowplow_tracker.self_describing_json.SelfDescribingJson object at 0x0000021005B0F770>, <snowplow_tracker.self_describing_json.SelfDescribingJson object at 0x0000021005B19F20>]}
[0m13:46:21.104686 [debug] [MainThread]: Flushing usage events
[0m13:46:21.116250 [debug] [MainThread]: An error was encountered while trying to flush usage events
[0m13:48:02.140216 [debug] [MainThread]: Sending event: {'category': 'dbt', 'action': 'invocation', 'label': 'start', 'context': [<snowplow_tracker.self_describing_json.SelfDescribingJson object at 0x0000021ECBE7F8C0>, <snowplow_tracker.self_describing_json.SelfDescribingJson object at 0x0000021ECE49FED0>, <snowplow_tracker.self_describing_json.SelfDescribingJson object at 0x0000021ECE49FB10>]}


============================== 13:48:02.149338 | f4ae7add-c1b8-4f92-a6cc-4e86e8c8e80f ==============================
[0m13:48:02.149338 [info ] [MainThread]: Running with dbt=1.12.0-b3
[0m13:48:02.150749 [debug] [MainThread]: running dbt with arguments {'maximum_seed_size_mib': '1', 'no_print': 'None', 'version_check': 'True', 'warn_error_options': 'WarnErrorOptionsV2(error=[], warn=[], silence=[])', 'target_path': 'None', 'static_parser': 'True', 'printer_width': '80', 'write_json': 'True', 'empty': 'None', 'log_cache_events': 'False', 'introspect': 'True', 'cache_selected_only': 'False', 'log_format': 'default', 'debug': 'False', 'fail_fast': 'False', 'partial_parse': 'True', 'send_anonymous_usage_stats': 'True', 'quiet': 'False', 'warn_error': 'None', 'profiles_dir': 'C:\\Users\\Toranj\\.dbt', 'use_colors': 'True', 'invocation_command': 'dbt init', 'indirect_selection': 'eager', 'use_experimental_parser': 'False', 'log_path': 'logs'}
[0m13:48:47.117230 [debug] [MainThread]: Starter project path: C:\Users\Toranj\anaconda3\Lib\site-packages\dbt\include\starter_project
[0m13:48:47.159494 [info ] [MainThread]: Setting up your profile.
[0m13:51:23.251453 [info ] [MainThread]: Profile sales_project written to C:\Users\Toranj\.dbt\profiles.yml using target's profile_template.yml and your supplied values.
[0m13:51:23.276007 [info ] [MainThread]: Running dbt debug to validate the project...
[0m13:51:23.280001 [info ] [MainThread]: dbt version: 1.12.0-b3
[0m13:51:23.281297 [info ] [MainThread]: python version: 3.13.9
[0m13:51:23.282422 [info ] [MainThread]: python path: C:\Users\Toranj\anaconda3\python.exe
[0m13:51:23.283519 [info ] [MainThread]: os info: Windows-10-10.0.19044-SP0
[0m13:51:23.401061 [info ] [MainThread]: Using profiles dir at C:\Users\Toranj\.dbt
[0m13:51:23.402282 [info ] [MainThread]: Using profiles.yml file at C:\Users\Toranj\.dbt\profiles.yml
[0m13:51:23.404357 [info ] [MainThread]: Using dbt_project.yml file at D:\Data Analyst\Python\sales_project\sales_project\dbt_project.yml
[0m13:51:23.407041 [info ] [MainThread]: adapter type: postgres
[0m13:51:23.408964 [info ] [MainThread]: adapter version: 1.10.1
[0m13:51:23.675869 [info ] [MainThread]: Configuration:
[0m13:51:23.677109 [info ] [MainThread]:   profiles.yml file [[32mOK found and valid[0m]
[0m13:51:23.678130 [info ] [MainThread]:   dbt_project.yml file [[32mOK found and valid[0m]
[0m13:51:23.679103 [info ] [MainThread]: Required dependencies:
[0m13:51:23.680114 [debug] [MainThread]: Executing "git --help"
[0m13:51:23.760030 [debug] [MainThread]: STDOUT: "b"usage: git [-v | --version] [-h | --help] [-C <path>] [-c <name>=<value>]\n           [--exec-path[=<path>]] [--html-path] [--man-path] [--info-path]\n           [-p | --paginate | -P | --no-pager] [--no-replace-objects] [--no-lazy-fetch]\n           [--no-optional-locks] [--no-advice] [--bare] [--git-dir=<path>]\n           [--work-tree=<path>] [--namespace=<name>] [--config-env=<name>=<envvar>]\n           <command> [<args>]\n\nThese are common Git commands used in various situations:\n\nstart a working area (see also: git help tutorial)\n   clone      Clone a repository into a new directory\n   init       Create an empty Git repository or reinitialize an existing one\n\nwork on the current change (see also: git help everyday)\n   add        Add file contents to the index\n   mv         Move or rename a file, a directory, or a symlink\n   restore    Restore working tree files\n   rm         Remove files from the working tree and from the index\n\nexamine the history and state (see also: git help revisions)\n   bisect     Use binary search to find the commit that introduced a bug\n   diff       Show changes between commits, commit and working tree, etc\n   grep       Print lines matching a pattern\n   log        Show commit logs\n   show       Show various types of objects\n   status     Show the working tree status\n\ngrow, mark and tweak your common history\n   backfill   Download missing objects in a partial clone\n   branch     List, create, or delete branches\n   commit     Record changes to the repository\n   history    EXPERIMENTAL: Rewrite history\n   merge      Join two or more development histories together\n   rebase     Reapply commits on top of another base tip\n   reset      Set `HEAD` or the index to a known state\n   switch     Switch branches\n   tag        Create, list, delete or verify tags\n\ncollaborate (see also: git help workflows)\n   fetch      Download objects and refs from another repository\n   pull       Fetch from and integrate with another repository or a local branch\n   push       Update remote refs along with associated objects\n\n'git help -a' and 'git help -g' list available subcommands and some\nconcept guides. See 'git help <command>' or 'git help <concept>'\nto read about a specific subcommand or concept.\nSee 'git help git' for an overview of the system.\n""
[0m13:51:23.761725 [debug] [MainThread]: STDERR: "b''"
[0m13:51:23.763009 [info ] [MainThread]:  - git [[32mOK found[0m]

[0m13:51:23.764485 [info ] [MainThread]: Connection:
[0m13:51:23.765989 [info ] [MainThread]:   host: localhost
[0m13:51:23.767787 [info ] [MainThread]:   port: 5432
[0m13:51:23.769255 [info ] [MainThread]:   user: postgres
[0m13:51:23.773004 [info ] [MainThread]:   database: sales_db
[0m13:51:23.775433 [info ] [MainThread]:   schema: public
[0m13:51:23.778988 [info ] [MainThread]:   connect_timeout: 10
[0m13:51:23.784381 [info ] [MainThread]:   role: None
[0m13:51:23.785604 [info ] [MainThread]:   search_path: None
[0m13:51:23.789250 [info ] [MainThread]:   keepalives_idle: 0
[0m13:51:23.790897 [info ] [MainThread]:   sslmode: None
[0m13:51:23.792215 [info ] [MainThread]:   sslcert: None
[0m13:51:23.795448 [info ] [MainThread]:   sslkey: None
[0m13:51:23.796537 [info ] [MainThread]:   sslrootcert: None
[0m13:51:23.799665 [info ] [MainThread]:   application_name: dbt
[0m13:51:23.800706 [info ] [MainThread]:   retries: 1
[0m13:51:23.802128 [info ] [MainThread]: Registered adapter: postgres=1.10.1
[0m13:51:24.457722 [debug] [MainThread]: Acquiring new postgres connection 'debug'
[0m13:51:24.991498 [debug] [MainThread]: Using postgres connection "debug"
[0m13:51:24.992356 [debug] [MainThread]: On debug: select 1 as id
[0m13:51:24.993042 [debug] [MainThread]: Opening a new connection, currently in state init
[0m13:51:25.077812 [debug] [MainThread]: SQL status: SELECT 1 in 0.085 seconds
[0m13:51:25.079832 [debug] [MainThread]: On debug: Close
[0m13:51:25.080642 [info ] [MainThread]:   Connection test: [[32mOK connection ok[0m]

[0m13:51:25.102140 [info ] [MainThread]: [32mAll checks passed![0m
[0m13:51:25.107141 [info ] [MainThread]: Your new dbt project "sales_project" was created!
Initialized new project in D:\Data Analyst\Python\sales_project\sales_project\sales_project

For more information on how to configure the profiles.yml file,
please consult the dbt documentation here:

  https://docs.getdbt.com/docs/configure-your-profile

One more thing:

Need help? Don't hesitate to reach out to us via GitHub issues or on Slack:

  https://community.getdbt.com/

Happy modeling!

[0m13:51:25.110715 [debug] [MainThread]: Command `dbt init` succeeded at 13:51:25.110386 after 203.29 seconds
[0m13:51:25.111516 [debug] [MainThread]: Connection 'debug' was properly closed.
[0m13:51:25.112300 [debug] [MainThread]: Sending event: {'category': 'dbt', 'action': 'invocation', 'label': 'end', 'context': [<snowplow_tracker.self_describing_json.SelfDescribingJson object at 0x0000021ECE3656E0>, <snowplow_tracker.self_describing_json.SelfDescribingJson object at 0x0000021ECE361C70>, <snowplow_tracker.self_describing_json.SelfDescribingJson object at 0x0000021ECE72F9B0>]}
[0m13:51:25.113165 [debug] [MainThread]: Flushing usage events
[0m13:51:25.118658 [debug] [MainThread]: An error was encountered while trying to flush usage events
[0m13:51:53.281829 [debug] [MainThread]: Sending event: {'category': 'dbt', 'action': 'invocation', 'label': 'start', 'context': [<snowplow_tracker.self_describing_json.SelfDescribingJson object at 0x00000273AAEEF8C0>, <snowplow_tracker.self_describing_json.SelfDescribingJson object at 0x00000273AD513ED0>, <snowplow_tracker.self_describing_json.SelfDescribingJson object at 0x00000273AD513B10>]}


============================== 13:51:53.290853 | 2f1cdcd0-f40b-4b60-9e34-8287fd0fb003 ==============================
[0m13:51:53.290853 [info ] [MainThread]: Running with dbt=1.12.0-b3
[0m13:51:53.292309 [debug] [MainThread]: running dbt with arguments {'static_parser': 'True', 'no_print': 'None', 'version_check': 'True', 'warn_error_options': 'WarnErrorOptionsV2(error=[], warn=[], silence=[])', 'maximum_seed_size_mib': '1', 'target_path': 'None', 'printer_width': '80', 'write_json': 'True', 'introspect': 'True', 'log_cache_events': 'False', 'empty': 'None', 'cache_selected_only': 'False', 'log_format': 'default', 'debug': 'False', 'fail_fast': 'False', 'profiles_dir': 'C:\\Users\\Toranj\\.dbt', 'send_anonymous_usage_stats': 'True', 'quiet': 'False', 'warn_error': 'None', 'partial_parse': 'True', 'use_colors': 'True', 'invocation_command': 'dbt debug', 'indirect_selection': 'eager', 'use_experimental_parser': 'False', 'log_path': 'logs'}
[0m13:51:53.340260 [info ] [MainThread]: dbt version: 1.12.0-b3
[0m13:51:53.341765 [info ] [MainThread]: python version: 3.13.9
[0m13:51:53.342876 [info ] [MainThread]: python path: C:\Users\Toranj\anaconda3\python.exe
[0m13:51:53.343809 [info ] [MainThread]: os info: Windows-10-10.0.19044-SP0
[0m13:51:53.707857 [info ] [MainThread]: Using profiles dir at C:\Users\Toranj\.dbt
[0m13:51:53.709093 [info ] [MainThread]: Using profiles.yml file at C:\Users\Toranj\.dbt\profiles.yml
[0m13:51:53.710150 [info ] [MainThread]: Using dbt_project.yml file at D:\Data Analyst\Python\sales_project\dbt_project.yml
[0m13:51:53.711310 [error] [MainThread]: [[31mERROR[0m]: Encountered an error:
Internal Error
  Profile should not be None if loading profile completed
[0m13:51:53.713651 [debug] [MainThread]: Command `dbt debug` failed at 13:51:53.713354 after 0.75 seconds
[0m13:51:53.714505 [debug] [MainThread]: Sending event: {'category': 'dbt', 'action': 'invocation', 'label': 'end', 'context': [<snowplow_tracker.self_describing_json.SelfDescribingJson object at 0x00000273AD8403E0>, <snowplow_tracker.self_describing_json.SelfDescribingJson object at 0x00000273AD78F770>, <snowplow_tracker.self_describing_json.SelfDescribingJson object at 0x00000273AD799F20>]}
[0m13:51:53.715365 [debug] [MainThread]: Flushing usage events
[0m13:51:53.724314 [debug] [MainThread]: An error was encountered while trying to flush usage events
[0m13:58:01.786462 [debug] [MainThread]: Sending event: {'category': 'dbt', 'action': 'invocation', 'label': 'start', 'context': [<snowplow_tracker.self_describing_json.SelfDescribingJson object at 0x0000016403AFF8C0>, <snowplow_tracker.self_describing_json.SelfDescribingJson object at 0x0000016406123ED0>, <snowplow_tracker.self_describing_json.SelfDescribingJson object at 0x0000016406123B10>]}


============================== 13:58:01.795584 | 23cc1a22-d524-4ce1-b9c9-36b21838482c ==============================
[0m13:58:01.795584 [info ] [MainThread]: Running with dbt=1.12.0-b3
[0m13:58:01.797125 [debug] [MainThread]: running dbt with arguments {'version_check': 'True', 'no_print': 'None', 'static_parser': 'True', 'target_path': 'None', 'warn_error_options': 'WarnErrorOptionsV2(error=[], warn=[], silence=[])', 'maximum_seed_size_mib': '1', 'printer_width': '80', 'write_json': 'True', 'introspect': 'True', 'log_cache_events': 'False', 'empty': 'None', 'cache_selected_only': 'False', 'fail_fast': 'False', 'debug': 'False', 'log_format': 'default', 'partial_parse': 'True', 'send_anonymous_usage_stats': 'True', 'quiet': 'False', 'warn_error': 'None', 'profiles_dir': 'C:\\Users\\Toranj\\.dbt', 'use_colors': 'True', 'invocation_command': 'dbt init sales_project', 'indirect_selection': 'eager', 'use_experimental_parser': 'False', 'log_path': 'logs'}
[0m13:58:01.844741 [info ] [MainThread]: A project called sales_project already exists here.
[0m13:58:01.847954 [debug] [MainThread]: Command `dbt init` succeeded at 13:58:01.847558 after 0.38 seconds
[0m13:58:01.848867 [debug] [MainThread]: Sending event: {'category': 'dbt', 'action': 'invocation', 'label': 'end', 'context': [<snowplow_tracker.self_describing_json.SelfDescribingJson object at 0x00000164061C43E0>, <snowplow_tracker.self_describing_json.SelfDescribingJson object at 0x0000016405FE1C70>, <snowplow_tracker.self_describing_json.SelfDescribingJson object at 0x00000164061598C0>]}
[0m13:58:01.849725 [debug] [MainThread]: Flushing usage events
[0m13:58:01.857139 [debug] [MainThread]: An error was encountered while trying to flush usage events
[0m14:13:44.670440 [debug] [MainThread]: Sending event: {'category': 'dbt', 'action': 'invocation', 'label': 'start', 'context': [<snowplow_tracker.self_describing_json.SelfDescribingJson object at 0x000001AEA681F8C0>, <snowplow_tracker.self_describing_json.SelfDescribingJson object at 0x000001AEA8E43ED0>, <snowplow_tracker.self_describing_json.SelfDescribingJson object at 0x000001AEA8E43B10>]}


============================== 14:13:44.680315 | 92d2b139-b1e2-4d9d-bc87-71fcf298d2e4 ==============================
[0m14:13:44.680315 [info ] [MainThread]: Running with dbt=1.12.0-b3
[0m14:13:44.681830 [debug] [MainThread]: running dbt with arguments {'maximum_seed_size_mib': '1', 'no_print': 'None', 'static_parser': 'True', 'target_path': 'None', 'warn_error_options': 'WarnErrorOptionsV2(error=[], warn=[], silence=[])', 'version_check': 'True', 'printer_width': '80', 'write_json': 'True', 'introspect': 'True', 'log_cache_events': 'False', 'empty': 'None', 'cache_selected_only': 'False', 'fail_fast': 'False', 'debug': 'False', 'log_format': 'default', 'partial_parse': 'True', 'send_anonymous_usage_stats': 'True', 'quiet': 'False', 'warn_error': 'None', 'profiles_dir': 'C:\\Users\\Toranj\\.dbt', 'use_colors': 'True', 'indirect_selection': 'eager', 'invocation_command': 'dbt debug', 'use_experimental_parser': 'False', 'log_path': 'D:\\Data Analyst\\Python\\sales_project\\logs'}
[0m14:13:44.736143 [info ] [MainThread]: dbt version: 1.12.0-b3
[0m14:13:44.737312 [info ] [MainThread]: python version: 3.13.9
[0m14:13:44.738275 [info ] [MainThread]: python path: C:\Users\Toranj\anaconda3\python.exe
[0m14:13:44.739283 [info ] [MainThread]: os info: Windows-10-10.0.19044-SP0
[0m14:13:44.879989 [info ] [MainThread]: Using profiles dir at C:\Users\Toranj\.dbt
[0m14:13:44.883033 [info ] [MainThread]: Using profiles.yml file at C:\Users\Toranj\.dbt\profiles.yml
[0m14:13:44.884143 [info ] [MainThread]: Using dbt_project.yml file at D:\Data Analyst\Python\sales_project\dbt_project.yml
[0m14:13:44.886243 [info ] [MainThread]: adapter type: postgres
[0m14:13:44.888305 [info ] [MainThread]: adapter version: 1.10.1
[0m14:13:45.073825 [info ] [MainThread]: Configuration:
[0m14:13:45.075016 [info ] [MainThread]:   profiles.yml file [[32mOK found and valid[0m]
[0m14:13:45.076088 [info ] [MainThread]:   dbt_project.yml file [[31mERROR invalid[0m]
[0m14:13:45.077129 [info ] [MainThread]: Required dependencies:
[0m14:13:45.078251 [debug] [MainThread]: Executing "git --help"
[0m14:13:45.115238 [debug] [MainThread]: STDOUT: "b"usage: git [-v | --version] [-h | --help] [-C <path>] [-c <name>=<value>]\n           [--exec-path[=<path>]] [--html-path] [--man-path] [--info-path]\n           [-p | --paginate | -P | --no-pager] [--no-replace-objects] [--no-lazy-fetch]\n           [--no-optional-locks] [--no-advice] [--bare] [--git-dir=<path>]\n           [--work-tree=<path>] [--namespace=<name>] [--config-env=<name>=<envvar>]\n           <command> [<args>]\n\nThese are common Git commands used in various situations:\n\nstart a working area (see also: git help tutorial)\n   clone      Clone a repository into a new directory\n   init       Create an empty Git repository or reinitialize an existing one\n\nwork on the current change (see also: git help everyday)\n   add        Add file contents to the index\n   mv         Move or rename a file, a directory, or a symlink\n   restore    Restore working tree files\n   rm         Remove files from the working tree and from the index\n\nexamine the history and state (see also: git help revisions)\n   bisect     Use binary search to find the commit that introduced a bug\n   diff       Show changes between commits, commit and working tree, etc\n   grep       Print lines matching a pattern\n   log        Show commit logs\n   show       Show various types of objects\n   status     Show the working tree status\n\ngrow, mark and tweak your common history\n   backfill   Download missing objects in a partial clone\n   branch     List, create, or delete branches\n   commit     Record changes to the repository\n   history    EXPERIMENTAL: Rewrite history\n   merge      Join two or more development histories together\n   rebase     Reapply commits on top of another base tip\n   reset      Set `HEAD` or the index to a known state\n   switch     Switch branches\n   tag        Create, list, delete or verify tags\n\ncollaborate (see also: git help workflows)\n   fetch      Download objects and refs from another repository\n   pull       Fetch from and integrate with another repository or a local branch\n   push       Update remote refs along with associated objects\n\n'git help -a' and 'git help -g' list available subcommands and some\nconcept guides. See 'git help <command>' or 'git help <concept>'\nto read about a specific subcommand or concept.\nSee 'git help git' for an overview of the system.\n""
[0m14:13:45.117994 [debug] [MainThread]: STDERR: "b''"
[0m14:13:45.119351 [info ] [MainThread]:  - git [[32mOK found[0m]

[0m14:13:45.120456 [info ] [MainThread]: Connection:
[0m14:13:45.121498 [info ] [MainThread]:   host: localhost
[0m14:13:45.122461 [info ] [MainThread]:   port: 5432
[0m14:13:45.123467 [info ] [MainThread]:   user: postgres
[0m14:13:45.124323 [info ] [MainThread]:   database: sales_db
[0m14:13:45.125191 [info ] [MainThread]:   schema: public
[0m14:13:45.127462 [info ] [MainThread]:   connect_timeout: 10
[0m14:13:45.129792 [info ] [MainThread]:   role: None
[0m14:13:45.133144 [info ] [MainThread]:   search_path: None
[0m14:13:45.134422 [info ] [MainThread]:   keepalives_idle: 0
[0m14:13:45.135382 [info ] [MainThread]:   sslmode: None
[0m14:13:45.136261 [info ] [MainThread]:   sslcert: None
[0m14:13:45.137153 [info ] [MainThread]:   sslkey: None
[0m14:13:45.138053 [info ] [MainThread]:   sslrootcert: None
[0m14:13:45.138959 [info ] [MainThread]:   application_name: dbt
[0m14:13:45.140793 [info ] [MainThread]:   retries: 1
[0m14:13:45.142172 [info ] [MainThread]: Registered adapter: postgres=1.10.1
[0m14:13:45.618021 [debug] [MainThread]: Acquiring new postgres connection 'debug'
[0m14:13:45.983673 [debug] [MainThread]: Using postgres connection "debug"
[0m14:13:45.984531 [debug] [MainThread]: On debug: select 1 as id
[0m14:13:45.985218 [debug] [MainThread]: Opening a new connection, currently in state init
[0m14:13:46.052951 [debug] [MainThread]: SQL status: SELECT 1 in 0.068 seconds
[0m14:13:46.054956 [debug] [MainThread]: On debug: Close
[0m14:13:46.055765 [info ] [MainThread]:   Connection test: [[32mOK connection ok[0m]

[0m14:13:46.057484 [info ] [MainThread]: [31m1 check failed:[0m
[0m14:13:46.058528 [info ] [MainThread]: Project loading failed for the following reason:
Runtime Error
  at path []: Additional properties are not allowed ('clean_targets' was unexpected)

Error encountered in D:\Data Analyst\Python\sales_project\dbt_project.yml


[0m14:13:46.061138 [debug] [MainThread]: Command `dbt debug` failed at 14:13:46.060812 after 1.73 seconds
[0m14:13:46.061970 [debug] [MainThread]: Connection 'debug' was properly closed.
[0m14:13:46.062906 [debug] [MainThread]: Sending event: {'category': 'dbt', 'action': 'invocation', 'label': 'end', 'context': [<snowplow_tracker.self_describing_json.SelfDescribingJson object at 0x000001AEA93D9350>, <snowplow_tracker.self_describing_json.SelfDescribingJson object at 0x000001AEA90D3E30>, <snowplow_tracker.self_describing_json.SelfDescribingJson object at 0x000001AEA8F2ACF0>]}
[0m14:13:46.063912 [debug] [MainThread]: Flushing usage events
[0m14:13:46.073571 [debug] [MainThread]: An error was encountered while trying to flush usage events
[0m14:16:34.353542 [debug] [MainThread]: Sending event: {'category': 'dbt', 'action': 'invocation', 'label': 'start', 'context': [<snowplow_tracker.self_describing_json.SelfDescribingJson object at 0x000001678FB0F8C0>, <snowplow_tracker.self_describing_json.SelfDescribingJson object at 0x0000016792133ED0>, <snowplow_tracker.self_describing_json.SelfDescribingJson object at 0x0000016792133B10>]}


============================== 14:16:34.362776 | 3ed555a6-fec1-49f7-a93f-34310d2294e3 ==============================
[0m14:16:34.362776 [info ] [MainThread]: Running with dbt=1.12.0-b3
[0m14:16:34.364176 [debug] [MainThread]: running dbt with arguments {'version_check': 'True', 'no_print': 'None', 'maximum_seed_size_mib': '1', 'warn_error_options': 'WarnErrorOptionsV2(error=[], warn=[], silence=[])', 'static_parser': 'True', 'target_path': 'None', 'printer_width': '80', 'write_json': 'True', 'empty': 'None', 'log_cache_events': 'False', 'introspect': 'True', 'cache_selected_only': 'False', 'log_format': 'default', 'debug': 'False', 'fail_fast': 'False', 'profiles_dir': 'C:\\Users\\Toranj\\.dbt', 'send_anonymous_usage_stats': 'True', 'quiet': 'False', 'warn_error': 'None', 'partial_parse': 'True', 'use_colors': 'True', 'indirect_selection': 'eager', 'invocation_command': 'dbt debug', 'use_experimental_parser': 'False', 'log_path': 'D:\\Data Analyst\\Python\\sales_project\\logs'}
[0m14:16:34.409512 [info ] [MainThread]: dbt version: 1.12.0-b3
[0m14:16:34.410644 [info ] [MainThread]: python version: 3.13.9
[0m14:16:34.411533 [info ] [MainThread]: python path: C:\Users\Toranj\anaconda3\python.exe
[0m14:16:34.412411 [info ] [MainThread]: os info: Windows-10-10.0.19044-SP0
[0m14:16:34.546885 [info ] [MainThread]: Using profiles dir at C:\Users\Toranj\.dbt
[0m14:16:34.548040 [info ] [MainThread]: Using profiles.yml file at C:\Users\Toranj\.dbt\profiles.yml
[0m14:16:34.548980 [info ] [MainThread]: Using dbt_project.yml file at D:\Data Analyst\Python\sales_project\dbt_project.yml
[0m14:16:34.551332 [info ] [MainThread]: adapter type: postgres
[0m14:16:34.552928 [info ] [MainThread]: adapter version: 1.10.1
[0m14:16:34.729397 [info ] [MainThread]: Configuration:
[0m14:16:34.730621 [info ] [MainThread]:   profiles.yml file [[32mOK found and valid[0m]
[0m14:16:34.731594 [info ] [MainThread]:   dbt_project.yml file [[31mERROR invalid[0m]
[0m14:16:34.732532 [info ] [MainThread]: Required dependencies:
[0m14:16:34.733485 [debug] [MainThread]: Executing "git --help"
[0m14:16:34.779613 [debug] [MainThread]: STDOUT: "b"usage: git [-v | --version] [-h | --help] [-C <path>] [-c <name>=<value>]\n           [--exec-path[=<path>]] [--html-path] [--man-path] [--info-path]\n           [-p | --paginate | -P | --no-pager] [--no-replace-objects] [--no-lazy-fetch]\n           [--no-optional-locks] [--no-advice] [--bare] [--git-dir=<path>]\n           [--work-tree=<path>] [--namespace=<name>] [--config-env=<name>=<envvar>]\n           <command> [<args>]\n\nThese are common Git commands used in various situations:\n\nstart a working area (see also: git help tutorial)\n   clone      Clone a repository into a new directory\n   init       Create an empty Git repository or reinitialize an existing one\n\nwork on the current change (see also: git help everyday)\n   add        Add file contents to the index\n   mv         Move or rename a file, a directory, or a symlink\n   restore    Restore working tree files\n   rm         Remove files from the working tree and from the index\n\nexamine the history and state (see also: git help revisions)\n   bisect     Use binary search to find the commit that introduced a bug\n   diff       Show changes between commits, commit and working tree, etc\n   grep       Print lines matching a pattern\n   log        Show commit logs\n   show       Show various types of objects\n   status     Show the working tree status\n\ngrow, mark and tweak your common history\n   backfill   Download missing objects in a partial clone\n   branch     List, create, or delete branches\n   commit     Record changes to the repository\n   history    EXPERIMENTAL: Rewrite history\n   merge      Join two or more development histories together\n   rebase     Reapply commits on top of another base tip\n   reset      Set `HEAD` or the index to a known state\n   switch     Switch branches\n   tag        Create, list, delete or verify tags\n\ncollaborate (see also: git help workflows)\n   fetch      Download objects and refs from another repository\n   pull       Fetch from and integrate with another repository or a local branch\n   push       Update remote refs along with associated objects\n\n'git help -a' and 'git help -g' list available subcommands and some\nconcept guides. See 'git help <command>' or 'git help <concept>'\nto read about a specific subcommand or concept.\nSee 'git help git' for an overview of the system.\n""
[0m14:16:34.781132 [debug] [MainThread]: STDERR: "b''"
[0m14:16:34.782156 [info ] [MainThread]:  - git [[32mOK found[0m]

[0m14:16:34.783130 [info ] [MainThread]: Connection:
[0m14:16:34.784025 [info ] [MainThread]:   host: localhost
[0m14:16:34.784897 [info ] [MainThread]:   port: 5432
[0m14:16:34.785752 [info ] [MainThread]:   user: postgres
[0m14:16:34.786600 [info ] [MainThread]:   database: sales_db
[0m14:16:34.787450 [info ] [MainThread]:   schema: public
[0m14:16:34.788279 [info ] [MainThread]:   connect_timeout: 10
[0m14:16:34.790859 [info ] [MainThread]:   role: None
[0m14:16:34.792949 [info ] [MainThread]:   search_path: None
[0m14:16:34.796791 [info ] [MainThread]:   keepalives_idle: 0
[0m14:16:34.797753 [info ] [MainThread]:   sslmode: None
[0m14:16:34.798658 [info ] [MainThread]:   sslcert: None
[0m14:16:34.799534 [info ] [MainThread]:   sslkey: None
[0m14:16:34.800393 [info ] [MainThread]:   sslrootcert: None
[0m14:16:34.801612 [info ] [MainThread]:   application_name: dbt
[0m14:16:34.803303 [info ] [MainThread]:   retries: 1
[0m14:16:34.804666 [info ] [MainThread]: Registered adapter: postgres=1.10.1
[0m14:16:35.263562 [debug] [MainThread]: Acquiring new postgres connection 'debug'
[0m14:16:35.631160 [debug] [MainThread]: Using postgres connection "debug"
[0m14:16:35.632104 [debug] [MainThread]: On debug: select 1 as id
[0m14:16:35.632841 [debug] [MainThread]: Opening a new connection, currently in state init
[0m14:16:35.700528 [debug] [MainThread]: SQL status: SELECT 1 in 0.068 seconds
[0m14:16:35.702530 [debug] [MainThread]: On debug: Close
[0m14:16:35.703325 [info ] [MainThread]:   Connection test: [[32mOK connection ok[0m]

[0m14:16:35.704940 [info ] [MainThread]: [31m1 check failed:[0m
[0m14:16:35.706293 [info ] [MainThread]: Project loading failed for the following reason:
Runtime Error
  at path []: Additional properties are not allowed ('clean_targets' was unexpected)

Error encountered in D:\Data Analyst\Python\sales_project\dbt_project.yml


[0m14:16:35.709154 [debug] [MainThread]: Command `dbt debug` failed at 14:16:35.708828 after 1.68 seconds
[0m14:16:35.710111 [debug] [MainThread]: Connection 'debug' was properly closed.
[0m14:16:35.711044 [debug] [MainThread]: Sending event: {'category': 'dbt', 'action': 'invocation', 'label': 'end', 'context': [<snowplow_tracker.self_describing_json.SelfDescribingJson object at 0x0000016792799350>, <snowplow_tracker.self_describing_json.SelfDescribingJson object at 0x0000016792497E30>, <snowplow_tracker.self_describing_json.SelfDescribingJson object at 0x000001679221ACF0>]}
[0m14:16:35.711975 [debug] [MainThread]: Flushing usage events
[0m14:16:35.719302 [debug] [MainThread]: An error was encountered while trying to flush usage events
[0m14:17:28.181715 [debug] [MainThread]: Sending event: {'category': 'dbt', 'action': 'invocation', 'label': 'start', 'context': [<snowplow_tracker.self_describing_json.SelfDescribingJson object at 0x0000021012E3F8C0>, <snowplow_tracker.self_describing_json.SelfDescribingJson object at 0x0000021015463D90>, <snowplow_tracker.self_describing_json.SelfDescribingJson object at 0x0000021015463B10>]}


============================== 14:17:28.190782 | 51564481-8128-4995-a7fd-6200a021987f ==============================
[0m14:17:28.190782 [info ] [MainThread]: Running with dbt=1.12.0-b3
[0m14:17:28.192241 [debug] [MainThread]: running dbt with arguments {'static_parser': 'True', 'no_print': 'None', 'maximum_seed_size_mib': '1', 'warn_error_options': 'WarnErrorOptionsV2(error=[], warn=[], silence=[])', 'target_path': 'None', 'version_check': 'True', 'printer_width': '80', 'write_json': 'True', 'empty': 'None', 'log_cache_events': 'False', 'introspect': 'True', 'cache_selected_only': 'False', 'fail_fast': 'False', 'debug': 'False', 'log_format': 'default', 'partial_parse': 'True', 'send_anonymous_usage_stats': 'True', 'quiet': 'False', 'warn_error': 'None', 'profiles_dir': 'C:\\Users\\Toranj\\.dbt', 'invocation_command': 'dbt debug', 'indirect_selection': 'eager', 'use_colors': 'True', 'use_experimental_parser': 'False', 'log_path': 'D:\\Data Analyst\\Python\\sales_project\\logs'}
[0m14:17:28.239080 [info ] [MainThread]: dbt version: 1.12.0-b3
[0m14:17:28.240216 [info ] [MainThread]: python version: 3.13.9
[0m14:17:28.242750 [info ] [MainThread]: python path: C:\Users\Toranj\anaconda3\python.exe
[0m14:17:28.243757 [info ] [MainThread]: os info: Windows-10-10.0.19044-SP0
[0m14:17:28.384504 [info ] [MainThread]: Using profiles dir at C:\Users\Toranj\.dbt
[0m14:17:28.386016 [info ] [MainThread]: Using profiles.yml file at C:\Users\Toranj\.dbt\profiles.yml
[0m14:17:28.387114 [info ] [MainThread]: Using dbt_project.yml file at D:\Data Analyst\Python\sales_project\dbt_project.yml
[0m14:17:28.389197 [info ] [MainThread]: adapter type: postgres
[0m14:17:28.390252 [info ] [MainThread]: adapter version: 1.10.1
[0m14:17:28.654942 [info ] [MainThread]: Configuration:
[0m14:17:28.656145 [info ] [MainThread]:   profiles.yml file [[32mOK found and valid[0m]
[0m14:17:28.657129 [info ] [MainThread]:   dbt_project.yml file [[32mOK found and valid[0m]
[0m14:17:28.658200 [info ] [MainThread]: Required dependencies:
[0m14:17:28.659152 [debug] [MainThread]: Executing "git --help"
[0m14:17:28.699890 [debug] [MainThread]: STDOUT: "b"usage: git [-v | --version] [-h | --help] [-C <path>] [-c <name>=<value>]\n           [--exec-path[=<path>]] [--html-path] [--man-path] [--info-path]\n           [-p | --paginate | -P | --no-pager] [--no-replace-objects] [--no-lazy-fetch]\n           [--no-optional-locks] [--no-advice] [--bare] [--git-dir=<path>]\n           [--work-tree=<path>] [--namespace=<name>] [--config-env=<name>=<envvar>]\n           <command> [<args>]\n\nThese are common Git commands used in various situations:\n\nstart a working area (see also: git help tutorial)\n   clone      Clone a repository into a new directory\n   init       Create an empty Git repository or reinitialize an existing one\n\nwork on the current change (see also: git help everyday)\n   add        Add file contents to the index\n   mv         Move or rename a file, a directory, or a symlink\n   restore    Restore working tree files\n   rm         Remove files from the working tree and from the index\n\nexamine the history and state (see also: git help revisions)\n   bisect     Use binary search to find the commit that introduced a bug\n   diff       Show changes between commits, commit and working tree, etc\n   grep       Print lines matching a pattern\n   log        Show commit logs\n   show       Show various types of objects\n   status     Show the working tree status\n\ngrow, mark and tweak your common history\n   backfill   Download missing objects in a partial clone\n   branch     List, create, or delete branches\n   commit     Record changes to the repository\n   history    EXPERIMENTAL: Rewrite history\n   merge      Join two or more development histories together\n   rebase     Reapply commits on top of another base tip\n   reset      Set `HEAD` or the index to a known state\n   switch     Switch branches\n   tag        Create, list, delete or verify tags\n\ncollaborate (see also: git help workflows)\n   fetch      Download objects and refs from another repository\n   pull       Fetch from and integrate with another repository or a local branch\n   push       Update remote refs along with associated objects\n\n'git help -a' and 'git help -g' list available subcommands and some\nconcept guides. See 'git help <command>' or 'git help <concept>'\nto read about a specific subcommand or concept.\nSee 'git help git' for an overview of the system.\n""
[0m14:17:28.700991 [debug] [MainThread]: STDERR: "b''"
[0m14:17:28.701719 [info ] [MainThread]:  - git [[32mOK found[0m]

[0m14:17:28.702652 [info ] [MainThread]: Connection:
[0m14:17:28.703668 [info ] [MainThread]:   host: localhost
[0m14:17:28.704586 [info ] [MainThread]:   port: 5432
[0m14:17:28.705524 [info ] [MainThread]:   user: postgres
[0m14:17:28.706438 [info ] [MainThread]:   database: sales_db
[0m14:17:28.708579 [info ] [MainThread]:   schema: public
[0m14:17:28.711088 [info ] [MainThread]:   connect_timeout: 10
[0m14:17:28.713518 [info ] [MainThread]:   role: None
[0m14:17:28.714596 [info ] [MainThread]:   search_path: None
[0m14:17:28.715555 [info ] [MainThread]:   keepalives_idle: 0
[0m14:17:28.717686 [info ] [MainThread]:   sslmode: None
[0m14:17:28.718592 [info ] [MainThread]:   sslcert: None
[0m14:17:28.719532 [info ] [MainThread]:   sslkey: None
[0m14:17:28.720374 [info ] [MainThread]:   sslrootcert: None
[0m14:17:28.721258 [info ] [MainThread]:   application_name: dbt
[0m14:17:28.722487 [info ] [MainThread]:   retries: 1
[0m14:17:28.725170 [info ] [MainThread]: Registered adapter: postgres=1.10.1
[0m14:17:29.196847 [debug] [MainThread]: Acquiring new postgres connection 'debug'
[0m14:17:29.567751 [debug] [MainThread]: Using postgres connection "debug"
[0m14:17:29.568602 [debug] [MainThread]: On debug: select 1 as id
[0m14:17:29.569295 [debug] [MainThread]: Opening a new connection, currently in state init
[0m14:17:29.637965 [debug] [MainThread]: SQL status: SELECT 1 in 0.069 seconds
[0m14:17:29.639982 [debug] [MainThread]: On debug: Close
[0m14:17:29.640806 [info ] [MainThread]:   Connection test: [[32mOK connection ok[0m]

[0m14:17:29.642416 [info ] [MainThread]: [32mAll checks passed![0m
[0m14:17:29.645319 [debug] [MainThread]: Command `dbt debug` succeeded at 14:17:29.644991 after 1.72 seconds
[0m14:17:29.646138 [debug] [MainThread]: Connection 'debug' was properly closed.
[0m14:17:29.646987 [debug] [MainThread]: Sending event: {'category': 'dbt', 'action': 'invocation', 'label': 'end', 'context': [<snowplow_tracker.self_describing_json.SelfDescribingJson object at 0x00000210157B2190>, <snowplow_tracker.self_describing_json.SelfDescribingJson object at 0x000002101581A0F0>, <snowplow_tracker.self_describing_json.SelfDescribingJson object at 0x000002101573F790>]}
[0m14:17:29.647874 [debug] [MainThread]: Flushing usage events
[0m14:17:29.654037 [debug] [MainThread]: An error was encountered while trying to flush usage events
[0m06:58:49.459465 [debug] [MainThread]: Sending event: {'category': 'dbt', 'action': 'invocation', 'label': 'start', 'context': [<snowplow_tracker.self_describing_json.SelfDescribingJson object at 0x000001EF8FBEF8C0>, <snowplow_tracker.self_describing_json.SelfDescribingJson object at 0x000001EF92203D90>, <snowplow_tracker.self_describing_json.SelfDescribingJson object at 0x000001EF92203B10>]}


============================== 06:58:49.618122 | 85b16e02-d1fe-408d-87ae-a8f23098529f ==============================
[0m06:58:49.618122 [info ] [MainThread]: Running with dbt=1.12.0-b3
[0m06:58:49.620621 [debug] [MainThread]: running dbt with arguments {'maximum_seed_size_mib': '1', 'no_print': 'None', 'version_check': 'True', 'target_path': 'None', 'static_parser': 'True', 'warn_error_options': 'WarnErrorOptionsV2(error=[], warn=[], silence=[])', 'printer_width': '80', 'write_json': 'True', 'introspect': 'True', 'log_cache_events': 'False', 'empty': 'None', 'cache_selected_only': 'False', 'log_format': 'default', 'debug': 'False', 'fail_fast': 'False', 'profiles_dir': 'C:\\Users\\Toranj\\.dbt', 'send_anonymous_usage_stats': 'True', 'quiet': 'False', 'warn_error': 'None', 'partial_parse': 'True', 'invocation_command': 'dbt debug', 'indirect_selection': 'eager', 'use_colors': 'True', 'use_experimental_parser': 'False', 'log_path': 'D:\\Data Analyst\\Python\\sales_project\\logs'}
[0m06:58:50.203622 [info ] [MainThread]: dbt version: 1.12.0-b3
[0m06:58:50.204722 [info ] [MainThread]: python version: 3.13.9
[0m06:58:50.207446 [info ] [MainThread]: python path: C:\Users\Toranj\anaconda3\python.exe
[0m06:58:50.209382 [info ] [MainThread]: os info: Windows-10-10.0.19044-SP0
[0m06:58:51.401254 [info ] [MainThread]: Using profiles dir at C:\Users\Toranj\.dbt
[0m06:58:51.402674 [info ] [MainThread]: Using profiles.yml file at C:\Users\Toranj\.dbt\profiles.yml
[0m06:58:51.403743 [info ] [MainThread]: Using dbt_project.yml file at D:\Data Analyst\Python\sales_project\dbt_project.yml
[0m06:58:51.406562 [info ] [MainThread]: adapter type: postgres
[0m06:58:51.407810 [info ] [MainThread]: adapter version: 1.10.1
[0m06:58:51.756150 [info ] [MainThread]: Configuration:
[0m06:58:51.757389 [info ] [MainThread]:   profiles.yml file [[32mOK found and valid[0m]
[0m06:58:51.758433 [info ] [MainThread]:   dbt_project.yml file [[32mOK found and valid[0m]
[0m06:58:51.759435 [info ] [MainThread]: Required dependencies:
[0m06:58:51.760482 [debug] [MainThread]: Executing "git --help"
[0m06:58:52.076223 [debug] [MainThread]: STDOUT: "b"usage: git [-v | --version] [-h | --help] [-C <path>] [-c <name>=<value>]\n           [--exec-path[=<path>]] [--html-path] [--man-path] [--info-path]\n           [-p | --paginate | -P | --no-pager] [--no-replace-objects] [--no-lazy-fetch]\n           [--no-optional-locks] [--no-advice] [--bare] [--git-dir=<path>]\n           [--work-tree=<path>] [--namespace=<name>] [--config-env=<name>=<envvar>]\n           <command> [<args>]\n\nThese are common Git commands used in various situations:\n\nstart a working area (see also: git help tutorial)\n   clone      Clone a repository into a new directory\n   init       Create an empty Git repository or reinitialize an existing one\n\nwork on the current change (see also: git help everyday)\n   add        Add file contents to the index\n   mv         Move or rename a file, a directory, or a symlink\n   restore    Restore working tree files\n   rm         Remove files from the working tree and from the index\n\nexamine the history and state (see also: git help revisions)\n   bisect     Use binary search to find the commit that introduced a bug\n   diff       Show changes between commits, commit and working tree, etc\n   grep       Print lines matching a pattern\n   log        Show commit logs\n   show       Show various types of objects\n   status     Show the working tree status\n\ngrow, mark and tweak your common history\n   backfill   Download missing objects in a partial clone\n   branch     List, create, or delete branches\n   commit     Record changes to the repository\n   history    EXPERIMENTAL: Rewrite history\n   merge      Join two or more development histories together\n   rebase     Reapply commits on top of another base tip\n   reset      Set `HEAD` or the index to a known state\n   switch     Switch branches\n   tag        Create, list, delete or verify tags\n\ncollaborate (see also: git help workflows)\n   fetch      Download objects and refs from another repository\n   pull       Fetch from and integrate with another repository or a local branch\n   push       Update remote refs along with associated objects\n\n'git help -a' and 'git help -g' list available subcommands and some\nconcept guides. See 'git help <command>' or 'git help <concept>'\nto read about a specific subcommand or concept.\nSee 'git help git' for an overview of the system.\n""
[0m06:58:52.077307 [debug] [MainThread]: STDERR: "b''"
[0m06:58:52.078094 [info ] [MainThread]:  - git [[32mOK found[0m]

[0m06:58:52.079211 [info ] [MainThread]: Connection:
[0m06:58:52.080325 [info ] [MainThread]:   host: localhost
[0m06:58:52.081494 [info ] [MainThread]:   port: 5432
[0m06:58:52.082556 [info ] [MainThread]:   user: postgres
[0m06:58:52.083932 [info ] [MainThread]:   database: sales_db
[0m06:58:52.090555 [info ] [MainThread]:   schema: public
[0m06:58:52.099285 [info ] [MainThread]:   connect_timeout: 10
[0m06:58:52.109349 [info ] [MainThread]:   role: None
[0m06:58:52.113966 [info ] [MainThread]:   search_path: None
[0m06:58:52.127118 [info ] [MainThread]:   keepalives_idle: 0
[0m06:58:52.128659 [info ] [MainThread]:   sslmode: None
[0m06:58:52.130026 [info ] [MainThread]:   sslcert: None
[0m06:58:52.131812 [info ] [MainThread]:   sslkey: None
[0m06:58:52.135920 [info ] [MainThread]:   sslrootcert: None
[0m06:58:52.139126 [info ] [MainThread]:   application_name: dbt
[0m06:58:52.143226 [info ] [MainThread]:   retries: 1
[0m06:58:52.210061 [info ] [MainThread]: Registered adapter: postgres=1.10.1
[0m06:58:53.370807 [debug] [MainThread]: Acquiring new postgres connection 'debug'
[0m06:58:56.132796 [debug] [MainThread]: Using postgres connection "debug"
[0m06:58:56.133647 [debug] [MainThread]: On debug: select 1 as id
[0m06:58:56.134330 [debug] [MainThread]: Opening a new connection, currently in state init
[0m06:58:57.203239 [debug] [MainThread]: SQL status: SELECT 1 in 1.069 seconds
[0m06:58:57.205264 [debug] [MainThread]: On debug: Close
[0m06:58:57.206188 [info ] [MainThread]:   Connection test: [[32mOK connection ok[0m]

[0m06:58:57.242482 [info ] [MainThread]: [32mAll checks passed![0m
[0m06:58:57.245362 [debug] [MainThread]: Command `dbt debug` succeeded at 06:58:57.245048 after 8.09 seconds
[0m06:58:57.246198 [debug] [MainThread]: Connection 'debug' was properly closed.
[0m06:58:57.247033 [debug] [MainThread]: Sending event: {'category': 'dbt', 'action': 'invocation', 'label': 'end', 'context': [<snowplow_tracker.self_describing_json.SelfDescribingJson object at 0x000001EF92522190>, <snowplow_tracker.self_describing_json.SelfDescribingJson object at 0x000001EF9258A0F0>, <snowplow_tracker.self_describing_json.SelfDescribingJson object at 0x000001EF924AF790>]}
[0m06:58:57.248044 [debug] [MainThread]: Flushing usage events
[0m06:58:57.301414 [debug] [MainThread]: An error was encountered while trying to flush usage events
[0m06:59:55.160721 [debug] [MainThread]: Sending event: {'category': 'dbt', 'action': 'invocation', 'label': 'start', 'context': [<snowplow_tracker.self_describing_json.SelfDescribingJson object at 0x000001B1FFE23620>, <snowplow_tracker.self_describing_json.SelfDescribingJson object at 0x000001B18342FD90>, <snowplow_tracker.self_describing_json.SelfDescribingJson object at 0x000001B18342F9D0>]}


============================== 06:59:55.171242 | 16c53fc3-4cf8-46f4-a281-dd3d222481ec ==============================
[0m06:59:55.171242 [info ] [MainThread]: Running with dbt=1.12.0-b3
[0m06:59:55.172560 [debug] [MainThread]: running dbt with arguments {'maximum_seed_size_mib': '1', 'no_print': 'None', 'version_check': 'True', 'target_path': 'None', 'warn_error_options': 'WarnErrorOptionsV2(error=[], warn=[], silence=[])', 'static_parser': 'True', 'printer_width': '80', 'write_json': 'True', 'introspect': 'True', 'log_cache_events': 'False', 'empty': 'None', 'cache_selected_only': 'False', 'fail_fast': 'False', 'debug': 'False', 'log_format': 'default', 'profiles_dir': 'C:\\Users\\Toranj\\.dbt', 'send_anonymous_usage_stats': 'True', 'quiet': 'False', 'warn_error': 'None', 'partial_parse': 'True', 'indirect_selection': 'eager', 'invocation_command': 'dbt ', 'use_colors': 'True', 'use_experimental_parser': 'False', 'log_path': 'd:\\Data Analyst\\Python\\sales_project\\logs'}
[0m06:59:55.752743 [debug] [MainThread]: Sending event: {'category': 'dbt', 'action': 'project_id', 'label': '16c53fc3-4cf8-46f4-a281-dd3d222481ec', 'context': [<snowplow_tracker.self_describing_json.SelfDescribingJson object at 0x000001B1813975C0>]}
[0m06:59:56.054493 [info ] [MainThread]: Warning: No packages were found in packages.yml
[0m06:59:56.057902 [info ] [MainThread]: Warning: No packages were found in packages.yml
[0m06:59:56.061517 [debug] [MainThread]: Command `cli deps` succeeded at 06:59:56.061160 after 1.23 seconds
[0m06:59:56.062349 [debug] [MainThread]: Sending event: {'category': 'dbt', 'action': 'invocation', 'label': 'end', 'context': [<snowplow_tracker.self_describing_json.SelfDescribingJson object at 0x000001B1FF5727A0>, <snowplow_tracker.self_describing_json.SelfDescribingJson object at 0x000001B183623130>, <snowplow_tracker.self_describing_json.SelfDescribingJson object at 0x000001B18328D150>]}
[0m06:59:56.063135 [debug] [MainThread]: Flushing usage events
[0m06:59:56.076414 [debug] [MainThread]: An error was encountered while trying to flush usage events
[0m07:00:21.725229 [debug] [MainThread]: Sending event: {'category': 'dbt', 'action': 'invocation', 'label': 'start', 'context': [<snowplow_tracker.self_describing_json.SelfDescribingJson object at 0x000002908CF0F8C0>, <snowplow_tracker.self_describing_json.SelfDescribingJson object at 0x000002908F58BD90>, <snowplow_tracker.self_describing_json.SelfDescribingJson object at 0x000002908F58B9D0>]}


============================== 07:00:21.735501 | 0dcc547d-7d3b-4c5c-9200-592a98cad75f ==============================
[0m07:00:21.735501 [info ] [MainThread]: Running with dbt=1.12.0-b3
[0m07:00:21.737009 [debug] [MainThread]: running dbt with arguments {'maximum_seed_size_mib': '1', 'no_print': 'None', 'version_check': 'True', 'target_path': 'None', 'warn_error_options': 'WarnErrorOptionsV2(error=[], warn=[], silence=[])', 'static_parser': 'True', 'printer_width': '80', 'write_json': 'True', 'introspect': 'True', 'log_cache_events': 'False', 'empty': 'False', 'cache_selected_only': 'False', 'log_format': 'default', 'debug': 'False', 'fail_fast': 'False', 'partial_parse': 'True', 'send_anonymous_usage_stats': 'True', 'quiet': 'False', 'warn_error': 'None', 'profiles_dir': 'C:\\Users\\Toranj\\.dbt', 'use_colors': 'True', 'indirect_selection': 'eager', 'invocation_command': 'dbt run', 'use_experimental_parser': 'False', 'log_path': 'D:\\Data Analyst\\Python\\sales_project\\logs'}
[0m07:00:22.418359 [debug] [MainThread]: Sending event: {'category': 'dbt', 'action': 'project_id', 'label': '0dcc547d-7d3b-4c5c-9200-592a98cad75f', 'context': [<snowplow_tracker.self_describing_json.SelfDescribingJson object at 0x000002908D48F6F0>]}
[0m07:00:22.622077 [debug] [MainThread]: Sending event: {'category': 'dbt', 'action': 'adapter_info', 'label': '0dcc547d-7d3b-4c5c-9200-592a98cad75f', 'context': [<snowplow_tracker.self_describing_json.SelfDescribingJson object at 0x000002908F387680>]}
[0m07:00:22.625019 [info ] [MainThread]: Registered adapter: postgres=1.10.1
[0m07:00:23.202402 [debug] [MainThread]: checksum: 1422b360ba387c4a32c0f6c7d0628301536a3df5895ffefc77e86256980727b7, vars: {}, profile: sales_project, target: dev, version: 1.12.0b3
[0m07:00:23.720920 [debug] [MainThread]: Partial parsing enabled: 0 files deleted, 0 files added, 0 files changed.
[0m07:00:23.721788 [debug] [MainThread]: Nothing changed, skipping partial parsing.
[0m07:00:23.722424 [debug] [MainThread]: Partial parsing enabled, no changes found, skipping parsing
[0m07:00:23.723638 [warn ] [MainThread]: [[33mWARNING[0m]: Configuration paths exist in your dbt_project.yml file which do not apply to any resources.
There are 1 unused configuration paths:
- models.sales_project
[0m07:00:23.739612 [debug] [MainThread]: Sending event: {'category': 'dbt', 'action': 'load_project', 'label': '0dcc547d-7d3b-4c5c-9200-592a98cad75f', 'context': [<snowplow_tracker.self_describing_json.SelfDescribingJson object at 0x000002908FBDC850>]}
[0m07:00:23.911517 [debug] [MainThread]: Wrote artifact WritableManifest to D:\Data Analyst\Python\sales_project\target\manifest.json
[0m07:00:23.994846 [debug] [MainThread]: Wrote artifact SemanticManifest to D:\Data Analyst\Python\sales_project\target\semantic_manifest.json
[0m07:00:24.685188 [debug] [MainThread]: Wrote artifact OsiDocument to D:\Data Analyst\Python\sales_project\target\osi_document.json
[0m07:00:24.902705 [debug] [MainThread]: Sending event: {'category': 'dbt', 'action': 'resource_counts', 'label': '0dcc547d-7d3b-4c5c-9200-592a98cad75f', 'context': [<snowplow_tracker.self_describing_json.SelfDescribingJson object at 0x000002908FABE7B0>]}
[0m07:00:24.904355 [info ] [MainThread]: Found 475 macros
[0m07:00:24.906005 [debug] [MainThread]: Sending event: {'category': 'dbt', 'action': 'runnable_timing', 'label': '0dcc547d-7d3b-4c5c-9200-592a98cad75f', 'context': [<snowplow_tracker.self_describing_json.SelfDescribingJson object at 0x000002908FC08750>]}
[0m07:00:24.910525 [warn ] [MainThread]: [[33mWARNING[0m]: Nothing to do. Try checking your model configs and model specification args
[0m07:00:24.919473 [debug] [MainThread]: Command end result
[0m07:00:25.006664 [debug] [MainThread]: Wrote artifact WritableManifest to D:\Data Analyst\Python\sales_project\target\manifest.json
[0m07:00:25.017428 [debug] [MainThread]: Wrote artifact SemanticManifest to D:\Data Analyst\Python\sales_project\target\semantic_manifest.json
[0m07:00:25.025976 [debug] [MainThread]: Wrote artifact OsiDocument to D:\Data Analyst\Python\sales_project\target\osi_document.json
[0m07:00:25.052890 [debug] [MainThread]: Wrote artifact RunExecutionResult to D:\Data Analyst\Python\sales_project\target\run_results.json
[0m07:00:25.055041 [debug] [MainThread]: Command `dbt run` succeeded at 07:00:25.054758 after 3.63 seconds
[0m07:00:25.055891 [debug] [MainThread]: Sending event: {'category': 'dbt', 'action': 'invocation', 'label': 'end', 'context': [<snowplow_tracker.self_describing_json.SelfDescribingJson object at 0x000002908FBF3860>, <snowplow_tracker.self_describing_json.SelfDescribingJson object at 0x000002908F3E90D0>, <snowplow_tracker.self_describing_json.SelfDescribingJson object at 0x000002908FA8A450>]}
[0m07:00:25.056703 [debug] [MainThread]: Flushing usage events
[0m07:00:25.066297 [debug] [MainThread]: An error was encountered while trying to flush usage events
[0m07:12:58.355669 [debug] [MainThread]: Sending event: {'category': 'dbt', 'action': 'invocation', 'label': 'start', 'context': [<snowplow_tracker.self_describing_json.SelfDescribingJson object at 0x000002C06F7AF8C0>, <snowplow_tracker.self_describing_json.SelfDescribingJson object at 0x000002C071E1BD90>, <snowplow_tracker.self_describing_json.SelfDescribingJson object at 0x000002C071E1B9D0>]}


============================== 07:12:58.365897 | bbd7c370-bbae-4c70-a135-0e768b544ad6 ==============================
[0m07:12:58.365897 [info ] [MainThread]: Running with dbt=1.12.0-b3
[0m07:12:58.367750 [debug] [MainThread]: running dbt with arguments {'maximum_seed_size_mib': '1', 'no_print': 'None', 'static_parser': 'True', 'warn_error_options': 'WarnErrorOptionsV2(error=[], warn=[], silence=[])', 'target_path': 'None', 'version_check': 'True', 'printer_width': '80', 'write_json': 'True', 'empty': 'False', 'log_cache_events': 'False', 'introspect': 'True', 'cache_selected_only': 'False', 'fail_fast': 'False', 'debug': 'False', 'log_format': 'default', 'partial_parse': 'True', 'send_anonymous_usage_stats': 'True', 'quiet': 'False', 'warn_error': 'None', 'profiles_dir': 'C:\\Users\\Toranj\\.dbt', 'invocation_command': 'dbt run --select stg_customers', 'indirect_selection': 'eager', 'use_colors': 'True', 'use_experimental_parser': 'False', 'log_path': 'D:\\Data Analyst\\Python\\sales_project\\logs'}
[0m07:12:59.030656 [debug] [MainThread]: Sending event: {'category': 'dbt', 'action': 'project_id', 'label': 'bbd7c370-bbae-4c70-a135-0e768b544ad6', 'context': [<snowplow_tracker.self_describing_json.SelfDescribingJson object at 0x000002C06FD336F0>]}
[0m07:12:59.209031 [debug] [MainThread]: Sending event: {'category': 'dbt', 'action': 'adapter_info', 'label': 'bbd7c370-bbae-4c70-a135-0e768b544ad6', 'context': [<snowplow_tracker.self_describing_json.SelfDescribingJson object at 0x000002C071C17680>]}
[0m07:12:59.211875 [info ] [MainThread]: Registered adapter: postgres=1.10.1
[0m07:12:59.765694 [debug] [MainThread]: checksum: 1422b360ba387c4a32c0f6c7d0628301536a3df5895ffefc77e86256980727b7, vars: {}, profile: sales_project, target: dev, version: 1.12.0b3
[0m07:13:00.173961 [debug] [MainThread]: Partial parsing enabled: 0 files deleted, 1 files added, 0 files changed.
[0m07:13:00.175023 [debug] [MainThread]: Partial parsing: added file: sales_project://models\staging\stg_customers.sql
[0m07:13:00.955230 [debug] [MainThread]: Sending event: {'category': 'dbt', 'action': 'load_project', 'label': 'bbd7c370-bbae-4c70-a135-0e768b544ad6', 'context': [<snowplow_tracker.self_describing_json.SelfDescribingJson object at 0x000002C071F11050>]}
[0m07:13:01.136962 [debug] [MainThread]: Wrote artifact WritableManifest to D:\Data Analyst\Python\sales_project\target\manifest.json
[0m07:13:01.146277 [debug] [MainThread]: Wrote artifact SemanticManifest to D:\Data Analyst\Python\sales_project\target\semantic_manifest.json
[0m07:13:01.212499 [debug] [MainThread]: Wrote artifact OsiDocument to D:\Data Analyst\Python\sales_project\target\osi_document.json
[0m07:13:01.247271 [debug] [MainThread]: Sending event: {'category': 'dbt', 'action': 'resource_counts', 'label': 'bbd7c370-bbae-4c70-a135-0e768b544ad6', 'context': [<snowplow_tracker.self_describing_json.SelfDescribingJson object at 0x000002C07241B3E0>]}
[0m07:13:01.250571 [info ] [MainThread]: Found 1 model, 475 macros
[0m07:13:01.257962 [debug] [MainThread]: Sending event: {'category': 'dbt', 'action': 'runnable_timing', 'label': 'bbd7c370-bbae-4c70-a135-0e768b544ad6', 'context': [<snowplow_tracker.self_describing_json.SelfDescribingJson object at 0x000002C0726E9470>]}
[0m07:13:01.260909 [info ] [MainThread]: 
[0m07:13:01.263661 [info ] [MainThread]: Concurrency: 4 threads (target='dev')
[0m07:13:01.278589 [info ] [MainThread]: 
[0m07:13:01.280374 [debug] [MainThread]: Acquiring new postgres connection 'master'
[0m07:13:01.286679 [debug] [ThreadPool]: Acquiring new postgres connection 'list_sales_db'
[0m07:13:01.753416 [debug] [ThreadPool]: Using postgres connection "list_sales_db"
[0m07:13:01.754308 [debug] [ThreadPool]: On list_sales_db: /* {"app": "dbt", "dbt_version": "1.12.0b3", "profile_name": "sales_project", "target_name": "dev", "connection_name": "list_sales_db"} */

    select distinct nspname from pg_namespace
  
[0m07:13:01.755038 [debug] [ThreadPool]: Opening a new connection, currently in state init
[0m07:13:02.077964 [debug] [ThreadPool]: SQL status: SELECT 4 in 0.323 seconds
[0m07:13:02.081692 [debug] [ThreadPool]: On list_sales_db: Close
[0m07:13:02.113835 [debug] [ThreadPool]: Acquiring new postgres connection 'list_sales_db_public'
[0m07:13:02.127465 [debug] [ThreadPool]: Using postgres connection "list_sales_db_public"
[0m07:13:02.128381 [debug] [ThreadPool]: On list_sales_db_public: /* {"app": "dbt", "dbt_version": "1.12.0b3", "profile_name": "sales_project", "target_name": "dev", "connection_name": "list_sales_db_public"} */
select
      'sales_db' as database,
      tablename as name,
      schemaname as schema,
      'table' as type
    from pg_tables
    where schemaname ilike 'public'
    union all
    select
      'sales_db' as database,
      viewname as name,
      schemaname as schema,
      'view' as type
    from pg_views
    where schemaname ilike 'public'
    union all
    select
      'sales_db' as database,
      matviewname as name,
      schemaname as schema,
      'materialized_view' as type
    from pg_matviews
    where schemaname ilike 'public'
  
[0m07:13:02.129129 [debug] [ThreadPool]: Opening a new connection, currently in state init
[0m07:13:02.455473 [debug] [ThreadPool]: SQL status: SELECT 3 in 0.326 seconds
[0m07:13:02.458241 [debug] [ThreadPool]: On list_sales_db_public: ROLLBACK
[0m07:13:02.459156 [debug] [ThreadPool]: On list_sales_db_public: Close
[0m07:13:02.469707 [debug] [MainThread]: Using postgres connection "master"
[0m07:13:02.470787 [debug] [MainThread]: On master: /* {"app": "dbt", "dbt_version": "1.12.0b3", "profile_name": "sales_project", "target_name": "dev", "connection_name": "master"} */
select distinct
        dependent_namespace.nspname as dependent_schema,
        dependent_class.relname as dependent_name,
        referenced_namespace.nspname as referenced_schema,
        referenced_class.relname as referenced_name

    -- Query for views: views are entries in pg_class with an entry in pg_rewrite, but we avoid
    -- a seq scan on pg_rewrite by leveraging the fact there is an "internal" row in pg_depend for
    -- the view...
    from pg_class as dependent_class
    join pg_namespace as dependent_namespace on dependent_namespace.oid = dependent_class.relnamespace
    join pg_depend as dependent_depend on dependent_depend.refobjid = dependent_class.oid
        and dependent_depend.classid = 'pg_rewrite'::regclass
        and dependent_depend.refclassid = 'pg_class'::regclass
        and dependent_depend.deptype = 'i'

    -- ... and via pg_depend (that has a row per column, hence the need for "distinct" above, and
    -- making sure to exclude the internal row to avoid a view appearing to depend on itself)...
    join pg_depend as joining_depend on joining_depend.objid = dependent_depend.objid
        and joining_depend.classid = 'pg_rewrite'::regclass
        and joining_depend.refclassid = 'pg_class'::regclass
        and joining_depend.refobjid != dependent_depend.refobjid

    -- ... we can find the tables they query from in pg_class, but excluding system tables. Note we
    -- don't need need to exclude _dependent_ system tables, because they only query from other
    -- system tables, and so are automatically excluded by excluding _referenced_ system tables
    join pg_class as referenced_class on referenced_class.oid = joining_depend.refobjid
    join pg_namespace as referenced_namespace on referenced_namespace.oid = referenced_class.relnamespace
        and referenced_namespace.nspname != 'information_schema'
        and referenced_namespace.nspname not like 'pg\_%'

    order by
        dependent_schema, dependent_name, referenced_schema, referenced_name;
[0m07:13:02.471786 [debug] [MainThread]: Opening a new connection, currently in state init
[0m07:13:02.730606 [debug] [MainThread]: SQL status: SELECT 0 in 0.259 seconds
[0m07:13:02.733516 [debug] [MainThread]: Sending event: {'category': 'dbt', 'action': 'runnable_timing', 'label': 'bbd7c370-bbae-4c70-a135-0e768b544ad6', 'context': [<snowplow_tracker.self_describing_json.SelfDescribingJson object at 0x000002C072675710>]}
[0m07:13:02.734477 [debug] [MainThread]: On master: ROLLBACK
[0m07:13:02.735386 [debug] [MainThread]: On master: COMMIT
[0m07:13:02.736100 [debug] [MainThread]: Using postgres connection "master"
[0m07:13:02.736781 [debug] [MainThread]: On master: COMMIT
[0m07:13:02.737647 [debug] [MainThread]: SQL status: COMMIT in 0.000 seconds
[0m07:13:02.738349 [debug] [MainThread]: On master: Close
[0m07:13:02.803778 [debug] [Thread-1 (]: Began running node model.sales_project.stg_customers
[0m07:13:02.805028 [info ] [Thread-1 (]: 1 of 1 START sql table model public.stg_customers .............................. [RUN]
[0m07:13:02.806972 [debug] [Thread-1 (]: Acquiring new postgres connection 'model.sales_project.stg_customers'
[0m07:13:02.807975 [debug] [Thread-1 (]: Began compiling node model.sales_project.stg_customers
[0m07:13:02.824535 [debug] [Thread-1 (]: Writing injected SQL for node "model.sales_project.stg_customers"
[0m07:13:02.853546 [debug] [Thread-1 (]: Began executing node model.sales_project.stg_customers
[0m07:13:02.970052 [debug] [Thread-1 (]: Writing runtime sql for node "model.sales_project.stg_customers"
[0m07:13:02.973304 [debug] [Thread-1 (]: Using postgres connection "model.sales_project.stg_customers"
[0m07:13:02.974322 [debug] [Thread-1 (]: On model.sales_project.stg_customers: /* {"app": "dbt", "dbt_version": "1.12.0b3", "profile_name": "sales_project", "target_name": "dev", "node_id": "model.sales_project.stg_customers"} */

  
    

  create  table "sales_db"."public"."stg_customers__dbt_tmp"
  
  
    as
  
  (
    SELECT
    customer_id,
    city,
    gender,
    age
FROM customers
  );
  
[0m07:13:02.975199 [debug] [Thread-1 (]: Opening a new connection, currently in state init
[0m07:13:03.621829 [debug] [Thread-1 (]: SQL status: SELECT 601 in 0.647 seconds
[0m07:13:03.644310 [debug] [Thread-1 (]: Using postgres connection "model.sales_project.stg_customers"
[0m07:13:03.645356 [debug] [Thread-1 (]: On model.sales_project.stg_customers: /* {"app": "dbt", "dbt_version": "1.12.0b3", "profile_name": "sales_project", "target_name": "dev", "node_id": "model.sales_project.stg_customers"} */
alter table "sales_db"."public"."stg_customers__dbt_tmp" rename to "stg_customers"
[0m07:13:03.665890 [debug] [Thread-1 (]: SQL status: ALTER TABLE in 0.019 seconds
[0m07:13:03.708321 [debug] [Thread-1 (]: On model.sales_project.stg_customers: COMMIT
[0m07:13:03.709367 [debug] [Thread-1 (]: Using postgres connection "model.sales_project.stg_customers"
[0m07:13:03.710215 [debug] [Thread-1 (]: On model.sales_project.stg_customers: COMMIT
[0m07:13:03.712752 [debug] [Thread-1 (]: SQL status: COMMIT in 0.002 seconds
[0m07:13:03.727580 [debug] [Thread-1 (]: Applying DROP to: "sales_db"."public"."stg_customers__dbt_backup"
[0m07:13:03.740122 [debug] [Thread-1 (]: Using postgres connection "model.sales_project.stg_customers"
[0m07:13:03.741136 [debug] [Thread-1 (]: On model.sales_project.stg_customers: /* {"app": "dbt", "dbt_version": "1.12.0b3", "profile_name": "sales_project", "target_name": "dev", "node_id": "model.sales_project.stg_customers"} */
drop table if exists "sales_db"."public"."stg_customers__dbt_backup" cascade
[0m07:13:03.743142 [debug] [Thread-1 (]: SQL status: DROP TABLE in 0.001 seconds
[0m07:13:03.748890 [debug] [Thread-1 (]: On model.sales_project.stg_customers: Close
[0m07:13:03.754271 [debug] [Thread-1 (]: Sending event: {'category': 'dbt', 'action': 'run_model', 'label': 'bbd7c370-bbae-4c70-a135-0e768b544ad6', 'context': [<snowplow_tracker.self_describing_json.SelfDescribingJson object at 0x000002C0728ED910>]}
[0m07:13:03.755792 [info ] [Thread-1 (]: 1 of 1 OK created sql table model public.stg_customers ......................... [[32mSELECT 601[0m in 0.94s]
[0m07:13:03.758915 [debug] [Thread-1 (]: Finished running node model.sales_project.stg_customers
[0m07:13:03.761282 [debug] [MainThread]: On master: COMMIT
[0m07:13:03.762088 [debug] [MainThread]: Using postgres connection "master"
[0m07:13:03.762779 [debug] [MainThread]: On master: COMMIT
[0m07:13:03.763446 [debug] [MainThread]: Opening a new connection, currently in state closed
[0m07:13:03.842693 [debug] [MainThread]: SQL status: COMMIT in 0.079 seconds
[0m07:13:03.843651 [debug] [MainThread]: On master: Close
[0m07:13:03.844613 [debug] [MainThread]: Connection 'master' was properly closed.
[0m07:13:03.845282 [debug] [MainThread]: Connection 'list_sales_db' was properly closed.
[0m07:13:03.845918 [debug] [MainThread]: Connection 'list_sales_db_public' was properly closed.
[0m07:13:03.846552 [debug] [MainThread]: Connection 'model.sales_project.stg_customers' was properly closed.
[0m07:13:03.847268 [info ] [MainThread]: 
[0m07:13:03.850858 [info ] [MainThread]: Finished running 1 table model in 0 hours 0 minutes and 2.57 seconds (2.57s).
[0m07:13:03.855679 [debug] [MainThread]: Command end result
[0m07:13:03.936998 [debug] [MainThread]: Wrote artifact WritableManifest to D:\Data Analyst\Python\sales_project\target\manifest.json
[0m07:13:03.945705 [debug] [MainThread]: Wrote artifact SemanticManifest to D:\Data Analyst\Python\sales_project\target\semantic_manifest.json
[0m07:13:03.955070 [debug] [MainThread]: Wrote artifact OsiDocument to D:\Data Analyst\Python\sales_project\target\osi_document.json
[0m07:13:03.974271 [debug] [MainThread]: Wrote artifact RunExecutionResult to D:\Data Analyst\Python\sales_project\target\run_results.json
[0m07:13:03.975127 [info ] [MainThread]: 
[0m07:13:03.976779 [info ] [MainThread]: [32mCompleted successfully[0m
[0m07:13:03.978333 [info ] [MainThread]: 
[0m07:13:03.979948 [info ] [MainThread]: Done. PASS=1 WARN=0 ERROR=0 SKIP=0 NO-OP=0 REUSED=0 TOTAL=1
[0m07:13:03.985783 [debug] [MainThread]: Command `dbt run` succeeded at 07:13:03.985453 after 5.95 seconds
[0m07:13:03.986710 [debug] [MainThread]: Sending event: {'category': 'dbt', 'action': 'invocation', 'label': 'end', 'context': [<snowplow_tracker.self_describing_json.SelfDescribingJson object at 0x000002C0723CB070>, <snowplow_tracker.self_describing_json.SelfDescribingJson object at 0x000002C07270A490>, <snowplow_tracker.self_describing_json.SelfDescribingJson object at 0x000002C07270A170>]}
[0m07:13:03.987549 [debug] [MainThread]: Flushing usage events
[0m07:13:04.005286 [debug] [MainThread]: An error was encountered while trying to flush usage events
[0m07:14:09.339767 [debug] [MainThread]: Sending event: {'category': 'dbt', 'action': 'invocation', 'label': 'start', 'context': [<snowplow_tracker.self_describing_json.SelfDescribingJson object at 0x0000017E7D677A10>, <snowplow_tracker.self_describing_json.SelfDescribingJson object at 0x0000017E7FCA7D90>, <snowplow_tracker.self_describing_json.SelfDescribingJson object at 0x0000017E7FCA7890>]}


============================== 07:14:09.349402 | 13b60a0b-8210-4c05-bd64-26c06172ec0a ==============================
[0m07:14:09.349402 [info ] [MainThread]: Running with dbt=1.12.0-b3
[0m07:14:09.350835 [debug] [MainThread]: running dbt with arguments {'static_parser': 'True', 'no_print': 'None', 'maximum_seed_size_mib': '1', 'warn_error_options': 'WarnErrorOptionsV2(error=[], warn=[], silence=[])', 'target_path': 'None', 'version_check': 'True', 'printer_width': '80', 'write_json': 'True', 'empty': 'None', 'log_cache_events': 'False', 'introspect': 'True', 'cache_selected_only': 'False', 'fail_fast': 'False', 'debug': 'False', 'log_format': 'default', 'partial_parse': 'True', 'send_anonymous_usage_stats': 'True', 'quiet': 'False', 'warn_error': 'None', 'profiles_dir': 'C:\\Users\\Toranj\\.dbt', 'invocation_command': 'dbt list', 'indirect_selection': 'eager', 'use_colors': 'True', 'use_experimental_parser': 'False', 'log_path': 'D:\\Data Analyst\\Python\\sales_project\\logs'}
[0m07:14:09.972039 [debug] [MainThread]: Sending event: {'category': 'dbt', 'action': 'project_id', 'label': '13b60a0b-8210-4c05-bd64-26c06172ec0a', 'context': [<snowplow_tracker.self_describing_json.SelfDescribingJson object at 0x0000017E7DC036F0>]}
[0m07:14:10.138705 [debug] [MainThread]: Sending event: {'category': 'dbt', 'action': 'adapter_info', 'label': '13b60a0b-8210-4c05-bd64-26c06172ec0a', 'context': [<snowplow_tracker.self_describing_json.SelfDescribingJson object at 0x0000017E7FAF59D0>]}
[0m07:14:10.141490 [info ] [MainThread]: Registered adapter: postgres=1.10.1
[0m07:14:10.635197 [debug] [MainThread]: checksum: 1422b360ba387c4a32c0f6c7d0628301536a3df5895ffefc77e86256980727b7, vars: {}, profile: sales_project, target: dev, version: 1.12.0b3
[0m07:14:11.076998 [debug] [MainThread]: Partial parsing enabled: 0 files deleted, 0 files added, 0 files changed.
[0m07:14:11.077832 [debug] [MainThread]: Nothing changed, skipping partial parsing.
[0m07:14:11.078479 [debug] [MainThread]: Partial parsing enabled, no changes found, skipping parsing
[0m07:14:11.147931 [debug] [MainThread]: Sending event: {'category': 'dbt', 'action': 'load_project', 'label': '13b60a0b-8210-4c05-bd64-26c06172ec0a', 'context': [<snowplow_tracker.self_describing_json.SelfDescribingJson object at 0x0000017E7FAFFB50>]}
[0m07:14:11.332178 [debug] [MainThread]: Wrote artifact WritableManifest to D:\Data Analyst\Python\sales_project\target\manifest.json
[0m07:14:11.340978 [debug] [MainThread]: Wrote artifact SemanticManifest to D:\Data Analyst\Python\sales_project\target\semantic_manifest.json
[0m07:14:11.398615 [debug] [MainThread]: Wrote artifact OsiDocument to D:\Data Analyst\Python\sales_project\target\osi_document.json
[0m07:14:11.468601 [debug] [MainThread]: Sending event: {'category': 'dbt', 'action': 'runnable_timing', 'label': '13b60a0b-8210-4c05-bd64-26c06172ec0a', 'context': [<snowplow_tracker.self_describing_json.SelfDescribingJson object at 0x0000017E004D1040>]}
[0m07:14:11.470401 [info ] [MainThread]: sales_project.staging.stg_customers
[0m07:14:11.472668 [debug] [MainThread]: Command `dbt list` succeeded at 07:14:11.472334 after 2.41 seconds
[0m07:14:11.473616 [debug] [MainThread]: Sending event: {'category': 'dbt', 'action': 'invocation', 'label': 'end', 'context': [<snowplow_tracker.self_describing_json.SelfDescribingJson object at 0x0000017E7FC7FE70>, <snowplow_tracker.self_describing_json.SelfDescribingJson object at 0x0000017E001AC830>, <snowplow_tracker.self_describing_json.SelfDescribingJson object at 0x0000017E004FF930>]}
[0m07:14:11.474522 [debug] [MainThread]: Flushing usage events
[0m07:14:11.484298 [debug] [MainThread]: An error was encountered while trying to flush usage events
[0m07:18:14.206778 [debug] [MainThread]: Sending event: {'category': 'dbt', 'action': 'invocation', 'label': 'start', 'context': [<snowplow_tracker.self_describing_json.SelfDescribingJson object at 0x0000022BD51BF8C0>, <snowplow_tracker.self_describing_json.SelfDescribingJson object at 0x0000022BD783BD90>, <snowplow_tracker.self_describing_json.SelfDescribingJson object at 0x0000022BD783B9D0>]}


============================== 07:18:14.216950 | 6003bcde-f424-459f-82df-df00a1bfda2e ==============================
[0m07:18:14.216950 [info ] [MainThread]: Running with dbt=1.12.0-b3
[0m07:18:14.218378 [debug] [MainThread]: running dbt with arguments {'static_parser': 'True', 'no_print': 'None', 'maximum_seed_size_mib': '1', 'warn_error_options': 'WarnErrorOptionsV2(error=[], warn=[], silence=[])', 'version_check': 'True', 'target_path': 'None', 'printer_width': '80', 'write_json': 'True', 'introspect': 'True', 'log_cache_events': 'False', 'empty': 'False', 'cache_selected_only': 'False', 'log_format': 'default', 'debug': 'False', 'fail_fast': 'False', 'partial_parse': 'True', 'send_anonymous_usage_stats': 'True', 'quiet': 'False', 'warn_error': 'None', 'profiles_dir': 'C:\\Users\\Toranj\\.dbt', 'use_colors': 'True', 'indirect_selection': 'eager', 'invocation_command': 'dbt run --select stg_products', 'use_experimental_parser': 'False', 'log_path': 'D:\\Data Analyst\\Python\\sales_project\\logs'}
[0m07:18:14.876717 [debug] [MainThread]: Sending event: {'category': 'dbt', 'action': 'project_id', 'label': '6003bcde-f424-459f-82df-df00a1bfda2e', 'context': [<snowplow_tracker.self_describing_json.SelfDescribingJson object at 0x0000022BD57476F0>]}
[0m07:18:15.059260 [debug] [MainThread]: Sending event: {'category': 'dbt', 'action': 'adapter_info', 'label': '6003bcde-f424-459f-82df-df00a1bfda2e', 'context': [<snowplow_tracker.self_describing_json.SelfDescribingJson object at 0x0000022BD7637680>]}
[0m07:18:15.062639 [info ] [MainThread]: Registered adapter: postgres=1.10.1
[0m07:18:15.578216 [debug] [MainThread]: checksum: 1422b360ba387c4a32c0f6c7d0628301536a3df5895ffefc77e86256980727b7, vars: {}, profile: sales_project, target: dev, version: 1.12.0b3
[0m07:18:16.034218 [debug] [MainThread]: Partial parsing enabled: 0 files deleted, 1 files added, 0 files changed.
[0m07:18:16.035300 [debug] [MainThread]: Partial parsing: added file: sales_project://models\staging\stg_products.sql
[0m07:18:16.760015 [debug] [MainThread]: Sending event: {'category': 'dbt', 'action': 'load_project', 'label': '6003bcde-f424-459f-82df-df00a1bfda2e', 'context': [<snowplow_tracker.self_describing_json.SelfDescribingJson object at 0x0000022BD7930850>]}
[0m07:18:16.933607 [debug] [MainThread]: Wrote artifact WritableManifest to D:\Data Analyst\Python\sales_project\target\manifest.json
[0m07:18:16.943003 [debug] [MainThread]: Wrote artifact SemanticManifest to D:\Data Analyst\Python\sales_project\target\semantic_manifest.json
[0m07:18:17.001102 [debug] [MainThread]: Wrote artifact OsiDocument to D:\Data Analyst\Python\sales_project\target\osi_document.json
[0m07:18:17.027161 [debug] [MainThread]: Sending event: {'category': 'dbt', 'action': 'resource_counts', 'label': '6003bcde-f424-459f-82df-df00a1bfda2e', 'context': [<snowplow_tracker.self_describing_json.SelfDescribingJson object at 0x0000022BD7D9E030>]}
[0m07:18:17.028244 [info ] [MainThread]: Found 2 models, 475 macros
[0m07:18:17.029911 [debug] [MainThread]: Sending event: {'category': 'dbt', 'action': 'runnable_timing', 'label': '6003bcde-f424-459f-82df-df00a1bfda2e', 'context': [<snowplow_tracker.self_describing_json.SelfDescribingJson object at 0x0000022BD7EBA6D0>]}
[0m07:18:17.033240 [info ] [MainThread]: 
[0m07:18:17.034426 [info ] [MainThread]: Concurrency: 4 threads (target='dev')
[0m07:18:17.036150 [info ] [MainThread]: 
[0m07:18:17.037464 [debug] [MainThread]: Acquiring new postgres connection 'master'
[0m07:18:17.039215 [debug] [ThreadPool]: Acquiring new postgres connection 'list_sales_db'
[0m07:18:17.465107 [debug] [ThreadPool]: Using postgres connection "list_sales_db"
[0m07:18:17.465981 [debug] [ThreadPool]: On list_sales_db: /* {"app": "dbt", "dbt_version": "1.12.0b3", "profile_name": "sales_project", "target_name": "dev", "connection_name": "list_sales_db"} */

    select distinct nspname from pg_namespace
  
[0m07:18:17.466684 [debug] [ThreadPool]: Opening a new connection, currently in state init
[0m07:18:17.661192 [debug] [ThreadPool]: SQL status: SELECT 4 in 0.194 seconds
[0m07:18:17.663872 [debug] [ThreadPool]: On list_sales_db: Close
[0m07:18:17.674055 [debug] [ThreadPool]: Acquiring new postgres connection 'list_sales_db_public'
[0m07:18:17.688772 [debug] [ThreadPool]: Using postgres connection "list_sales_db_public"
[0m07:18:17.689690 [debug] [ThreadPool]: On list_sales_db_public: /* {"app": "dbt", "dbt_version": "1.12.0b3", "profile_name": "sales_project", "target_name": "dev", "connection_name": "list_sales_db_public"} */
select
      'sales_db' as database,
      tablename as name,
      schemaname as schema,
      'table' as type
    from pg_tables
    where schemaname ilike 'public'
    union all
    select
      'sales_db' as database,
      viewname as name,
      schemaname as schema,
      'view' as type
    from pg_views
    where schemaname ilike 'public'
    union all
    select
      'sales_db' as database,
      matviewname as name,
      schemaname as schema,
      'materialized_view' as type
    from pg_matviews
    where schemaname ilike 'public'
  
[0m07:18:17.690443 [debug] [ThreadPool]: Opening a new connection, currently in state init
[0m07:18:17.880848 [debug] [ThreadPool]: SQL status: SELECT 4 in 0.190 seconds
[0m07:18:17.883704 [debug] [ThreadPool]: On list_sales_db_public: ROLLBACK
[0m07:18:17.884686 [debug] [ThreadPool]: On list_sales_db_public: Close
[0m07:18:17.897092 [debug] [MainThread]: Using postgres connection "master"
[0m07:18:17.898155 [debug] [MainThread]: On master: /* {"app": "dbt", "dbt_version": "1.12.0b3", "profile_name": "sales_project", "target_name": "dev", "connection_name": "master"} */
select distinct
        dependent_namespace.nspname as dependent_schema,
        dependent_class.relname as dependent_name,
        referenced_namespace.nspname as referenced_schema,
        referenced_class.relname as referenced_name

    -- Query for views: views are entries in pg_class with an entry in pg_rewrite, but we avoid
    -- a seq scan on pg_rewrite by leveraging the fact there is an "internal" row in pg_depend for
    -- the view...
    from pg_class as dependent_class
    join pg_namespace as dependent_namespace on dependent_namespace.oid = dependent_class.relnamespace
    join pg_depend as dependent_depend on dependent_depend.refobjid = dependent_class.oid
        and dependent_depend.classid = 'pg_rewrite'::regclass
        and dependent_depend.refclassid = 'pg_class'::regclass
        and dependent_depend.deptype = 'i'

    -- ... and via pg_depend (that has a row per column, hence the need for "distinct" above, and
    -- making sure to exclude the internal row to avoid a view appearing to depend on itself)...
    join pg_depend as joining_depend on joining_depend.objid = dependent_depend.objid
        and joining_depend.classid = 'pg_rewrite'::regclass
        and joining_depend.refclassid = 'pg_class'::regclass
        and joining_depend.refobjid != dependent_depend.refobjid

    -- ... we can find the tables they query from in pg_class, but excluding system tables. Note we
    -- don't need need to exclude _dependent_ system tables, because they only query from other
    -- system tables, and so are automatically excluded by excluding _referenced_ system tables
    join pg_class as referenced_class on referenced_class.oid = joining_depend.refobjid
    join pg_namespace as referenced_namespace on referenced_namespace.oid = referenced_class.relnamespace
        and referenced_namespace.nspname != 'information_schema'
        and referenced_namespace.nspname not like 'pg\_%'

    order by
        dependent_schema, dependent_name, referenced_schema, referenced_name;
[0m07:18:17.899144 [debug] [MainThread]: Opening a new connection, currently in state init
[0m07:18:18.115216 [debug] [MainThread]: SQL status: SELECT 0 in 0.216 seconds
[0m07:18:18.117736 [debug] [MainThread]: Sending event: {'category': 'dbt', 'action': 'runnable_timing', 'label': '6003bcde-f424-459f-82df-df00a1bfda2e', 'context': [<snowplow_tracker.self_describing_json.SelfDescribingJson object at 0x0000022BD83A0870>]}
[0m07:18:18.118661 [debug] [MainThread]: On master: ROLLBACK
[0m07:18:18.119545 [debug] [MainThread]: On master: COMMIT
[0m07:18:18.120273 [debug] [MainThread]: Using postgres connection "master"
[0m07:18:18.120949 [debug] [MainThread]: On master: COMMIT
[0m07:18:18.121864 [debug] [MainThread]: SQL status: COMMIT in 0.000 seconds
[0m07:18:18.122571 [debug] [MainThread]: On master: Close
[0m07:18:18.133534 [debug] [Thread-1 (]: Began running node model.sales_project.stg_products
[0m07:18:18.134778 [info ] [Thread-1 (]: 1 of 1 START sql table model public.stg_products ............................... [RUN]
[0m07:18:18.136168 [debug] [Thread-1 (]: Acquiring new postgres connection 'model.sales_project.stg_products'
[0m07:18:18.137098 [debug] [Thread-1 (]: Began compiling node model.sales_project.stg_products
[0m07:18:18.154042 [debug] [Thread-1 (]: Writing injected SQL for node "model.sales_project.stg_products"
[0m07:18:18.155809 [debug] [Thread-1 (]: Began executing node model.sales_project.stg_products
[0m07:18:18.275756 [debug] [Thread-1 (]: Writing runtime sql for node "model.sales_project.stg_products"
[0m07:18:18.287995 [debug] [Thread-1 (]: Using postgres connection "model.sales_project.stg_products"
[0m07:18:18.289100 [debug] [Thread-1 (]: On model.sales_project.stg_products: /* {"app": "dbt", "dbt_version": "1.12.0b3", "profile_name": "sales_project", "target_name": "dev", "node_id": "model.sales_project.stg_products"} */

  
    

  create  table "sales_db"."public"."stg_products__dbt_tmp"
  
  
    as
  
  (
    SELECT
    product_id,
    product_name,
    category,
    gender,
    base_price
FROM products
  );
  
[0m07:18:18.290002 [debug] [Thread-1 (]: Opening a new connection, currently in state init
[0m07:18:18.434608 [debug] [Thread-1 (]: SQL status: SELECT 138 in 0.144 seconds
[0m07:18:18.456427 [debug] [Thread-1 (]: Using postgres connection "model.sales_project.stg_products"
[0m07:18:18.457434 [debug] [Thread-1 (]: On model.sales_project.stg_products: /* {"app": "dbt", "dbt_version": "1.12.0b3", "profile_name": "sales_project", "target_name": "dev", "node_id": "model.sales_project.stg_products"} */
alter table "sales_db"."public"."stg_products__dbt_tmp" rename to "stg_products"
[0m07:18:18.460349 [debug] [Thread-1 (]: SQL status: ALTER TABLE in 0.001 seconds
[0m07:18:18.502609 [debug] [Thread-1 (]: On model.sales_project.stg_products: COMMIT
[0m07:18:18.503652 [debug] [Thread-1 (]: Using postgres connection "model.sales_project.stg_products"
[0m07:18:18.504508 [debug] [Thread-1 (]: On model.sales_project.stg_products: COMMIT
[0m07:18:18.506895 [debug] [Thread-1 (]: SQL status: COMMIT in 0.001 seconds
[0m07:18:18.521745 [debug] [Thread-1 (]: Applying DROP to: "sales_db"."public"."stg_products__dbt_backup"
[0m07:18:18.536066 [debug] [Thread-1 (]: Using postgres connection "model.sales_project.stg_products"
[0m07:18:18.537105 [debug] [Thread-1 (]: On model.sales_project.stg_products: /* {"app": "dbt", "dbt_version": "1.12.0b3", "profile_name": "sales_project", "target_name": "dev", "node_id": "model.sales_project.stg_products"} */
drop table if exists "sales_db"."public"."stg_products__dbt_backup" cascade
[0m07:18:18.538668 [debug] [Thread-1 (]: SQL status: DROP TABLE in 0.001 seconds
[0m07:18:18.544276 [debug] [Thread-1 (]: On model.sales_project.stg_products: Close
[0m07:18:18.549009 [debug] [Thread-1 (]: Sending event: {'category': 'dbt', 'action': 'run_model', 'label': '6003bcde-f424-459f-82df-df00a1bfda2e', 'context': [<snowplow_tracker.self_describing_json.SelfDescribingJson object at 0x0000022BD8279850>]}
[0m07:18:18.550574 [info ] [Thread-1 (]: 1 of 1 OK created sql table model public.stg_products .......................... [[32mSELECT 138[0m in 0.41s]
[0m07:18:18.552586 [debug] [Thread-1 (]: Finished running node model.sales_project.stg_products
[0m07:18:18.555117 [debug] [MainThread]: On master: COMMIT
[0m07:18:18.555950 [debug] [MainThread]: Using postgres connection "master"
[0m07:18:18.556657 [debug] [MainThread]: On master: COMMIT
[0m07:18:18.557333 [debug] [MainThread]: Opening a new connection, currently in state closed
[0m07:18:18.629412 [debug] [MainThread]: SQL status: COMMIT in 0.072 seconds
[0m07:18:18.630301 [debug] [MainThread]: On master: Close
[0m07:18:18.631272 [debug] [MainThread]: Connection 'master' was properly closed.
[0m07:18:18.632029 [debug] [MainThread]: Connection 'list_sales_db' was properly closed.
[0m07:18:18.632772 [debug] [MainThread]: Connection 'list_sales_db_public' was properly closed.
[0m07:18:18.633561 [debug] [MainThread]: Connection 'model.sales_project.stg_products' was properly closed.
[0m07:18:18.634364 [info ] [MainThread]: 
[0m07:18:18.636258 [info ] [MainThread]: Finished running 1 table model in 0 hours 0 minutes and 1.60 seconds (1.60s).
[0m07:18:18.638136 [debug] [MainThread]: Command end result
[0m07:18:18.718615 [debug] [MainThread]: Wrote artifact WritableManifest to D:\Data Analyst\Python\sales_project\target\manifest.json
[0m07:18:18.728855 [debug] [MainThread]: Wrote artifact SemanticManifest to D:\Data Analyst\Python\sales_project\target\semantic_manifest.json
[0m07:18:18.737569 [debug] [MainThread]: Wrote artifact OsiDocument to D:\Data Analyst\Python\sales_project\target\osi_document.json
[0m07:18:18.756560 [debug] [MainThread]: Wrote artifact RunExecutionResult to D:\Data Analyst\Python\sales_project\target\run_results.json
[0m07:18:18.757454 [info ] [MainThread]: 
[0m07:18:18.761415 [info ] [MainThread]: [32mCompleted successfully[0m
[0m07:18:18.762870 [info ] [MainThread]: 
[0m07:18:18.763997 [info ] [MainThread]: Done. PASS=1 WARN=0 ERROR=0 SKIP=0 NO-OP=0 REUSED=0 TOTAL=1
[0m07:18:18.766514 [debug] [MainThread]: Command `dbt run` succeeded at 07:18:18.766219 after 4.92 seconds
[0m07:18:18.769947 [debug] [MainThread]: Sending event: {'category': 'dbt', 'action': 'invocation', 'label': 'end', 'context': [<snowplow_tracker.self_describing_json.SelfDescribingJson object at 0x0000022BD7DFADB0>, <snowplow_tracker.self_describing_json.SelfDescribingJson object at 0x0000022BD80A2350>, <snowplow_tracker.self_describing_json.SelfDescribingJson object at 0x0000022BD80A2490>]}
[0m07:18:18.771566 [debug] [MainThread]: Flushing usage events
[0m07:18:18.778901 [debug] [MainThread]: An error was encountered while trying to flush usage events
[0m07:19:02.160180 [debug] [MainThread]: Sending event: {'category': 'dbt', 'action': 'invocation', 'label': 'start', 'context': [<snowplow_tracker.self_describing_json.SelfDescribingJson object at 0x00000238D77C7A10>, <snowplow_tracker.self_describing_json.SelfDescribingJson object at 0x00000238D9DE3D90>, <snowplow_tracker.self_describing_json.SelfDescribingJson object at 0x00000238D9DE3890>]}


============================== 07:19:02.169459 | f8c5bb3f-e646-4a2e-9ae9-a1a44d11c78b ==============================
[0m07:19:02.169459 [info ] [MainThread]: Running with dbt=1.12.0-b3
[0m07:19:02.170900 [debug] [MainThread]: running dbt with arguments {'version_check': 'True', 'no_print': 'None', 'static_parser': 'True', 'warn_error_options': 'WarnErrorOptionsV2(error=[], warn=[], silence=[])', 'target_path': 'None', 'maximum_seed_size_mib': '1', 'printer_width': '80', 'write_json': 'True', 'empty': 'None', 'log_cache_events': 'False', 'introspect': 'True', 'cache_selected_only': 'False', 'fail_fast': 'False', 'debug': 'False', 'log_format': 'default', 'partial_parse': 'True', 'send_anonymous_usage_stats': 'True', 'quiet': 'False', 'warn_error': 'None', 'profiles_dir': 'C:\\Users\\Toranj\\.dbt', 'invocation_command': 'dbt list', 'indirect_selection': 'eager', 'use_colors': 'True', 'use_experimental_parser': 'False', 'log_path': 'D:\\Data Analyst\\Python\\sales_project\\logs'}
[0m07:19:02.810608 [debug] [MainThread]: Sending event: {'category': 'dbt', 'action': 'project_id', 'label': 'f8c5bb3f-e646-4a2e-9ae9-a1a44d11c78b', 'context': [<snowplow_tracker.self_describing_json.SelfDescribingJson object at 0x00000238D7D576F0>]}
[0m07:19:02.996724 [debug] [MainThread]: Sending event: {'category': 'dbt', 'action': 'adapter_info', 'label': 'f8c5bb3f-e646-4a2e-9ae9-a1a44d11c78b', 'context': [<snowplow_tracker.self_describing_json.SelfDescribingJson object at 0x00000238D9C359D0>]}
[0m07:19:02.999514 [info ] [MainThread]: Registered adapter: postgres=1.10.1
[0m07:19:03.541784 [debug] [MainThread]: checksum: 1422b360ba387c4a32c0f6c7d0628301536a3df5895ffefc77e86256980727b7, vars: {}, profile: sales_project, target: dev, version: 1.12.0b3
[0m07:19:04.004655 [debug] [MainThread]: Partial parsing enabled: 0 files deleted, 0 files added, 0 files changed.
[0m07:19:04.005508 [debug] [MainThread]: Nothing changed, skipping partial parsing.
[0m07:19:04.006155 [debug] [MainThread]: Partial parsing enabled, no changes found, skipping parsing
[0m07:19:04.078731 [debug] [MainThread]: Sending event: {'category': 'dbt', 'action': 'load_project', 'label': 'f8c5bb3f-e646-4a2e-9ae9-a1a44d11c78b', 'context': [<snowplow_tracker.self_describing_json.SelfDescribingJson object at 0x00000238D9C3BB50>]}
[0m07:19:04.274969 [debug] [MainThread]: Wrote artifact WritableManifest to D:\Data Analyst\Python\sales_project\target\manifest.json
[0m07:19:04.285848 [debug] [MainThread]: Wrote artifact SemanticManifest to D:\Data Analyst\Python\sales_project\target\semantic_manifest.json
[0m07:19:04.352705 [debug] [MainThread]: Wrote artifact OsiDocument to D:\Data Analyst\Python\sales_project\target\osi_document.json
[0m07:19:04.404059 [debug] [MainThread]: Sending event: {'category': 'dbt', 'action': 'runnable_timing', 'label': 'f8c5bb3f-e646-4a2e-9ae9-a1a44d11c78b', 'context': [<snowplow_tracker.self_describing_json.SelfDescribingJson object at 0x00000238DA321040>]}
[0m07:19:04.405832 [info ] [MainThread]: sales_project.staging.stg_customers
[0m07:19:04.406604 [info ] [MainThread]: sales_project.staging.stg_products
[0m07:19:04.410924 [debug] [MainThread]: Command `dbt list` succeeded at 07:19:04.410626 after 2.55 seconds
[0m07:19:04.411787 [debug] [MainThread]: Sending event: {'category': 'dbt', 'action': 'invocation', 'label': 'end', 'context': [<snowplow_tracker.self_describing_json.SelfDescribingJson object at 0x00000238D9DBFE70>, <snowplow_tracker.self_describing_json.SelfDescribingJson object at 0x00000238DA1A0830>, <snowplow_tracker.self_describing_json.SelfDescribingJson object at 0x00000238DA4EF860>]}
[0m07:19:04.412623 [debug] [MainThread]: Flushing usage events
[0m07:19:04.420025 [debug] [MainThread]: An error was encountered while trying to flush usage events
[0m07:22:40.502708 [debug] [MainThread]: Sending event: {'category': 'dbt', 'action': 'invocation', 'label': 'start', 'context': [<snowplow_tracker.self_describing_json.SelfDescribingJson object at 0x000002060F9538C0>, <snowplow_tracker.self_describing_json.SelfDescribingJson object at 0x0000020611FCBD90>, <snowplow_tracker.self_describing_json.SelfDescribingJson object at 0x0000020611FCB9D0>]}


============================== 07:22:40.513124 | 44c22984-92e8-44c2-9101-6da7636f1123 ==============================
[0m07:22:40.513124 [info ] [MainThread]: Running with dbt=1.12.0-b3
[0m07:22:40.514565 [debug] [MainThread]: running dbt with arguments {'maximum_seed_size_mib': '1', 'no_print': 'None', 'version_check': 'True', 'warn_error_options': 'WarnErrorOptionsV2(error=[], warn=[], silence=[])', 'target_path': 'None', 'static_parser': 'True', 'printer_width': '80', 'write_json': 'True', 'introspect': 'True', 'log_cache_events': 'False', 'empty': 'False', 'cache_selected_only': 'False', 'fail_fast': 'False', 'debug': 'False', 'log_format': 'default', 'partial_parse': 'True', 'send_anonymous_usage_stats': 'True', 'quiet': 'False', 'warn_error': 'None', 'profiles_dir': 'C:\\Users\\Toranj\\.dbt', 'use_colors': 'True', 'invocation_command': 'dbt run --select stg_sales', 'indirect_selection': 'eager', 'use_experimental_parser': 'False', 'log_path': 'D:\\Data Analyst\\Python\\sales_project\\logs'}
[0m07:22:41.168600 [debug] [MainThread]: Sending event: {'category': 'dbt', 'action': 'project_id', 'label': '44c22984-92e8-44c2-9101-6da7636f1123', 'context': [<snowplow_tracker.self_describing_json.SelfDescribingJson object at 0x000002060FED36F0>]}
[0m07:22:41.343711 [debug] [MainThread]: Sending event: {'category': 'dbt', 'action': 'adapter_info', 'label': '44c22984-92e8-44c2-9101-6da7636f1123', 'context': [<snowplow_tracker.self_describing_json.SelfDescribingJson object at 0x0000020611DC7680>]}
[0m07:22:41.346667 [info ] [MainThread]: Registered adapter: postgres=1.10.1
[0m07:22:41.847391 [debug] [MainThread]: checksum: 1422b360ba387c4a32c0f6c7d0628301536a3df5895ffefc77e86256980727b7, vars: {}, profile: sales_project, target: dev, version: 1.12.0b3
[0m07:22:42.293077 [debug] [MainThread]: Partial parsing enabled: 0 files deleted, 1 files added, 0 files changed.
[0m07:22:42.294192 [debug] [MainThread]: Partial parsing: added file: sales_project://models\staging\stg_sales.sql
[0m07:22:43.015697 [debug] [MainThread]: Sending event: {'category': 'dbt', 'action': 'load_project', 'label': '44c22984-92e8-44c2-9101-6da7636f1123', 'context': [<snowplow_tracker.self_describing_json.SelfDescribingJson object at 0x00000206120C0850>]}
[0m07:22:43.197156 [debug] [MainThread]: Wrote artifact WritableManifest to D:\Data Analyst\Python\sales_project\target\manifest.json
[0m07:22:43.207724 [debug] [MainThread]: Wrote artifact SemanticManifest to D:\Data Analyst\Python\sales_project\target\semantic_manifest.json
[0m07:22:43.274438 [debug] [MainThread]: Wrote artifact OsiDocument to D:\Data Analyst\Python\sales_project\target\osi_document.json
[0m07:22:43.302012 [debug] [MainThread]: Sending event: {'category': 'dbt', 'action': 'resource_counts', 'label': '44c22984-92e8-44c2-9101-6da7636f1123', 'context': [<snowplow_tracker.self_describing_json.SelfDescribingJson object at 0x000002061259E030>]}
[0m07:22:43.303433 [info ] [MainThread]: Found 3 models, 475 macros
[0m07:22:43.310601 [debug] [MainThread]: Sending event: {'category': 'dbt', 'action': 'runnable_timing', 'label': '44c22984-92e8-44c2-9101-6da7636f1123', 'context': [<snowplow_tracker.self_describing_json.SelfDescribingJson object at 0x00000206126BF770>]}
[0m07:22:43.313624 [info ] [MainThread]: 
[0m07:22:43.316230 [info ] [MainThread]: Concurrency: 4 threads (target='dev')
[0m07:22:43.317564 [info ] [MainThread]: 
[0m07:22:43.318988 [debug] [MainThread]: Acquiring new postgres connection 'master'
[0m07:22:43.336983 [debug] [ThreadPool]: Acquiring new postgres connection 'list_sales_db'
[0m07:22:43.838043 [debug] [ThreadPool]: Using postgres connection "list_sales_db"
[0m07:22:43.838921 [debug] [ThreadPool]: On list_sales_db: /* {"app": "dbt", "dbt_version": "1.12.0b3", "profile_name": "sales_project", "target_name": "dev", "connection_name": "list_sales_db"} */

    select distinct nspname from pg_namespace
  
[0m07:22:43.839624 [debug] [ThreadPool]: Opening a new connection, currently in state init
[0m07:22:43.915157 [debug] [ThreadPool]: SQL status: SELECT 4 in 0.075 seconds
[0m07:22:43.918015 [debug] [ThreadPool]: On list_sales_db: Close
[0m07:22:43.931008 [debug] [ThreadPool]: Acquiring new postgres connection 'list_sales_db_public'
[0m07:22:43.944167 [debug] [ThreadPool]: Using postgres connection "list_sales_db_public"
[0m07:22:43.945086 [debug] [ThreadPool]: On list_sales_db_public: /* {"app": "dbt", "dbt_version": "1.12.0b3", "profile_name": "sales_project", "target_name": "dev", "connection_name": "list_sales_db_public"} */
select
      'sales_db' as database,
      tablename as name,
      schemaname as schema,
      'table' as type
    from pg_tables
    where schemaname ilike 'public'
    union all
    select
      'sales_db' as database,
      viewname as name,
      schemaname as schema,
      'view' as type
    from pg_views
    where schemaname ilike 'public'
    union all
    select
      'sales_db' as database,
      matviewname as name,
      schemaname as schema,
      'materialized_view' as type
    from pg_matviews
    where schemaname ilike 'public'
  
[0m07:22:43.945938 [debug] [ThreadPool]: Opening a new connection, currently in state init
[0m07:22:44.017701 [debug] [ThreadPool]: SQL status: SELECT 5 in 0.072 seconds
[0m07:22:44.021619 [debug] [ThreadPool]: On list_sales_db_public: ROLLBACK
[0m07:22:44.022666 [debug] [ThreadPool]: On list_sales_db_public: Close
[0m07:22:44.033540 [debug] [MainThread]: Using postgres connection "master"
[0m07:22:44.034591 [debug] [MainThread]: On master: /* {"app": "dbt", "dbt_version": "1.12.0b3", "profile_name": "sales_project", "target_name": "dev", "connection_name": "master"} */
select distinct
        dependent_namespace.nspname as dependent_schema,
        dependent_class.relname as dependent_name,
        referenced_namespace.nspname as referenced_schema,
        referenced_class.relname as referenced_name

    -- Query for views: views are entries in pg_class with an entry in pg_rewrite, but we avoid
    -- a seq scan on pg_rewrite by leveraging the fact there is an "internal" row in pg_depend for
    -- the view...
    from pg_class as dependent_class
    join pg_namespace as dependent_namespace on dependent_namespace.oid = dependent_class.relnamespace
    join pg_depend as dependent_depend on dependent_depend.refobjid = dependent_class.oid
        and dependent_depend.classid = 'pg_rewrite'::regclass
        and dependent_depend.refclassid = 'pg_class'::regclass
        and dependent_depend.deptype = 'i'

    -- ... and via pg_depend (that has a row per column, hence the need for "distinct" above, and
    -- making sure to exclude the internal row to avoid a view appearing to depend on itself)...
    join pg_depend as joining_depend on joining_depend.objid = dependent_depend.objid
        and joining_depend.classid = 'pg_rewrite'::regclass
        and joining_depend.refclassid = 'pg_class'::regclass
        and joining_depend.refobjid != dependent_depend.refobjid

    -- ... we can find the tables they query from in pg_class, but excluding system tables. Note we
    -- don't need need to exclude _dependent_ system tables, because they only query from other
    -- system tables, and so are automatically excluded by excluding _referenced_ system tables
    join pg_class as referenced_class on referenced_class.oid = joining_depend.refobjid
    join pg_namespace as referenced_namespace on referenced_namespace.oid = referenced_class.relnamespace
        and referenced_namespace.nspname != 'information_schema'
        and referenced_namespace.nspname not like 'pg\_%'

    order by
        dependent_schema, dependent_name, referenced_schema, referenced_name;
[0m07:22:44.035502 [debug] [MainThread]: Opening a new connection, currently in state init
[0m07:22:44.228624 [debug] [MainThread]: SQL status: SELECT 0 in 0.193 seconds
[0m07:22:44.231145 [debug] [MainThread]: Sending event: {'category': 'dbt', 'action': 'runnable_timing', 'label': '44c22984-92e8-44c2-9101-6da7636f1123', 'context': [<snowplow_tracker.self_describing_json.SelfDescribingJson object at 0x0000020612B9CBB0>]}
[0m07:22:44.232078 [debug] [MainThread]: On master: ROLLBACK
[0m07:22:44.233004 [debug] [MainThread]: On master: COMMIT
[0m07:22:44.233733 [debug] [MainThread]: Using postgres connection "master"
[0m07:22:44.234416 [debug] [MainThread]: On master: COMMIT
[0m07:22:44.235375 [debug] [MainThread]: SQL status: COMMIT in 0.000 seconds
[0m07:22:44.236613 [debug] [MainThread]: On master: Close
[0m07:22:44.245605 [debug] [Thread-1 (]: Began running node model.sales_project.stg_sales
[0m07:22:44.246859 [info ] [Thread-1 (]: 1 of 1 START sql table model public.stg_sales .................................. [RUN]
[0m07:22:44.248270 [debug] [Thread-1 (]: Acquiring new postgres connection 'model.sales_project.stg_sales'
[0m07:22:44.249189 [debug] [Thread-1 (]: Began compiling node model.sales_project.stg_sales
[0m07:22:44.264295 [debug] [Thread-1 (]: Writing injected SQL for node "model.sales_project.stg_sales"
[0m07:22:44.266048 [debug] [Thread-1 (]: Began executing node model.sales_project.stg_sales
[0m07:22:44.375972 [debug] [Thread-1 (]: Writing runtime sql for node "model.sales_project.stg_sales"
[0m07:22:44.378011 [debug] [Thread-1 (]: Using postgres connection "model.sales_project.stg_sales"
[0m07:22:44.379107 [debug] [Thread-1 (]: On model.sales_project.stg_sales: /* {"app": "dbt", "dbt_version": "1.12.0b3", "profile_name": "sales_project", "target_name": "dev", "node_id": "model.sales_project.stg_sales"} */

  
    

  create  table "sales_db"."public"."stg_sales__dbt_tmp"
  
  
    as
  
  (
    SELECT
    sale_id,
    sale_date,
    customer_id,
    product_id,
    quantity,
    unit_price,
    discount_percent,
    platform,
    city
FROM sales
  );
  
[0m07:22:44.380002 [debug] [Thread-1 (]: Opening a new connection, currently in state init
[0m07:22:44.697557 [debug] [Thread-1 (]: SQL status: SELECT 32348 in 0.317 seconds
[0m07:22:44.721184 [debug] [Thread-1 (]: Using postgres connection "model.sales_project.stg_sales"
[0m07:22:44.722211 [debug] [Thread-1 (]: On model.sales_project.stg_sales: /* {"app": "dbt", "dbt_version": "1.12.0b3", "profile_name": "sales_project", "target_name": "dev", "node_id": "model.sales_project.stg_sales"} */
alter table "sales_db"."public"."stg_sales__dbt_tmp" rename to "stg_sales"
[0m07:22:44.723922 [debug] [Thread-1 (]: SQL status: ALTER TABLE in 0.001 seconds
[0m07:22:44.766159 [debug] [Thread-1 (]: On model.sales_project.stg_sales: COMMIT
[0m07:22:44.767191 [debug] [Thread-1 (]: Using postgres connection "model.sales_project.stg_sales"
[0m07:22:44.768040 [debug] [Thread-1 (]: On model.sales_project.stg_sales: COMMIT
[0m07:22:44.839233 [debug] [Thread-1 (]: SQL status: COMMIT in 0.070 seconds
[0m07:22:44.862898 [debug] [Thread-1 (]: Applying DROP to: "sales_db"."public"."stg_sales__dbt_backup"
[0m07:22:44.884141 [debug] [Thread-1 (]: Using postgres connection "model.sales_project.stg_sales"
[0m07:22:44.885705 [debug] [Thread-1 (]: On model.sales_project.stg_sales: /* {"app": "dbt", "dbt_version": "1.12.0b3", "profile_name": "sales_project", "target_name": "dev", "node_id": "model.sales_project.stg_sales"} */
drop table if exists "sales_db"."public"."stg_sales__dbt_backup" cascade
[0m07:22:44.888983 [debug] [Thread-1 (]: SQL status: DROP TABLE in 0.001 seconds
[0m07:22:44.894867 [debug] [Thread-1 (]: On model.sales_project.stg_sales: Close
[0m07:22:44.899663 [debug] [Thread-1 (]: Sending event: {'category': 'dbt', 'action': 'run_model', 'label': '44c22984-92e8-44c2-9101-6da7636f1123', 'context': [<snowplow_tracker.self_describing_json.SelfDescribingJson object at 0x0000020612A7D850>]}
[0m07:22:44.901238 [info ] [Thread-1 (]: 1 of 1 OK created sql table model public.stg_sales ............................. [[32mSELECT 32348[0m in 0.65s]
[0m07:22:44.903545 [debug] [Thread-1 (]: Finished running node model.sales_project.stg_sales
[0m07:22:44.906708 [debug] [MainThread]: On master: COMMIT
[0m07:22:44.907564 [debug] [MainThread]: Using postgres connection "master"
[0m07:22:44.908259 [debug] [MainThread]: On master: COMMIT
[0m07:22:44.908933 [debug] [MainThread]: Opening a new connection, currently in state closed
[0m07:22:44.984082 [debug] [MainThread]: SQL status: COMMIT in 0.075 seconds
[0m07:22:44.984965 [debug] [MainThread]: On master: Close
[0m07:22:44.986714 [debug] [MainThread]: Connection 'master' was properly closed.
[0m07:22:44.987554 [debug] [MainThread]: Connection 'list_sales_db' was properly closed.
[0m07:22:44.988273 [debug] [MainThread]: Connection 'list_sales_db_public' was properly closed.
[0m07:22:44.989141 [debug] [MainThread]: Connection 'model.sales_project.stg_sales' was properly closed.
[0m07:22:44.989959 [info ] [MainThread]: 
[0m07:22:44.991700 [info ] [MainThread]: Finished running 1 table model in 0 hours 0 minutes and 1.67 seconds (1.67s).
[0m07:22:44.993628 [debug] [MainThread]: Command end result
[0m07:22:45.078579 [debug] [MainThread]: Wrote artifact WritableManifest to D:\Data Analyst\Python\sales_project\target\manifest.json
[0m07:22:45.088268 [debug] [MainThread]: Wrote artifact SemanticManifest to D:\Data Analyst\Python\sales_project\target\semantic_manifest.json
[0m07:22:45.096888 [debug] [MainThread]: Wrote artifact OsiDocument to D:\Data Analyst\Python\sales_project\target\osi_document.json
[0m07:22:45.118268 [debug] [MainThread]: Wrote artifact RunExecutionResult to D:\Data Analyst\Python\sales_project\target\run_results.json
[0m07:22:45.120517 [info ] [MainThread]: 
[0m07:22:45.131490 [info ] [MainThread]: [32mCompleted successfully[0m
[0m07:22:45.132543 [info ] [MainThread]: 
[0m07:22:45.133704 [info ] [MainThread]: Done. PASS=1 WARN=0 ERROR=0 SKIP=0 NO-OP=0 REUSED=0 TOTAL=1
[0m07:22:45.137915 [debug] [MainThread]: Command `dbt run` succeeded at 07:22:45.136864 after 5.02 seconds
[0m07:22:45.140229 [debug] [MainThread]: Sending event: {'category': 'dbt', 'action': 'invocation', 'label': 'end', 'context': [<snowplow_tracker.self_describing_json.SelfDescribingJson object at 0x00000206126E6D00>, <snowplow_tracker.self_describing_json.SelfDescribingJson object at 0x00000206128A23F0>, <snowplow_tracker.self_describing_json.SelfDescribingJson object at 0x00000206128A25D0>]}
[0m07:22:45.141219 [debug] [MainThread]: Flushing usage events
[0m07:22:45.146944 [debug] [MainThread]: An error was encountered while trying to flush usage events
[0m07:35:51.523012 [debug] [MainThread]: Sending event: {'category': 'dbt', 'action': 'invocation', 'label': 'start', 'context': [<snowplow_tracker.self_describing_json.SelfDescribingJson object at 0x000001979AD6F8C0>, <snowplow_tracker.self_describing_json.SelfDescribingJson object at 0x000001979D3EBD90>, <snowplow_tracker.self_describing_json.SelfDescribingJson object at 0x000001979D3EB9D0>]}


============================== 07:35:51.532058 | 47e13225-9c5a-4922-befa-957d43d23c3b ==============================
[0m07:35:51.532058 [info ] [MainThread]: Running with dbt=1.12.0-b3
[0m07:35:51.533470 [debug] [MainThread]: running dbt with arguments {'static_parser': 'True', 'no_print': 'None', 'version_check': 'True', 'target_path': 'None', 'warn_error_options': 'WarnErrorOptionsV2(error=[], warn=[], silence=[])', 'maximum_seed_size_mib': '1', 'printer_width': '80', 'write_json': 'True', 'empty': 'False', 'log_cache_events': 'False', 'introspect': 'True', 'cache_selected_only': 'False', 'fail_fast': 'False', 'debug': 'False', 'log_format': 'default', 'partial_parse': 'True', 'send_anonymous_usage_stats': 'True', 'quiet': 'False', 'warn_error': 'None', 'profiles_dir': 'C:\\Users\\Toranj\\.dbt', 'indirect_selection': 'eager', 'use_colors': 'True', 'invocation_command': 'dbt run --select customers_spending', 'use_experimental_parser': 'False', 'log_path': 'D:\\Data Analyst\\Python\\sales_project\\logs'}
[0m07:35:52.166447 [debug] [MainThread]: Sending event: {'category': 'dbt', 'action': 'project_id', 'label': '47e13225-9c5a-4922-befa-957d43d23c3b', 'context': [<snowplow_tracker.self_describing_json.SelfDescribingJson object at 0x000001979B2F76F0>]}
[0m07:35:52.335944 [debug] [MainThread]: Sending event: {'category': 'dbt', 'action': 'adapter_info', 'label': '47e13225-9c5a-4922-befa-957d43d23c3b', 'context': [<snowplow_tracker.self_describing_json.SelfDescribingJson object at 0x000001979D1E7680>]}
[0m07:35:52.339368 [info ] [MainThread]: Registered adapter: postgres=1.10.1
[0m07:35:52.857029 [debug] [MainThread]: checksum: 1422b360ba387c4a32c0f6c7d0628301536a3df5895ffefc77e86256980727b7, vars: {}, profile: sales_project, target: dev, version: 1.12.0b3
[0m07:35:53.338790 [debug] [MainThread]: Partial parsing enabled: 0 files deleted, 1 files added, 0 files changed.
[0m07:35:53.339993 [debug] [MainThread]: Partial parsing: added file: sales_project://models\intermediate\customers_spending.sql
[0m07:35:54.035751 [debug] [MainThread]: Sending event: {'category': 'dbt', 'action': 'load_project', 'label': '47e13225-9c5a-4922-befa-957d43d23c3b', 'context': [<snowplow_tracker.self_describing_json.SelfDescribingJson object at 0x000001979D4E0850>]}
[0m07:35:54.215468 [debug] [MainThread]: Wrote artifact WritableManifest to D:\Data Analyst\Python\sales_project\target\manifest.json
[0m07:35:54.225867 [debug] [MainThread]: Wrote artifact SemanticManifest to D:\Data Analyst\Python\sales_project\target\semantic_manifest.json
[0m07:35:54.284283 [debug] [MainThread]: Wrote artifact OsiDocument to D:\Data Analyst\Python\sales_project\target\osi_document.json
[0m07:35:54.310103 [debug] [MainThread]: Sending event: {'category': 'dbt', 'action': 'resource_counts', 'label': '47e13225-9c5a-4922-befa-957d43d23c3b', 'context': [<snowplow_tracker.self_describing_json.SelfDescribingJson object at 0x000001979D927020>]}
[0m07:35:54.311214 [info ] [MainThread]: Found 4 models, 475 macros
[0m07:35:54.313441 [debug] [MainThread]: Sending event: {'category': 'dbt', 'action': 'runnable_timing', 'label': '47e13225-9c5a-4922-befa-957d43d23c3b', 'context': [<snowplow_tracker.self_describing_json.SelfDescribingJson object at 0x000001979DA3FE70>]}
[0m07:35:54.316718 [info ] [MainThread]: 
[0m07:35:54.318738 [info ] [MainThread]: Concurrency: 4 threads (target='dev')
[0m07:35:54.321119 [info ] [MainThread]: 
[0m07:35:54.323584 [debug] [MainThread]: Acquiring new postgres connection 'master'
[0m07:35:54.325589 [debug] [ThreadPool]: Acquiring new postgres connection 'list_sales_db'
[0m07:35:54.737491 [debug] [ThreadPool]: Using postgres connection "list_sales_db"
[0m07:35:54.738390 [debug] [ThreadPool]: On list_sales_db: /* {"app": "dbt", "dbt_version": "1.12.0b3", "profile_name": "sales_project", "target_name": "dev", "connection_name": "list_sales_db"} */

    select distinct nspname from pg_namespace
  
[0m07:35:54.739097 [debug] [ThreadPool]: Opening a new connection, currently in state init
[0m07:35:54.813868 [debug] [ThreadPool]: SQL status: SELECT 4 in 0.075 seconds
[0m07:35:54.816548 [debug] [ThreadPool]: On list_sales_db: Close
[0m07:35:54.839302 [debug] [ThreadPool]: Acquiring new postgres connection 'list_sales_db_public'
[0m07:35:54.852628 [debug] [ThreadPool]: Using postgres connection "list_sales_db_public"
[0m07:35:54.853782 [debug] [ThreadPool]: On list_sales_db_public: /* {"app": "dbt", "dbt_version": "1.12.0b3", "profile_name": "sales_project", "target_name": "dev", "connection_name": "list_sales_db_public"} */
select
      'sales_db' as database,
      tablename as name,
      schemaname as schema,
      'table' as type
    from pg_tables
    where schemaname ilike 'public'
    union all
    select
      'sales_db' as database,
      viewname as name,
      schemaname as schema,
      'view' as type
    from pg_views
    where schemaname ilike 'public'
    union all
    select
      'sales_db' as database,
      matviewname as name,
      schemaname as schema,
      'materialized_view' as type
    from pg_matviews
    where schemaname ilike 'public'
  
[0m07:35:54.855631 [debug] [ThreadPool]: Opening a new connection, currently in state init
[0m07:35:54.928250 [debug] [ThreadPool]: SQL status: SELECT 6 in 0.073 seconds
[0m07:35:54.931110 [debug] [ThreadPool]: On list_sales_db_public: ROLLBACK
[0m07:35:54.932010 [debug] [ThreadPool]: On list_sales_db_public: Close
[0m07:35:54.943997 [debug] [MainThread]: Using postgres connection "master"
[0m07:35:54.945038 [debug] [MainThread]: On master: /* {"app": "dbt", "dbt_version": "1.12.0b3", "profile_name": "sales_project", "target_name": "dev", "connection_name": "master"} */
select distinct
        dependent_namespace.nspname as dependent_schema,
        dependent_class.relname as dependent_name,
        referenced_namespace.nspname as referenced_schema,
        referenced_class.relname as referenced_name

    -- Query for views: views are entries in pg_class with an entry in pg_rewrite, but we avoid
    -- a seq scan on pg_rewrite by leveraging the fact there is an "internal" row in pg_depend for
    -- the view...
    from pg_class as dependent_class
    join pg_namespace as dependent_namespace on dependent_namespace.oid = dependent_class.relnamespace
    join pg_depend as dependent_depend on dependent_depend.refobjid = dependent_class.oid
        and dependent_depend.classid = 'pg_rewrite'::regclass
        and dependent_depend.refclassid = 'pg_class'::regclass
        and dependent_depend.deptype = 'i'

    -- ... and via pg_depend (that has a row per column, hence the need for "distinct" above, and
    -- making sure to exclude the internal row to avoid a view appearing to depend on itself)...
    join pg_depend as joining_depend on joining_depend.objid = dependent_depend.objid
        and joining_depend.classid = 'pg_rewrite'::regclass
        and joining_depend.refclassid = 'pg_class'::regclass
        and joining_depend.refobjid != dependent_depend.refobjid

    -- ... we can find the tables they query from in pg_class, but excluding system tables. Note we
    -- don't need need to exclude _dependent_ system tables, because they only query from other
    -- system tables, and so are automatically excluded by excluding _referenced_ system tables
    join pg_class as referenced_class on referenced_class.oid = joining_depend.refobjid
    join pg_namespace as referenced_namespace on referenced_namespace.oid = referenced_class.relnamespace
        and referenced_namespace.nspname != 'information_schema'
        and referenced_namespace.nspname not like 'pg\_%'

    order by
        dependent_schema, dependent_name, referenced_schema, referenced_name;
[0m07:35:54.946037 [debug] [MainThread]: Opening a new connection, currently in state init
[0m07:35:55.031415 [debug] [MainThread]: SQL status: SELECT 0 in 0.085 seconds
[0m07:35:55.033962 [debug] [MainThread]: Sending event: {'category': 'dbt', 'action': 'runnable_timing', 'label': '47e13225-9c5a-4922-befa-957d43d23c3b', 'context': [<snowplow_tracker.self_describing_json.SelfDescribingJson object at 0x000001979DE2CE20>]}
[0m07:35:55.034936 [debug] [MainThread]: On master: ROLLBACK
[0m07:35:55.035981 [debug] [MainThread]: On master: COMMIT
[0m07:35:55.037326 [debug] [MainThread]: Using postgres connection "master"
[0m07:35:55.038172 [debug] [MainThread]: On master: COMMIT
[0m07:35:55.039146 [debug] [MainThread]: SQL status: COMMIT in 0.000 seconds
[0m07:35:55.039868 [debug] [MainThread]: On master: Close
[0m07:35:55.048168 [debug] [Thread-1 (]: Began running node model.sales_project.customers_spending
[0m07:35:55.049402 [info ] [Thread-1 (]: 1 of 1 START sql table model public.customers_spending ......................... [RUN]
[0m07:35:55.050878 [debug] [Thread-1 (]: Acquiring new postgres connection 'model.sales_project.customers_spending'
[0m07:35:55.051795 [debug] [Thread-1 (]: Began compiling node model.sales_project.customers_spending
[0m07:35:55.069601 [debug] [Thread-1 (]: Writing injected SQL for node "model.sales_project.customers_spending"
[0m07:35:55.072759 [debug] [Thread-1 (]: Began executing node model.sales_project.customers_spending
[0m07:35:55.182918 [debug] [Thread-1 (]: Writing runtime sql for node "model.sales_project.customers_spending"
[0m07:35:55.185467 [debug] [Thread-1 (]: Using postgres connection "model.sales_project.customers_spending"
[0m07:35:55.186505 [debug] [Thread-1 (]: On model.sales_project.customers_spending: /* {"app": "dbt", "dbt_version": "1.12.0b3", "profile_name": "sales_project", "target_name": "dev", "node_id": "model.sales_project.customers_spending"} */

  
    

  create  table "sales_db"."public"."customers_spending__dbt_tmp"
  
  
    as
  
  (
    SELECT
    customer_id,
    COUNT(sale_id) AS total_orders,
    SUM(unit_price * quantity) AS total_spent
FROM "sales_db"."public"."stg_sales"
GROUP BY customer_id
  );
  
[0m07:35:55.188180 [debug] [Thread-1 (]: Opening a new connection, currently in state init
[0m07:35:55.365517 [debug] [Thread-1 (]: SQL status: SELECT 609 in 0.177 seconds
[0m07:35:55.388821 [debug] [Thread-1 (]: Using postgres connection "model.sales_project.customers_spending"
[0m07:35:55.389849 [debug] [Thread-1 (]: On model.sales_project.customers_spending: /* {"app": "dbt", "dbt_version": "1.12.0b3", "profile_name": "sales_project", "target_name": "dev", "node_id": "model.sales_project.customers_spending"} */
alter table "sales_db"."public"."customers_spending__dbt_tmp" rename to "customers_spending"
[0m07:35:55.391600 [debug] [Thread-1 (]: SQL status: ALTER TABLE in 0.001 seconds
[0m07:35:55.434934 [debug] [Thread-1 (]: On model.sales_project.customers_spending: COMMIT
[0m07:35:55.435973 [debug] [Thread-1 (]: Using postgres connection "model.sales_project.customers_spending"
[0m07:35:55.437435 [debug] [Thread-1 (]: On model.sales_project.customers_spending: COMMIT
[0m07:35:55.441321 [debug] [Thread-1 (]: SQL status: COMMIT in 0.003 seconds
[0m07:35:55.456352 [debug] [Thread-1 (]: Applying DROP to: "sales_db"."public"."customers_spending__dbt_backup"
[0m07:35:55.468879 [debug] [Thread-1 (]: Using postgres connection "model.sales_project.customers_spending"
[0m07:35:55.469890 [debug] [Thread-1 (]: On model.sales_project.customers_spending: /* {"app": "dbt", "dbt_version": "1.12.0b3", "profile_name": "sales_project", "target_name": "dev", "node_id": "model.sales_project.customers_spending"} */
drop table if exists "sales_db"."public"."customers_spending__dbt_backup" cascade
[0m07:35:55.472682 [debug] [Thread-1 (]: SQL status: DROP TABLE in 0.001 seconds
[0m07:35:55.477868 [debug] [Thread-1 (]: On model.sales_project.customers_spending: Close
[0m07:35:55.482482 [debug] [Thread-1 (]: Sending event: {'category': 'dbt', 'action': 'run_model', 'label': '47e13225-9c5a-4922-befa-957d43d23c3b', 'context': [<snowplow_tracker.self_describing_json.SelfDescribingJson object at 0x000001979DE01910>]}
[0m07:35:55.484099 [info ] [Thread-1 (]: 1 of 1 OK created sql table model public.customers_spending .................... [[32mSELECT 609[0m in 0.43s]
[0m07:35:55.487404 [debug] [Thread-1 (]: Finished running node model.sales_project.customers_spending
[0m07:35:55.489930 [debug] [MainThread]: On master: COMMIT
[0m07:35:55.490743 [debug] [MainThread]: Using postgres connection "master"
[0m07:35:55.491430 [debug] [MainThread]: On master: COMMIT
[0m07:35:55.492107 [debug] [MainThread]: Opening a new connection, currently in state closed
[0m07:35:55.565057 [debug] [MainThread]: SQL status: COMMIT in 0.073 seconds
[0m07:35:55.565942 [debug] [MainThread]: On master: Close
[0m07:35:55.566892 [debug] [MainThread]: Connection 'master' was properly closed.
[0m07:35:55.567657 [debug] [MainThread]: Connection 'list_sales_db' was properly closed.
[0m07:35:55.568353 [debug] [MainThread]: Connection 'list_sales_db_public' was properly closed.
[0m07:35:55.569168 [debug] [MainThread]: Connection 'model.sales_project.customers_spending' was properly closed.
[0m07:35:55.570987 [info ] [MainThread]: 
[0m07:35:55.572577 [info ] [MainThread]: Finished running 1 table model in 0 hours 0 minutes and 1.25 seconds (1.25s).
[0m07:35:55.574408 [debug] [MainThread]: Command end result
[0m07:35:55.657092 [debug] [MainThread]: Wrote artifact WritableManifest to D:\Data Analyst\Python\sales_project\target\manifest.json
[0m07:35:55.665742 [debug] [MainThread]: Wrote artifact SemanticManifest to D:\Data Analyst\Python\sales_project\target\semantic_manifest.json
[0m07:35:55.675325 [debug] [MainThread]: Wrote artifact OsiDocument to D:\Data Analyst\Python\sales_project\target\osi_document.json
[0m07:35:55.693700 [debug] [MainThread]: Wrote artifact RunExecutionResult to D:\Data Analyst\Python\sales_project\target\run_results.json
[0m07:35:55.694561 [info ] [MainThread]: 
[0m07:35:55.695739 [info ] [MainThread]: [32mCompleted successfully[0m
[0m07:35:55.696792 [info ] [MainThread]: 
[0m07:35:55.697831 [info ] [MainThread]: Done. PASS=1 WARN=0 ERROR=0 SKIP=0 NO-OP=0 REUSED=0 TOTAL=1
[0m07:35:55.700255 [debug] [MainThread]: Command `dbt run` succeeded at 07:35:55.699994 after 4.52 seconds
[0m07:35:55.701102 [debug] [MainThread]: Sending event: {'category': 'dbt', 'action': 'invocation', 'label': 'end', 'context': [<snowplow_tracker.self_describing_json.SelfDescribingJson object at 0x000001979DA6F330>, <snowplow_tracker.self_describing_json.SelfDescribingJson object at 0x000001979DC1E3F0>, <snowplow_tracker.self_describing_json.SelfDescribingJson object at 0x000001979DC1E210>]}
[0m07:35:55.701913 [debug] [MainThread]: Flushing usage events
[0m07:35:55.710617 [debug] [MainThread]: An error was encountered while trying to flush usage events
[0m07:40:39.915533 [debug] [MainThread]: Sending event: {'category': 'dbt', 'action': 'invocation', 'label': 'start', 'context': [<snowplow_tracker.self_describing_json.SelfDescribingJson object at 0x000002D1B9DDF8C0>, <snowplow_tracker.self_describing_json.SelfDescribingJson object at 0x000002D1BC45BD90>, <snowplow_tracker.self_describing_json.SelfDescribingJson object at 0x000002D1BC45B9D0>]}


============================== 07:40:39.924991 | f0969fbb-7eb1-45e6-a023-4240491968bb ==============================
[0m07:40:39.924991 [info ] [MainThread]: Running with dbt=1.12.0-b3
[0m07:40:39.926471 [debug] [MainThread]: running dbt with arguments {'maximum_seed_size_mib': '1', 'no_print': 'None', 'version_check': 'True', 'target_path': 'None', 'static_parser': 'True', 'warn_error_options': 'WarnErrorOptionsV2(error=[], warn=[], silence=[])', 'printer_width': '80', 'write_json': 'True', 'empty': 'False', 'log_cache_events': 'False', 'introspect': 'True', 'cache_selected_only': 'False', 'log_format': 'default', 'debug': 'False', 'fail_fast': 'False', 'profiles_dir': 'C:\\Users\\Toranj\\.dbt', 'send_anonymous_usage_stats': 'True', 'quiet': 'False', 'warn_error': 'None', 'partial_parse': 'True', 'invocation_command': 'dbt run --select daily_sales', 'use_colors': 'True', 'indirect_selection': 'eager', 'use_experimental_parser': 'False', 'log_path': 'D:\\Data Analyst\\Python\\sales_project\\logs'}
[0m07:40:40.566081 [debug] [MainThread]: Sending event: {'category': 'dbt', 'action': 'project_id', 'label': 'f0969fbb-7eb1-45e6-a023-4240491968bb', 'context': [<snowplow_tracker.self_describing_json.SelfDescribingJson object at 0x000002D1BA3636F0>]}
[0m07:40:40.734143 [debug] [MainThread]: Sending event: {'category': 'dbt', 'action': 'adapter_info', 'label': 'f0969fbb-7eb1-45e6-a023-4240491968bb', 'context': [<snowplow_tracker.self_describing_json.SelfDescribingJson object at 0x000002D1BC257680>]}
[0m07:40:40.737483 [info ] [MainThread]: Registered adapter: postgres=1.10.1
[0m07:40:41.248097 [debug] [MainThread]: checksum: 1422b360ba387c4a32c0f6c7d0628301536a3df5895ffefc77e86256980727b7, vars: {}, profile: sales_project, target: dev, version: 1.12.0b3
[0m07:40:41.705967 [debug] [MainThread]: Partial parsing enabled: 0 files deleted, 1 files added, 0 files changed.
[0m07:40:41.707064 [debug] [MainThread]: Partial parsing: added file: sales_project://models\intermediate\daily_sales.sql
[0m07:40:42.409149 [debug] [MainThread]: Sending event: {'category': 'dbt', 'action': 'load_project', 'label': 'f0969fbb-7eb1-45e6-a023-4240491968bb', 'context': [<snowplow_tracker.self_describing_json.SelfDescribingJson object at 0x000002D1BC550850>]}
[0m07:40:42.588500 [debug] [MainThread]: Wrote artifact WritableManifest to D:\Data Analyst\Python\sales_project\target\manifest.json
[0m07:40:42.597294 [debug] [MainThread]: Wrote artifact SemanticManifest to D:\Data Analyst\Python\sales_project\target\semantic_manifest.json
[0m07:40:42.655988 [debug] [MainThread]: Wrote artifact OsiDocument to D:\Data Analyst\Python\sales_project\target\osi_document.json
[0m07:40:42.682765 [debug] [MainThread]: Sending event: {'category': 'dbt', 'action': 'resource_counts', 'label': 'f0969fbb-7eb1-45e6-a023-4240491968bb', 'context': [<snowplow_tracker.self_describing_json.SelfDescribingJson object at 0x000002D1BCA17110>]}
[0m07:40:42.683979 [info ] [MainThread]: Found 5 models, 475 macros
[0m07:40:42.686217 [debug] [MainThread]: Sending event: {'category': 'dbt', 'action': 'runnable_timing', 'label': 'f0969fbb-7eb1-45e6-a023-4240491968bb', 'context': [<snowplow_tracker.self_describing_json.SelfDescribingJson object at 0x000002D1BCB33E70>]}
[0m07:40:42.689531 [info ] [MainThread]: 
[0m07:40:42.690733 [info ] [MainThread]: Concurrency: 4 threads (target='dev')
[0m07:40:42.691900 [info ] [MainThread]: 
[0m07:40:42.696161 [debug] [MainThread]: Acquiring new postgres connection 'master'
[0m07:40:42.706805 [debug] [ThreadPool]: Acquiring new postgres connection 'list_sales_db'
[0m07:40:43.124884 [debug] [ThreadPool]: Using postgres connection "list_sales_db"
[0m07:40:43.125847 [debug] [ThreadPool]: On list_sales_db: /* {"app": "dbt", "dbt_version": "1.12.0b3", "profile_name": "sales_project", "target_name": "dev", "connection_name": "list_sales_db"} */

    select distinct nspname from pg_namespace
  
[0m07:40:43.126652 [debug] [ThreadPool]: Opening a new connection, currently in state init
[0m07:40:43.210366 [debug] [ThreadPool]: SQL status: SELECT 4 in 0.084 seconds
[0m07:40:43.213056 [debug] [ThreadPool]: On list_sales_db: Close
[0m07:40:43.224952 [debug] [ThreadPool]: Acquiring new postgres connection 'list_sales_db_public'
[0m07:40:43.238267 [debug] [ThreadPool]: Using postgres connection "list_sales_db_public"
[0m07:40:43.239197 [debug] [ThreadPool]: On list_sales_db_public: /* {"app": "dbt", "dbt_version": "1.12.0b3", "profile_name": "sales_project", "target_name": "dev", "connection_name": "list_sales_db_public"} */
select
      'sales_db' as database,
      tablename as name,
      schemaname as schema,
      'table' as type
    from pg_tables
    where schemaname ilike 'public'
    union all
    select
      'sales_db' as database,
      viewname as name,
      schemaname as schema,
      'view' as type
    from pg_views
    where schemaname ilike 'public'
    union all
    select
      'sales_db' as database,
      matviewname as name,
      schemaname as schema,
      'materialized_view' as type
    from pg_matviews
    where schemaname ilike 'public'
  
[0m07:40:43.239960 [debug] [ThreadPool]: Opening a new connection, currently in state init
[0m07:40:43.312370 [debug] [ThreadPool]: SQL status: SELECT 7 in 0.072 seconds
[0m07:40:43.316438 [debug] [ThreadPool]: On list_sales_db_public: ROLLBACK
[0m07:40:43.317489 [debug] [ThreadPool]: On list_sales_db_public: Close
[0m07:40:43.329624 [debug] [MainThread]: Using postgres connection "master"
[0m07:40:43.330705 [debug] [MainThread]: On master: /* {"app": "dbt", "dbt_version": "1.12.0b3", "profile_name": "sales_project", "target_name": "dev", "connection_name": "master"} */
select distinct
        dependent_namespace.nspname as dependent_schema,
        dependent_class.relname as dependent_name,
        referenced_namespace.nspname as referenced_schema,
        referenced_class.relname as referenced_name

    -- Query for views: views are entries in pg_class with an entry in pg_rewrite, but we avoid
    -- a seq scan on pg_rewrite by leveraging the fact there is an "internal" row in pg_depend for
    -- the view...
    from pg_class as dependent_class
    join pg_namespace as dependent_namespace on dependent_namespace.oid = dependent_class.relnamespace
    join pg_depend as dependent_depend on dependent_depend.refobjid = dependent_class.oid
        and dependent_depend.classid = 'pg_rewrite'::regclass
        and dependent_depend.refclassid = 'pg_class'::regclass
        and dependent_depend.deptype = 'i'

    -- ... and via pg_depend (that has a row per column, hence the need for "distinct" above, and
    -- making sure to exclude the internal row to avoid a view appearing to depend on itself)...
    join pg_depend as joining_depend on joining_depend.objid = dependent_depend.objid
        and joining_depend.classid = 'pg_rewrite'::regclass
        and joining_depend.refclassid = 'pg_class'::regclass
        and joining_depend.refobjid != dependent_depend.refobjid

    -- ... we can find the tables they query from in pg_class, but excluding system tables. Note we
    -- don't need need to exclude _dependent_ system tables, because they only query from other
    -- system tables, and so are automatically excluded by excluding _referenced_ system tables
    join pg_class as referenced_class on referenced_class.oid = joining_depend.refobjid
    join pg_namespace as referenced_namespace on referenced_namespace.oid = referenced_class.relnamespace
        and referenced_namespace.nspname != 'information_schema'
        and referenced_namespace.nspname not like 'pg\_%'

    order by
        dependent_schema, dependent_name, referenced_schema, referenced_name;
[0m07:40:43.332485 [debug] [MainThread]: Opening a new connection, currently in state init
[0m07:40:43.420164 [debug] [MainThread]: SQL status: SELECT 0 in 0.088 seconds
[0m07:40:43.422678 [debug] [MainThread]: Sending event: {'category': 'dbt', 'action': 'runnable_timing', 'label': 'f0969fbb-7eb1-45e6-a023-4240491968bb', 'context': [<snowplow_tracker.self_describing_json.SelfDescribingJson object at 0x000002D1BD044C80>]}
[0m07:40:43.423609 [debug] [MainThread]: On master: ROLLBACK
[0m07:40:43.424492 [debug] [MainThread]: On master: COMMIT
[0m07:40:43.425225 [debug] [MainThread]: Using postgres connection "master"
[0m07:40:43.425904 [debug] [MainThread]: On master: COMMIT
[0m07:40:43.426776 [debug] [MainThread]: SQL status: COMMIT in 0.000 seconds
[0m07:40:43.427485 [debug] [MainThread]: On master: Close
[0m07:40:43.437789 [debug] [Thread-1 (]: Began running node model.sales_project.daily_sales
[0m07:40:43.439061 [info ] [Thread-1 (]: 1 of 1 START sql table model public.daily_sales ................................ [RUN]
[0m07:40:43.440429 [debug] [Thread-1 (]: Acquiring new postgres connection 'model.sales_project.daily_sales'
[0m07:40:43.441336 [debug] [Thread-1 (]: Began compiling node model.sales_project.daily_sales
[0m07:40:43.462889 [debug] [Thread-1 (]: Writing injected SQL for node "model.sales_project.daily_sales"
[0m07:40:43.469130 [debug] [Thread-1 (]: Began executing node model.sales_project.daily_sales
[0m07:40:43.574323 [debug] [Thread-1 (]: Writing runtime sql for node "model.sales_project.daily_sales"
[0m07:40:43.576532 [debug] [Thread-1 (]: Using postgres connection "model.sales_project.daily_sales"
[0m07:40:43.577651 [debug] [Thread-1 (]: On model.sales_project.daily_sales: /* {"app": "dbt", "dbt_version": "1.12.0b3", "profile_name": "sales_project", "target_name": "dev", "node_id": "model.sales_project.daily_sales"} */

  
    

  create  table "sales_db"."public"."daily_sales__dbt_tmp"
  
  
    as
  
  (
    SELECT
    sale_date,
    COUNT(DISTINCT sale_id) AS total_invoices,
    SUM(unit_price * quantity) AS daily_revenue
FROM "sales_db"."public"."stg_sales"
GROUP BY sale_date
ORDER BY sale_date DESC
  );
  
[0m07:40:43.578532 [debug] [Thread-1 (]: Opening a new connection, currently in state init
[0m07:40:43.903140 [debug] [Thread-1 (]: SQL status: SELECT 363 in 0.324 seconds
[0m07:40:43.926650 [debug] [Thread-1 (]: Using postgres connection "model.sales_project.daily_sales"
[0m07:40:43.927695 [debug] [Thread-1 (]: On model.sales_project.daily_sales: /* {"app": "dbt", "dbt_version": "1.12.0b3", "profile_name": "sales_project", "target_name": "dev", "node_id": "model.sales_project.daily_sales"} */
alter table "sales_db"."public"."daily_sales__dbt_tmp" rename to "daily_sales"
[0m07:40:43.929440 [debug] [Thread-1 (]: SQL status: ALTER TABLE in 0.001 seconds
[0m07:40:43.975086 [debug] [Thread-1 (]: On model.sales_project.daily_sales: COMMIT
[0m07:40:43.976185 [debug] [Thread-1 (]: Using postgres connection "model.sales_project.daily_sales"
[0m07:40:43.977076 [debug] [Thread-1 (]: On model.sales_project.daily_sales: COMMIT
[0m07:40:43.979545 [debug] [Thread-1 (]: SQL status: COMMIT in 0.002 seconds
[0m07:40:43.994907 [debug] [Thread-1 (]: Applying DROP to: "sales_db"."public"."daily_sales__dbt_backup"
[0m07:40:44.008971 [debug] [Thread-1 (]: Using postgres connection "model.sales_project.daily_sales"
[0m07:40:44.010014 [debug] [Thread-1 (]: On model.sales_project.daily_sales: /* {"app": "dbt", "dbt_version": "1.12.0b3", "profile_name": "sales_project", "target_name": "dev", "node_id": "model.sales_project.daily_sales"} */
drop table if exists "sales_db"."public"."daily_sales__dbt_backup" cascade
[0m07:40:44.011644 [debug] [Thread-1 (]: SQL status: DROP TABLE in 0.001 seconds
[0m07:40:44.018142 [debug] [Thread-1 (]: On model.sales_project.daily_sales: Close
[0m07:40:44.022877 [debug] [Thread-1 (]: Sending event: {'category': 'dbt', 'action': 'run_model', 'label': 'f0969fbb-7eb1-45e6-a023-4240491968bb', 'context': [<snowplow_tracker.self_describing_json.SelfDescribingJson object at 0x000002D1BCEED910>]}
[0m07:40:44.024528 [info ] [Thread-1 (]: 1 of 1 OK created sql table model public.daily_sales ........................... [[32mSELECT 363[0m in 0.58s]
[0m07:40:44.027777 [debug] [Thread-1 (]: Finished running node model.sales_project.daily_sales
[0m07:40:44.030233 [debug] [MainThread]: On master: COMMIT
[0m07:40:44.031722 [debug] [MainThread]: Using postgres connection "master"
[0m07:40:44.032535 [debug] [MainThread]: On master: COMMIT
[0m07:40:44.033220 [debug] [MainThread]: Opening a new connection, currently in state closed
[0m07:40:44.105621 [debug] [MainThread]: SQL status: COMMIT in 0.072 seconds
[0m07:40:44.106513 [debug] [MainThread]: On master: Close
[0m07:40:44.107504 [debug] [MainThread]: Connection 'master' was properly closed.
[0m07:40:44.108260 [debug] [MainThread]: Connection 'list_sales_db' was properly closed.
[0m07:40:44.108932 [debug] [MainThread]: Connection 'list_sales_db_public' was properly closed.
[0m07:40:44.109609 [debug] [MainThread]: Connection 'model.sales_project.daily_sales' was properly closed.
[0m07:40:44.110530 [info ] [MainThread]: 
[0m07:40:44.112158 [info ] [MainThread]: Finished running 1 table model in 0 hours 0 minutes and 1.41 seconds (1.41s).
[0m07:40:44.114143 [debug] [MainThread]: Command end result
[0m07:40:44.200976 [debug] [MainThread]: Wrote artifact WritableManifest to D:\Data Analyst\Python\sales_project\target\manifest.json
[0m07:40:44.210607 [debug] [MainThread]: Wrote artifact SemanticManifest to D:\Data Analyst\Python\sales_project\target\semantic_manifest.json
[0m07:40:44.220642 [debug] [MainThread]: Wrote artifact OsiDocument to D:\Data Analyst\Python\sales_project\target\osi_document.json
[0m07:40:44.239005 [debug] [MainThread]: Wrote artifact RunExecutionResult to D:\Data Analyst\Python\sales_project\target\run_results.json
[0m07:40:44.239856 [info ] [MainThread]: 
[0m07:40:44.245571 [info ] [MainThread]: [32mCompleted successfully[0m
[0m07:40:44.260010 [info ] [MainThread]: 
[0m07:40:44.261266 [info ] [MainThread]: Done. PASS=1 WARN=0 ERROR=0 SKIP=0 NO-OP=0 REUSED=0 TOTAL=1
[0m07:40:44.265842 [debug] [MainThread]: Command `dbt run` succeeded at 07:40:44.264095 after 4.69 seconds
[0m07:40:44.267130 [debug] [MainThread]: Sending event: {'category': 'dbt', 'action': 'invocation', 'label': 'end', 'context': [<snowplow_tracker.self_describing_json.SelfDescribingJson object at 0x000002D1BCB5EC50>, <snowplow_tracker.self_describing_json.SelfDescribingJson object at 0x000002D1BCD4E530>, <snowplow_tracker.self_describing_json.SelfDescribingJson object at 0x000002D1BCD4E350>]}
[0m07:40:44.270173 [debug] [MainThread]: Flushing usage events
[0m07:40:44.277273 [debug] [MainThread]: An error was encountered while trying to flush usage events
[0m07:48:07.375293 [debug] [MainThread]: Sending event: {'category': 'dbt', 'action': 'invocation', 'label': 'start', 'context': [<snowplow_tracker.self_describing_json.SelfDescribingJson object at 0x000001A18101F8C0>, <snowplow_tracker.self_describing_json.SelfDescribingJson object at 0x000001A18368BD90>, <snowplow_tracker.self_describing_json.SelfDescribingJson object at 0x000001A18368B9D0>]}


============================== 07:48:07.384382 | 27db5105-0e86-489c-84a9-9c9b7e4fa4fd ==============================
[0m07:48:07.384382 [info ] [MainThread]: Running with dbt=1.12.0-b3
[0m07:48:07.385819 [debug] [MainThread]: running dbt with arguments {'static_parser': 'True', 'no_print': 'None', 'version_check': 'True', 'target_path': 'None', 'maximum_seed_size_mib': '1', 'warn_error_options': 'WarnErrorOptionsV2(error=[], warn=[], silence=[])', 'printer_width': '80', 'write_json': 'True', 'introspect': 'True', 'log_cache_events': 'False', 'empty': 'False', 'cache_selected_only': 'False', 'fail_fast': 'False', 'debug': 'False', 'log_format': 'default', 'profiles_dir': 'C:\\Users\\Toranj\\.dbt', 'send_anonymous_usage_stats': 'True', 'quiet': 'False', 'warn_error': 'None', 'partial_parse': 'True', 'use_colors': 'True', 'indirect_selection': 'eager', 'invocation_command': 'dbt run --select customer_segments', 'use_experimental_parser': 'False', 'log_path': 'D:\\Data Analyst\\Python\\sales_project\\logs'}
[0m07:48:08.013652 [debug] [MainThread]: Sending event: {'category': 'dbt', 'action': 'project_id', 'label': '27db5105-0e86-489c-84a9-9c9b7e4fa4fd', 'context': [<snowplow_tracker.self_describing_json.SelfDescribingJson object at 0x000001A1815A76F0>]}
[0m07:48:08.187824 [debug] [MainThread]: Sending event: {'category': 'dbt', 'action': 'adapter_info', 'label': '27db5105-0e86-489c-84a9-9c9b7e4fa4fd', 'context': [<snowplow_tracker.self_describing_json.SelfDescribingJson object at 0x000001A183487680>]}
[0m07:48:08.191624 [info ] [MainThread]: Registered adapter: postgres=1.10.1
[0m07:48:08.705591 [debug] [MainThread]: checksum: 1422b360ba387c4a32c0f6c7d0628301536a3df5895ffefc77e86256980727b7, vars: {}, profile: sales_project, target: dev, version: 1.12.0b3
[0m07:48:09.199569 [debug] [MainThread]: Partial parsing enabled: 0 files deleted, 1 files added, 0 files changed.
[0m07:48:09.200687 [debug] [MainThread]: Partial parsing: added file: sales_project://models\marts\customer_segments.sql
[0m07:48:09.957893 [debug] [MainThread]: Sending event: {'category': 'dbt', 'action': 'load_project', 'label': '27db5105-0e86-489c-84a9-9c9b7e4fa4fd', 'context': [<snowplow_tracker.self_describing_json.SelfDescribingJson object at 0x000001A183781450>]}
[0m07:48:10.147115 [debug] [MainThread]: Wrote artifact WritableManifest to D:\Data Analyst\Python\sales_project\target\manifest.json
[0m07:48:10.159008 [debug] [MainThread]: Wrote artifact SemanticManifest to D:\Data Analyst\Python\sales_project\target\semantic_manifest.json
[0m07:48:10.224217 [debug] [MainThread]: Wrote artifact OsiDocument to D:\Data Analyst\Python\sales_project\target\osi_document.json
[0m07:48:10.250627 [debug] [MainThread]: Sending event: {'category': 'dbt', 'action': 'resource_counts', 'label': '27db5105-0e86-489c-84a9-9c9b7e4fa4fd', 'context': [<snowplow_tracker.self_describing_json.SelfDescribingJson object at 0x000001A183BCB3E0>]}
[0m07:48:10.251648 [info ] [MainThread]: Found 6 models, 475 macros
[0m07:48:10.261075 [debug] [MainThread]: Sending event: {'category': 'dbt', 'action': 'runnable_timing', 'label': '27db5105-0e86-489c-84a9-9c9b7e4fa4fd', 'context': [<snowplow_tracker.self_describing_json.SelfDescribingJson object at 0x000001A183EBD010>]}
[0m07:48:10.265162 [info ] [MainThread]: 
[0m07:48:10.266771 [info ] [MainThread]: Concurrency: 4 threads (target='dev')
[0m07:48:10.267916 [info ] [MainThread]: 
[0m07:48:10.269361 [debug] [MainThread]: Acquiring new postgres connection 'master'
[0m07:48:10.285831 [debug] [ThreadPool]: Acquiring new postgres connection 'list_sales_db'
[0m07:48:10.777161 [debug] [ThreadPool]: Using postgres connection "list_sales_db"
[0m07:48:10.778055 [debug] [ThreadPool]: On list_sales_db: /* {"app": "dbt", "dbt_version": "1.12.0b3", "profile_name": "sales_project", "target_name": "dev", "connection_name": "list_sales_db"} */

    select distinct nspname from pg_namespace
  
[0m07:48:10.778758 [debug] [ThreadPool]: Opening a new connection, currently in state init
[0m07:48:10.863377 [debug] [ThreadPool]: SQL status: SELECT 4 in 0.084 seconds
[0m07:48:10.866161 [debug] [ThreadPool]: On list_sales_db: Close
[0m07:48:10.897353 [debug] [ThreadPool]: Acquiring new postgres connection 'list_sales_db_public'
[0m07:48:10.911614 [debug] [ThreadPool]: Using postgres connection "list_sales_db_public"
[0m07:48:10.912554 [debug] [ThreadPool]: On list_sales_db_public: /* {"app": "dbt", "dbt_version": "1.12.0b3", "profile_name": "sales_project", "target_name": "dev", "connection_name": "list_sales_db_public"} */
select
      'sales_db' as database,
      tablename as name,
      schemaname as schema,
      'table' as type
    from pg_tables
    where schemaname ilike 'public'
    union all
    select
      'sales_db' as database,
      viewname as name,
      schemaname as schema,
      'view' as type
    from pg_views
    where schemaname ilike 'public'
    union all
    select
      'sales_db' as database,
      matviewname as name,
      schemaname as schema,
      'materialized_view' as type
    from pg_matviews
    where schemaname ilike 'public'
  
[0m07:48:10.913323 [debug] [ThreadPool]: Opening a new connection, currently in state init
[0m07:48:10.990192 [debug] [ThreadPool]: SQL status: SELECT 8 in 0.077 seconds
[0m07:48:10.993127 [debug] [ThreadPool]: On list_sales_db_public: ROLLBACK
[0m07:48:10.994076 [debug] [ThreadPool]: On list_sales_db_public: Close
[0m07:48:11.007183 [debug] [MainThread]: Using postgres connection "master"
[0m07:48:11.008532 [debug] [MainThread]: On master: /* {"app": "dbt", "dbt_version": "1.12.0b3", "profile_name": "sales_project", "target_name": "dev", "connection_name": "master"} */
select distinct
        dependent_namespace.nspname as dependent_schema,
        dependent_class.relname as dependent_name,
        referenced_namespace.nspname as referenced_schema,
        referenced_class.relname as referenced_name

    -- Query for views: views are entries in pg_class with an entry in pg_rewrite, but we avoid
    -- a seq scan on pg_rewrite by leveraging the fact there is an "internal" row in pg_depend for
    -- the view...
    from pg_class as dependent_class
    join pg_namespace as dependent_namespace on dependent_namespace.oid = dependent_class.relnamespace
    join pg_depend as dependent_depend on dependent_depend.refobjid = dependent_class.oid
        and dependent_depend.classid = 'pg_rewrite'::regclass
        and dependent_depend.refclassid = 'pg_class'::regclass
        and dependent_depend.deptype = 'i'

    -- ... and via pg_depend (that has a row per column, hence the need for "distinct" above, and
    -- making sure to exclude the internal row to avoid a view appearing to depend on itself)...
    join pg_depend as joining_depend on joining_depend.objid = dependent_depend.objid
        and joining_depend.classid = 'pg_rewrite'::regclass
        and joining_depend.refclassid = 'pg_class'::regclass
        and joining_depend.refobjid != dependent_depend.refobjid

    -- ... we can find the tables they query from in pg_class, but excluding system tables. Note we
    -- don't need need to exclude _dependent_ system tables, because they only query from other
    -- system tables, and so are automatically excluded by excluding _referenced_ system tables
    join pg_class as referenced_class on referenced_class.oid = joining_depend.refobjid
    join pg_namespace as referenced_namespace on referenced_namespace.oid = referenced_class.relnamespace
        and referenced_namespace.nspname != 'information_schema'
        and referenced_namespace.nspname not like 'pg\_%'

    order by
        dependent_schema, dependent_name, referenced_schema, referenced_name;
[0m07:48:11.009445 [debug] [MainThread]: Opening a new connection, currently in state init
[0m07:48:11.118228 [debug] [MainThread]: SQL status: SELECT 0 in 0.109 seconds
[0m07:48:11.120738 [debug] [MainThread]: Sending event: {'category': 'dbt', 'action': 'runnable_timing', 'label': '27db5105-0e86-489c-84a9-9c9b7e4fa4fd', 'context': [<snowplow_tracker.self_describing_json.SelfDescribingJson object at 0x000001A1840E5640>]}
[0m07:48:11.121681 [debug] [MainThread]: On master: ROLLBACK
[0m07:48:11.123888 [debug] [MainThread]: On master: COMMIT
[0m07:48:11.124641 [debug] [MainThread]: Using postgres connection "master"
[0m07:48:11.125340 [debug] [MainThread]: On master: COMMIT
[0m07:48:11.126226 [debug] [MainThread]: SQL status: COMMIT in 0.000 seconds
[0m07:48:11.126947 [debug] [MainThread]: On master: Close
[0m07:48:11.150639 [debug] [Thread-1 (]: Began running node model.sales_project.customer_segments
[0m07:48:11.151893 [info ] [Thread-1 (]: 1 of 1 START sql table model public.customer_segments .......................... [RUN]
[0m07:48:11.153658 [debug] [Thread-1 (]: Acquiring new postgres connection 'model.sales_project.customer_segments'
[0m07:48:11.154580 [debug] [Thread-1 (]: Began compiling node model.sales_project.customer_segments
[0m07:48:11.173293 [debug] [Thread-1 (]: Writing injected SQL for node "model.sales_project.customer_segments"
[0m07:48:11.186271 [debug] [Thread-1 (]: Began executing node model.sales_project.customer_segments
[0m07:48:11.296293 [debug] [Thread-1 (]: Writing runtime sql for node "model.sales_project.customer_segments"
[0m07:48:11.298604 [debug] [Thread-1 (]: Using postgres connection "model.sales_project.customer_segments"
[0m07:48:11.299727 [debug] [Thread-1 (]: On model.sales_project.customer_segments: /* {"app": "dbt", "dbt_version": "1.12.0b3", "profile_name": "sales_project", "target_name": "dev", "node_id": "model.sales_project.customer_segments"} */

  
    

  create  table "sales_db"."public"."customer_segments__dbt_tmp"
  
  
    as
  
  (
    WITH customer_spending AS (
    SELECT *
    FROM customers_spending
)
SELECT
    c.customer_id,
    c.first_name,
    c.last_name,
    cs.total_orders,
    cs.total_spent,
    CASE 
        WHEN cs.total_spent > 500 THEN 'High Value'
        WHEN cs.total_spent > 200 THEN 'Medium Value'  
        ELSE 'Low Value' 
    END AS customer_segment
FROM "sales_db"."public"."stg_customers" c 
LEFT JOIN customers_spending cs USING (customer_id)
  );
  
[0m07:48:11.300669 [debug] [Thread-1 (]: Opening a new connection, currently in state init
[0m07:48:11.413764 [debug] [Thread-1 (]: Postgres adapter: Postgres error: column c.first_name does not exist
LINE 18:     c.first_name,
             ^

[0m07:48:11.414792 [debug] [Thread-1 (]: On model.sales_project.customer_segments: ROLLBACK
[0m07:48:11.415973 [debug] [Thread-1 (]: On model.sales_project.customer_segments: Close
[0m07:48:11.596953 [debug] [Thread-1 (]: Database Error in model customer_segments (models\marts\customer_segments.sql)
  column c.first_name does not exist
  LINE 18:     c.first_name,
               ^
  compiled code at target\run\sales_project\models\marts\customer_segments.sql
[0m07:48:11.601254 [debug] [Thread-1 (]: Sending event: {'category': 'dbt', 'action': 'run_model', 'label': '27db5105-0e86-489c-84a9-9c9b7e4fa4fd', 'context': [<snowplow_tracker.self_describing_json.SelfDescribingJson object at 0x000001A1840B1D90>]}
[0m07:48:11.602762 [error] [Thread-1 (]: 1 of 1 ERROR creating sql table model public.customer_segments ................. [[31mERROR[0m in 0.44s]
[0m07:48:11.604521 [debug] [Thread-1 (]: Finished running node model.sales_project.customer_segments
[0m07:48:11.606103 [debug] [Thread-7 (]: Marking all children of 'model.sales_project.customer_segments' to be skipped because of status 'error'.  Reason: Database Error in model customer_segments (models\marts\customer_segments.sql)
  column c.first_name does not exist
  LINE 18:     c.first_name,
               ^
  compiled code at target\run\sales_project\models\marts\customer_segments.sql.
[0m07:48:11.611046 [debug] [MainThread]: On master: COMMIT
[0m07:48:11.611900 [debug] [MainThread]: Using postgres connection "master"
[0m07:48:11.612608 [debug] [MainThread]: On master: COMMIT
[0m07:48:11.613279 [debug] [MainThread]: Opening a new connection, currently in state closed
[0m07:48:11.688003 [debug] [MainThread]: SQL status: COMMIT in 0.075 seconds
[0m07:48:11.689482 [debug] [MainThread]: On master: Close
[0m07:48:11.690577 [debug] [MainThread]: Connection 'master' was properly closed.
[0m07:48:11.691249 [debug] [MainThread]: Connection 'list_sales_db' was properly closed.
[0m07:48:11.691889 [debug] [MainThread]: Connection 'list_sales_db_public' was properly closed.
[0m07:48:11.692525 [debug] [MainThread]: Connection 'model.sales_project.customer_segments' was properly closed.
[0m07:48:11.693230 [info ] [MainThread]: 
[0m07:48:11.695446 [info ] [MainThread]: Finished running 1 table model in 0 hours 0 minutes and 1.42 seconds (1.42s).
[0m07:48:11.709320 [debug] [MainThread]: Command end result
[0m07:48:11.803566 [debug] [MainThread]: Wrote artifact WritableManifest to D:\Data Analyst\Python\sales_project\target\manifest.json
[0m07:48:11.815169 [debug] [MainThread]: Wrote artifact SemanticManifest to D:\Data Analyst\Python\sales_project\target\semantic_manifest.json
[0m07:48:11.829929 [debug] [MainThread]: Wrote artifact OsiDocument to D:\Data Analyst\Python\sales_project\target\osi_document.json
[0m07:48:11.864370 [debug] [MainThread]: Wrote artifact RunExecutionResult to D:\Data Analyst\Python\sales_project\target\run_results.json
[0m07:48:11.865201 [info ] [MainThread]: 
[0m07:48:11.871042 [info ] [MainThread]: [31mCompleted with 1 error, 0 partial successes, and 0 warnings:[0m
[0m07:48:11.873620 [info ] [MainThread]: 
[0m07:48:11.875216 [error] [MainThread]: [[31mERROR[0m]: in model customer_segments (models\marts\customer_segments.sql)
[0m07:48:11.878405 [error] [MainThread]:   Database Error in model customer_segments (models\marts\customer_segments.sql)
  column c.first_name does not exist
  LINE 18:     c.first_name,
               ^
  compiled code at target\run\sales_project\models\marts\customer_segments.sql
[0m07:48:11.879721 [info ] [MainThread]: 
[0m07:48:11.880991 [info ] [MainThread]:   compiled code at target\compiled\sales_project\models\marts\customer_segments.sql
[0m07:48:11.882121 [info ] [MainThread]: 
[0m07:48:11.884043 [info ] [MainThread]: Done. PASS=0 WARN=0 ERROR=1 SKIP=0 NO-OP=0 REUSED=0 TOTAL=1
[0m07:48:11.893305 [debug] [MainThread]: Command `dbt run` failed at 07:48:11.888600 after 4.86 seconds
[0m07:48:11.894399 [debug] [MainThread]: Sending event: {'category': 'dbt', 'action': 'invocation', 'label': 'end', 'context': [<snowplow_tracker.self_describing_json.SelfDescribingJson object at 0x000001A183BAF5F0>, <snowplow_tracker.self_describing_json.SelfDescribingJson object at 0x000001A183EDA350>, <snowplow_tracker.self_describing_json.SelfDescribingJson object at 0x000001A183EDA7B0>]}
[0m07:48:11.895409 [debug] [MainThread]: Flushing usage events
[0m07:48:11.910474 [debug] [MainThread]: An error was encountered while trying to flush usage events
[0m07:49:59.866754 [debug] [MainThread]: Sending event: {'category': 'dbt', 'action': 'invocation', 'label': 'start', 'context': [<snowplow_tracker.self_describing_json.SelfDescribingJson object at 0x000002541B8FF8C0>, <snowplow_tracker.self_describing_json.SelfDescribingJson object at 0x000002541DF7BD90>, <snowplow_tracker.self_describing_json.SelfDescribingJson object at 0x000002541DF7B9D0>]}


============================== 07:49:59.877062 | 7bcc451c-d976-45cf-81fa-90ff8fdf93c1 ==============================
[0m07:49:59.877062 [info ] [MainThread]: Running with dbt=1.12.0-b3
[0m07:49:59.878468 [debug] [MainThread]: running dbt with arguments {'version_check': 'True', 'no_print': 'None', 'maximum_seed_size_mib': '1', 'warn_error_options': 'WarnErrorOptionsV2(error=[], warn=[], silence=[])', 'target_path': 'None', 'static_parser': 'True', 'printer_width': '80', 'write_json': 'True', 'introspect': 'True', 'log_cache_events': 'False', 'empty': 'False', 'cache_selected_only': 'False', 'fail_fast': 'False', 'debug': 'False', 'log_format': 'default', 'profiles_dir': 'C:\\Users\\Toranj\\.dbt', 'send_anonymous_usage_stats': 'True', 'quiet': 'False', 'warn_error': 'None', 'partial_parse': 'True', 'invocation_command': 'dbt run --select customer_segments', 'indirect_selection': 'eager', 'use_colors': 'True', 'use_experimental_parser': 'False', 'log_path': 'D:\\Data Analyst\\Python\\sales_project\\logs'}
[0m07:50:00.512040 [debug] [MainThread]: Sending event: {'category': 'dbt', 'action': 'project_id', 'label': '7bcc451c-d976-45cf-81fa-90ff8fdf93c1', 'context': [<snowplow_tracker.self_describing_json.SelfDescribingJson object at 0x000002541BE836F0>]}
[0m07:50:00.682655 [debug] [MainThread]: Sending event: {'category': 'dbt', 'action': 'adapter_info', 'label': '7bcc451c-d976-45cf-81fa-90ff8fdf93c1', 'context': [<snowplow_tracker.self_describing_json.SelfDescribingJson object at 0x000002541DD77680>]}
[0m07:50:00.685532 [info ] [MainThread]: Registered adapter: postgres=1.10.1
[0m07:50:01.203253 [debug] [MainThread]: checksum: 1422b360ba387c4a32c0f6c7d0628301536a3df5895ffefc77e86256980727b7, vars: {}, profile: sales_project, target: dev, version: 1.12.0b3
[0m07:50:01.660543 [debug] [MainThread]: Partial parsing enabled: 0 files deleted, 0 files added, 1 files changed.
[0m07:50:01.661785 [debug] [MainThread]: Partial parsing: updated file: sales_project://models\marts\customer_segments.sql
[0m07:50:02.375008 [debug] [MainThread]: Sending event: {'category': 'dbt', 'action': 'load_project', 'label': '7bcc451c-d976-45cf-81fa-90ff8fdf93c1', 'context': [<snowplow_tracker.self_describing_json.SelfDescribingJson object at 0x000002541E071350>]}
[0m07:50:02.555906 [debug] [MainThread]: Wrote artifact WritableManifest to D:\Data Analyst\Python\sales_project\target\manifest.json
[0m07:50:02.564717 [debug] [MainThread]: Wrote artifact SemanticManifest to D:\Data Analyst\Python\sales_project\target\semantic_manifest.json
[0m07:50:02.622447 [debug] [MainThread]: Wrote artifact OsiDocument to D:\Data Analyst\Python\sales_project\target\osi_document.json
[0m07:50:02.647175 [debug] [MainThread]: Sending event: {'category': 'dbt', 'action': 'resource_counts', 'label': '7bcc451c-d976-45cf-81fa-90ff8fdf93c1', 'context': [<snowplow_tracker.self_describing_json.SelfDescribingJson object at 0x000002541E4AF110>]}
[0m07:50:02.648267 [info ] [MainThread]: Found 6 models, 475 macros
[0m07:50:02.650480 [debug] [MainThread]: Sending event: {'category': 'dbt', 'action': 'runnable_timing', 'label': '7bcc451c-d976-45cf-81fa-90ff8fdf93c1', 'context': [<snowplow_tracker.self_describing_json.SelfDescribingJson object at 0x000002541E799470>]}
[0m07:50:02.655315 [info ] [MainThread]: 
[0m07:50:02.656498 [info ] [MainThread]: Concurrency: 4 threads (target='dev')
[0m07:50:02.658399 [info ] [MainThread]: 
[0m07:50:02.659740 [debug] [MainThread]: Acquiring new postgres connection 'master'
[0m07:50:02.661566 [debug] [ThreadPool]: Acquiring new postgres connection 'list_sales_db'
[0m07:50:03.101651 [debug] [ThreadPool]: Using postgres connection "list_sales_db"
[0m07:50:03.102516 [debug] [ThreadPool]: On list_sales_db: /* {"app": "dbt", "dbt_version": "1.12.0b3", "profile_name": "sales_project", "target_name": "dev", "connection_name": "list_sales_db"} */

    select distinct nspname from pg_namespace
  
[0m07:50:03.103447 [debug] [ThreadPool]: Opening a new connection, currently in state init
[0m07:50:03.180122 [debug] [ThreadPool]: SQL status: SELECT 4 in 0.077 seconds
[0m07:50:03.182778 [debug] [ThreadPool]: On list_sales_db: Close
[0m07:50:03.194100 [debug] [ThreadPool]: Acquiring new postgres connection 'list_sales_db_public'
[0m07:50:03.207852 [debug] [ThreadPool]: Using postgres connection "list_sales_db_public"
[0m07:50:03.208787 [debug] [ThreadPool]: On list_sales_db_public: /* {"app": "dbt", "dbt_version": "1.12.0b3", "profile_name": "sales_project", "target_name": "dev", "connection_name": "list_sales_db_public"} */
select
      'sales_db' as database,
      tablename as name,
      schemaname as schema,
      'table' as type
    from pg_tables
    where schemaname ilike 'public'
    union all
    select
      'sales_db' as database,
      viewname as name,
      schemaname as schema,
      'view' as type
    from pg_views
    where schemaname ilike 'public'
    union all
    select
      'sales_db' as database,
      matviewname as name,
      schemaname as schema,
      'materialized_view' as type
    from pg_matviews
    where schemaname ilike 'public'
  
[0m07:50:03.209749 [debug] [ThreadPool]: Opening a new connection, currently in state init
[0m07:50:03.279605 [debug] [ThreadPool]: SQL status: SELECT 8 in 0.070 seconds
[0m07:50:03.282568 [debug] [ThreadPool]: On list_sales_db_public: ROLLBACK
[0m07:50:03.283465 [debug] [ThreadPool]: On list_sales_db_public: Close
[0m07:50:03.296810 [debug] [MainThread]: Using postgres connection "master"
[0m07:50:03.297881 [debug] [MainThread]: On master: /* {"app": "dbt", "dbt_version": "1.12.0b3", "profile_name": "sales_project", "target_name": "dev", "connection_name": "master"} */
select distinct
        dependent_namespace.nspname as dependent_schema,
        dependent_class.relname as dependent_name,
        referenced_namespace.nspname as referenced_schema,
        referenced_class.relname as referenced_name

    -- Query for views: views are entries in pg_class with an entry in pg_rewrite, but we avoid
    -- a seq scan on pg_rewrite by leveraging the fact there is an "internal" row in pg_depend for
    -- the view...
    from pg_class as dependent_class
    join pg_namespace as dependent_namespace on dependent_namespace.oid = dependent_class.relnamespace
    join pg_depend as dependent_depend on dependent_depend.refobjid = dependent_class.oid
        and dependent_depend.classid = 'pg_rewrite'::regclass
        and dependent_depend.refclassid = 'pg_class'::regclass
        and dependent_depend.deptype = 'i'

    -- ... and via pg_depend (that has a row per column, hence the need for "distinct" above, and
    -- making sure to exclude the internal row to avoid a view appearing to depend on itself)...
    join pg_depend as joining_depend on joining_depend.objid = dependent_depend.objid
        and joining_depend.classid = 'pg_rewrite'::regclass
        and joining_depend.refclassid = 'pg_class'::regclass
        and joining_depend.refobjid != dependent_depend.refobjid

    -- ... we can find the tables they query from in pg_class, but excluding system tables. Note we
    -- don't need need to exclude _dependent_ system tables, because they only query from other
    -- system tables, and so are automatically excluded by excluding _referenced_ system tables
    join pg_class as referenced_class on referenced_class.oid = joining_depend.refobjid
    join pg_namespace as referenced_namespace on referenced_namespace.oid = referenced_class.relnamespace
        and referenced_namespace.nspname != 'information_schema'
        and referenced_namespace.nspname not like 'pg\_%'

    order by
        dependent_schema, dependent_name, referenced_schema, referenced_name;
[0m07:50:03.298804 [debug] [MainThread]: Opening a new connection, currently in state init
[0m07:50:03.374077 [debug] [MainThread]: SQL status: SELECT 0 in 0.075 seconds
[0m07:50:03.376600 [debug] [MainThread]: Sending event: {'category': 'dbt', 'action': 'runnable_timing', 'label': '7bcc451c-d976-45cf-81fa-90ff8fdf93c1', 'context': [<snowplow_tracker.self_describing_json.SelfDescribingJson object at 0x000002541E9C5640>]}
[0m07:50:03.377538 [debug] [MainThread]: On master: ROLLBACK
[0m07:50:03.378427 [debug] [MainThread]: On master: COMMIT
[0m07:50:03.379162 [debug] [MainThread]: Using postgres connection "master"
[0m07:50:03.379853 [debug] [MainThread]: On master: COMMIT
[0m07:50:03.380731 [debug] [MainThread]: SQL status: COMMIT in 0.000 seconds
[0m07:50:03.381432 [debug] [MainThread]: On master: Close
[0m07:50:03.390717 [debug] [Thread-1 (]: Began running node model.sales_project.customer_segments
[0m07:50:03.391962 [info ] [Thread-1 (]: 1 of 1 START sql table model public.customer_segments .......................... [RUN]
[0m07:50:03.393448 [debug] [Thread-1 (]: Acquiring new postgres connection 'model.sales_project.customer_segments'
[0m07:50:03.394389 [debug] [Thread-1 (]: Began compiling node model.sales_project.customer_segments
[0m07:50:03.411832 [debug] [Thread-1 (]: Writing injected SQL for node "model.sales_project.customer_segments"
[0m07:50:03.413804 [debug] [Thread-1 (]: Began executing node model.sales_project.customer_segments
[0m07:50:03.529791 [debug] [Thread-1 (]: Writing runtime sql for node "model.sales_project.customer_segments"
[0m07:50:03.531867 [debug] [Thread-1 (]: Using postgres connection "model.sales_project.customer_segments"
[0m07:50:03.532982 [debug] [Thread-1 (]: On model.sales_project.customer_segments: /* {"app": "dbt", "dbt_version": "1.12.0b3", "profile_name": "sales_project", "target_name": "dev", "node_id": "model.sales_project.customer_segments"} */

  
    

  create  table "sales_db"."public"."customer_segments__dbt_tmp"
  
  
    as
  
  (
    WITH customer_spending AS (
    SELECT *
    FROM customers_spending
)
SELECT
    c.customer_id,
    cs.total_orders,
    cs.total_spent,
    CASE 
        WHEN cs.total_spent > 500 THEN 'High Value'
        WHEN cs.total_spent > 200 THEN 'Medium Value'  
        ELSE 'Low Value' 
    END AS customer_segment
FROM "sales_db"."public"."stg_customers" c 
LEFT JOIN customers_spending cs USING (customer_id)
  );
  
[0m07:50:03.533904 [debug] [Thread-1 (]: Opening a new connection, currently in state init
[0m07:50:03.701718 [debug] [Thread-1 (]: SQL status: SELECT 601 in 0.168 seconds
[0m07:50:03.726150 [debug] [Thread-1 (]: Using postgres connection "model.sales_project.customer_segments"
[0m07:50:03.727184 [debug] [Thread-1 (]: On model.sales_project.customer_segments: /* {"app": "dbt", "dbt_version": "1.12.0b3", "profile_name": "sales_project", "target_name": "dev", "node_id": "model.sales_project.customer_segments"} */
alter table "sales_db"."public"."customer_segments__dbt_tmp" rename to "customer_segments"
[0m07:50:03.728743 [debug] [Thread-1 (]: SQL status: ALTER TABLE in 0.001 seconds
[0m07:50:03.774778 [debug] [Thread-1 (]: On model.sales_project.customer_segments: COMMIT
[0m07:50:03.775814 [debug] [Thread-1 (]: Using postgres connection "model.sales_project.customer_segments"
[0m07:50:03.776663 [debug] [Thread-1 (]: On model.sales_project.customer_segments: COMMIT
[0m07:50:03.793523 [debug] [Thread-1 (]: SQL status: COMMIT in 0.016 seconds
[0m07:50:03.808710 [debug] [Thread-1 (]: Applying DROP to: "sales_db"."public"."customer_segments__dbt_backup"
[0m07:50:03.821812 [debug] [Thread-1 (]: Using postgres connection "model.sales_project.customer_segments"
[0m07:50:03.822848 [debug] [Thread-1 (]: On model.sales_project.customer_segments: /* {"app": "dbt", "dbt_version": "1.12.0b3", "profile_name": "sales_project", "target_name": "dev", "node_id": "model.sales_project.customer_segments"} */
drop table if exists "sales_db"."public"."customer_segments__dbt_backup" cascade
[0m07:50:03.824455 [debug] [Thread-1 (]: SQL status: DROP TABLE in 0.001 seconds
[0m07:50:03.829584 [debug] [Thread-1 (]: On model.sales_project.customer_segments: Close
[0m07:50:03.834085 [debug] [Thread-1 (]: Sending event: {'category': 'dbt', 'action': 'run_model', 'label': '7bcc451c-d976-45cf-81fa-90ff8fdf93c1', 'context': [<snowplow_tracker.self_describing_json.SelfDescribingJson object at 0x000002541E9956D0>]}
[0m07:50:03.835581 [info ] [Thread-1 (]: 1 of 1 OK created sql table model public.customer_segments ..................... [[32mSELECT 601[0m in 0.44s]
[0m07:50:03.839942 [debug] [Thread-1 (]: Finished running node model.sales_project.customer_segments
[0m07:50:03.842297 [debug] [MainThread]: On master: COMMIT
[0m07:50:03.843120 [debug] [MainThread]: Using postgres connection "master"
[0m07:50:03.843820 [debug] [MainThread]: On master: COMMIT
[0m07:50:03.844500 [debug] [MainThread]: Opening a new connection, currently in state closed
[0m07:50:03.925789 [debug] [MainThread]: SQL status: COMMIT in 0.081 seconds
[0m07:50:03.926677 [debug] [MainThread]: On master: Close
[0m07:50:03.927625 [debug] [MainThread]: Connection 'master' was properly closed.
[0m07:50:03.928342 [debug] [MainThread]: Connection 'list_sales_db' was properly closed.
[0m07:50:03.928985 [debug] [MainThread]: Connection 'list_sales_db_public' was properly closed.
[0m07:50:03.929628 [debug] [MainThread]: Connection 'model.sales_project.customer_segments' was properly closed.
[0m07:50:03.930354 [info ] [MainThread]: 
[0m07:50:03.935366 [info ] [MainThread]: Finished running 1 table model in 0 hours 0 minutes and 1.27 seconds (1.27s).
[0m07:50:03.943930 [debug] [MainThread]: Command end result
[0m07:50:04.031310 [debug] [MainThread]: Wrote artifact WritableManifest to D:\Data Analyst\Python\sales_project\target\manifest.json
[0m07:50:04.041964 [debug] [MainThread]: Wrote artifact SemanticManifest to D:\Data Analyst\Python\sales_project\target\semantic_manifest.json
[0m07:50:04.050352 [debug] [MainThread]: Wrote artifact OsiDocument to D:\Data Analyst\Python\sales_project\target\osi_document.json
[0m07:50:04.082504 [debug] [MainThread]: Wrote artifact RunExecutionResult to D:\Data Analyst\Python\sales_project\target\run_results.json
[0m07:50:04.083349 [info ] [MainThread]: 
[0m07:50:04.085289 [info ] [MainThread]: [32mCompleted successfully[0m
[0m07:50:04.087623 [info ] [MainThread]: 
[0m07:50:04.089584 [info ] [MainThread]: Done. PASS=1 WARN=0 ERROR=0 SKIP=0 NO-OP=0 REUSED=0 TOTAL=1
[0m07:50:04.093807 [debug] [MainThread]: Command `dbt run` succeeded at 07:50:04.093515 after 4.57 seconds
[0m07:50:04.094661 [debug] [MainThread]: Sending event: {'category': 'dbt', 'action': 'invocation', 'label': 'end', 'context': [<snowplow_tracker.self_describing_json.SelfDescribingJson object at 0x000002541E5FF280>, <snowplow_tracker.self_describing_json.SelfDescribingJson object at 0x000002541EB46670>, <snowplow_tracker.self_describing_json.SelfDescribingJson object at 0x000002541EB46850>]}
[0m07:50:04.095485 [debug] [MainThread]: Flushing usage events
[0m07:50:04.101301 [debug] [MainThread]: An error was encountered while trying to flush usage events
[0m07:54:20.333521 [debug] [MainThread]: Sending event: {'category': 'dbt', 'action': 'invocation', 'label': 'start', 'context': [<snowplow_tracker.self_describing_json.SelfDescribingJson object at 0x0000022BE50EF8C0>, <snowplow_tracker.self_describing_json.SelfDescribingJson object at 0x0000022BE775BD90>, <snowplow_tracker.self_describing_json.SelfDescribingJson object at 0x0000022BE775B9D0>]}


============================== 07:54:20.342586 | 03100ff3-ad9e-465a-a35e-19785c4904b8 ==============================
[0m07:54:20.342586 [info ] [MainThread]: Running with dbt=1.12.0-b3
[0m07:54:20.344148 [debug] [MainThread]: running dbt with arguments {'maximum_seed_size_mib': '1', 'no_print': 'None', 'version_check': 'True', 'target_path': 'None', 'warn_error_options': 'WarnErrorOptionsV2(error=[], warn=[], silence=[])', 'static_parser': 'True', 'printer_width': '80', 'write_json': 'True', 'empty': 'False', 'log_cache_events': 'False', 'introspect': 'True', 'cache_selected_only': 'False', 'fail_fast': 'False', 'debug': 'False', 'log_format': 'default', 'partial_parse': 'True', 'send_anonymous_usage_stats': 'True', 'quiet': 'False', 'warn_error': 'None', 'profiles_dir': 'C:\\Users\\Toranj\\.dbt', 'indirect_selection': 'eager', 'invocation_command': 'dbt run --select sales_summary', 'use_colors': 'True', 'use_experimental_parser': 'False', 'log_path': 'D:\\Data Analyst\\Python\\sales_project\\logs'}
[0m07:54:20.978128 [debug] [MainThread]: Sending event: {'category': 'dbt', 'action': 'project_id', 'label': '03100ff3-ad9e-465a-a35e-19785c4904b8', 'context': [<snowplow_tracker.self_describing_json.SelfDescribingJson object at 0x0000022BE56736F0>]}
[0m07:54:21.151679 [debug] [MainThread]: Sending event: {'category': 'dbt', 'action': 'adapter_info', 'label': '03100ff3-ad9e-465a-a35e-19785c4904b8', 'context': [<snowplow_tracker.self_describing_json.SelfDescribingJson object at 0x0000022BE7557680>]}
[0m07:54:21.154565 [info ] [MainThread]: Registered adapter: postgres=1.10.1
[0m07:54:21.685980 [debug] [MainThread]: checksum: 1422b360ba387c4a32c0f6c7d0628301536a3df5895ffefc77e86256980727b7, vars: {}, profile: sales_project, target: dev, version: 1.12.0b3
[0m07:54:22.140557 [debug] [MainThread]: Partial parsing enabled: 0 files deleted, 1 files added, 0 files changed.
[0m07:54:22.141654 [debug] [MainThread]: Partial parsing: added file: sales_project://models\marts\sales_summary.sql
[0m07:54:22.850306 [debug] [MainThread]: Sending event: {'category': 'dbt', 'action': 'load_project', 'label': '03100ff3-ad9e-465a-a35e-19785c4904b8', 'context': [<snowplow_tracker.self_describing_json.SelfDescribingJson object at 0x0000022BE784D350>]}
[0m07:54:23.027856 [debug] [MainThread]: Wrote artifact WritableManifest to D:\Data Analyst\Python\sales_project\target\manifest.json
[0m07:54:23.037637 [debug] [MainThread]: Wrote artifact SemanticManifest to D:\Data Analyst\Python\sales_project\target\semantic_manifest.json
[0m07:54:23.096190 [debug] [MainThread]: Wrote artifact OsiDocument to D:\Data Analyst\Python\sales_project\target\osi_document.json
[0m07:54:23.125373 [debug] [MainThread]: Sending event: {'category': 'dbt', 'action': 'resource_counts', 'label': '03100ff3-ad9e-465a-a35e-19785c4904b8', 'context': [<snowplow_tracker.self_describing_json.SelfDescribingJson object at 0x0000022BE7D2E5D0>]}
[0m07:54:23.126481 [info ] [MainThread]: Found 7 models, 475 macros
[0m07:54:23.128682 [debug] [MainThread]: Sending event: {'category': 'dbt', 'action': 'runnable_timing', 'label': '03100ff3-ad9e-465a-a35e-19785c4904b8', 'context': [<snowplow_tracker.self_describing_json.SelfDescribingJson object at 0x0000022BE7E57E70>]}
[0m07:54:23.133460 [info ] [MainThread]: 
[0m07:54:23.135149 [info ] [MainThread]: Concurrency: 4 threads (target='dev')
[0m07:54:23.136335 [info ] [MainThread]: 
[0m07:54:23.137603 [debug] [MainThread]: Acquiring new postgres connection 'master'
[0m07:54:23.139356 [debug] [ThreadPool]: Acquiring new postgres connection 'list_sales_db'
[0m07:54:23.573901 [debug] [ThreadPool]: Using postgres connection "list_sales_db"
[0m07:54:23.574765 [debug] [ThreadPool]: On list_sales_db: /* {"app": "dbt", "dbt_version": "1.12.0b3", "profile_name": "sales_project", "target_name": "dev", "connection_name": "list_sales_db"} */

    select distinct nspname from pg_namespace
  
[0m07:54:23.575468 [debug] [ThreadPool]: Opening a new connection, currently in state init
[0m07:54:23.661113 [debug] [ThreadPool]: SQL status: SELECT 4 in 0.086 seconds
[0m07:54:23.663802 [debug] [ThreadPool]: On list_sales_db: Close
[0m07:54:23.675732 [debug] [ThreadPool]: Acquiring new postgres connection 'list_sales_db_public'
[0m07:54:23.688970 [debug] [ThreadPool]: Using postgres connection "list_sales_db_public"
[0m07:54:23.689891 [debug] [ThreadPool]: On list_sales_db_public: /* {"app": "dbt", "dbt_version": "1.12.0b3", "profile_name": "sales_project", "target_name": "dev", "connection_name": "list_sales_db_public"} */
select
      'sales_db' as database,
      tablename as name,
      schemaname as schema,
      'table' as type
    from pg_tables
    where schemaname ilike 'public'
    union all
    select
      'sales_db' as database,
      viewname as name,
      schemaname as schema,
      'view' as type
    from pg_views
    where schemaname ilike 'public'
    union all
    select
      'sales_db' as database,
      matviewname as name,
      schemaname as schema,
      'materialized_view' as type
    from pg_matviews
    where schemaname ilike 'public'
  
[0m07:54:23.690646 [debug] [ThreadPool]: Opening a new connection, currently in state init
[0m07:54:23.760659 [debug] [ThreadPool]: SQL status: SELECT 9 in 0.070 seconds
[0m07:54:23.763619 [debug] [ThreadPool]: On list_sales_db_public: ROLLBACK
[0m07:54:23.765637 [debug] [ThreadPool]: On list_sales_db_public: Close
[0m07:54:23.779349 [debug] [MainThread]: Using postgres connection "master"
[0m07:54:23.780583 [debug] [MainThread]: On master: /* {"app": "dbt", "dbt_version": "1.12.0b3", "profile_name": "sales_project", "target_name": "dev", "connection_name": "master"} */
select distinct
        dependent_namespace.nspname as dependent_schema,
        dependent_class.relname as dependent_name,
        referenced_namespace.nspname as referenced_schema,
        referenced_class.relname as referenced_name

    -- Query for views: views are entries in pg_class with an entry in pg_rewrite, but we avoid
    -- a seq scan on pg_rewrite by leveraging the fact there is an "internal" row in pg_depend for
    -- the view...
    from pg_class as dependent_class
    join pg_namespace as dependent_namespace on dependent_namespace.oid = dependent_class.relnamespace
    join pg_depend as dependent_depend on dependent_depend.refobjid = dependent_class.oid
        and dependent_depend.classid = 'pg_rewrite'::regclass
        and dependent_depend.refclassid = 'pg_class'::regclass
        and dependent_depend.deptype = 'i'

    -- ... and via pg_depend (that has a row per column, hence the need for "distinct" above, and
    -- making sure to exclude the internal row to avoid a view appearing to depend on itself)...
    join pg_depend as joining_depend on joining_depend.objid = dependent_depend.objid
        and joining_depend.classid = 'pg_rewrite'::regclass
        and joining_depend.refclassid = 'pg_class'::regclass
        and joining_depend.refobjid != dependent_depend.refobjid

    -- ... we can find the tables they query from in pg_class, but excluding system tables. Note we
    -- don't need need to exclude _dependent_ system tables, because they only query from other
    -- system tables, and so are automatically excluded by excluding _referenced_ system tables
    join pg_class as referenced_class on referenced_class.oid = joining_depend.refobjid
    join pg_namespace as referenced_namespace on referenced_namespace.oid = referenced_class.relnamespace
        and referenced_namespace.nspname != 'information_schema'
        and referenced_namespace.nspname not like 'pg\_%'

    order by
        dependent_schema, dependent_name, referenced_schema, referenced_name;
[0m07:54:23.782313 [debug] [MainThread]: Opening a new connection, currently in state init
[0m07:54:23.859883 [debug] [MainThread]: SQL status: SELECT 0 in 0.078 seconds
[0m07:54:23.862427 [debug] [MainThread]: Sending event: {'category': 'dbt', 'action': 'runnable_timing', 'label': '03100ff3-ad9e-465a-a35e-19785c4904b8', 'context': [<snowplow_tracker.self_describing_json.SelfDescribingJson object at 0x0000022BE8249300>]}
[0m07:54:23.863376 [debug] [MainThread]: On master: ROLLBACK
[0m07:54:23.864265 [debug] [MainThread]: On master: COMMIT
[0m07:54:23.866293 [debug] [MainThread]: Using postgres connection "master"
[0m07:54:23.867027 [debug] [MainThread]: On master: COMMIT
[0m07:54:23.868000 [debug] [MainThread]: SQL status: COMMIT in 0.000 seconds
[0m07:54:23.868728 [debug] [MainThread]: On master: Close
[0m07:54:23.890003 [debug] [Thread-1 (]: Began running node model.sales_project.sales_summary
[0m07:54:23.891284 [info ] [Thread-1 (]: 1 of 1 START sql table model public.sales_summary .............................. [RUN]
[0m07:54:23.893053 [debug] [Thread-1 (]: Acquiring new postgres connection 'model.sales_project.sales_summary'
[0m07:54:23.893938 [debug] [Thread-1 (]: Began compiling node model.sales_project.sales_summary
[0m07:54:23.911981 [debug] [Thread-1 (]: Writing injected SQL for node "model.sales_project.sales_summary"
[0m07:54:23.913808 [debug] [Thread-1 (]: Began executing node model.sales_project.sales_summary
[0m07:54:24.035221 [debug] [Thread-1 (]: Writing runtime sql for node "model.sales_project.sales_summary"
[0m07:54:24.037073 [debug] [Thread-1 (]: Using postgres connection "model.sales_project.sales_summary"
[0m07:54:24.038049 [debug] [Thread-1 (]: On model.sales_project.sales_summary: /* {"app": "dbt", "dbt_version": "1.12.0b3", "profile_name": "sales_project", "target_name": "dev", "node_id": "model.sales_project.sales_summary"} */

  
    

  create  table "sales_db"."public"."sales_summary__dbt_tmp"
  
  
    as
  
  (
    SELECT
    DATE_TRUNC('month', sale_date) AS month,
    COUNT(DISTINCT sale_id) AS total_invoices,
    SUM(unit_price * quantity) AS total_revenue
FROM "sales_db"."public"."stg_sales"
GROUP BY DATE_TRUNC('month', sale_date)
ORDER BY month DESC
  );
  
[0m07:54:24.039025 [debug] [Thread-1 (]: Opening a new connection, currently in state init
[0m07:54:24.155605 [debug] [Thread-1 (]: Postgres adapter: Postgres error: function date_trunc(unknown, text) does not exist
LINE 13:     DATE_TRUNC('month', sale_date) AS month,
             ^
HINT:  No function matches the given name and argument types. You might need to add explicit type casts.

[0m07:54:24.156634 [debug] [Thread-1 (]: On model.sales_project.sales_summary: ROLLBACK
[0m07:54:24.157827 [debug] [Thread-1 (]: On model.sales_project.sales_summary: Close
[0m07:54:24.179637 [debug] [Thread-1 (]: Database Error in model sales_summary (models\marts\sales_summary.sql)
  function date_trunc(unknown, text) does not exist
  LINE 13:     DATE_TRUNC('month', sale_date) AS month,
               ^
  HINT:  No function matches the given name and argument types. You might need to add explicit type casts.
  compiled code at target\run\sales_project\models\marts\sales_summary.sql
[0m07:54:24.186634 [debug] [Thread-1 (]: Sending event: {'category': 'dbt', 'action': 'run_model', 'label': '03100ff3-ad9e-465a-a35e-19785c4904b8', 'context': [<snowplow_tracker.self_describing_json.SelfDescribingJson object at 0x0000022BE8219C10>]}
[0m07:54:24.188205 [error] [Thread-1 (]: 1 of 1 ERROR creating sql table model public.sales_summary ..................... [[31mERROR[0m in 0.29s]
[0m07:54:24.191340 [debug] [Thread-1 (]: Finished running node model.sales_project.sales_summary
[0m07:54:24.192680 [debug] [Thread-7 (]: Marking all children of 'model.sales_project.sales_summary' to be skipped because of status 'error'.  Reason: Database Error in model sales_summary (models\marts\sales_summary.sql)
  function date_trunc(unknown, text) does not exist
  LINE 13:     DATE_TRUNC('month', sale_date) AS month,
               ^
  HINT:  No function matches the given name and argument types. You might need to add explicit type casts.
  compiled code at target\run\sales_project\models\marts\sales_summary.sql.
[0m07:54:24.196143 [debug] [MainThread]: On master: COMMIT
[0m07:54:24.196986 [debug] [MainThread]: Using postgres connection "master"
[0m07:54:24.197684 [debug] [MainThread]: On master: COMMIT
[0m07:54:24.200700 [debug] [MainThread]: Opening a new connection, currently in state closed
[0m07:54:24.275383 [debug] [MainThread]: SQL status: COMMIT in 0.075 seconds
[0m07:54:24.276267 [debug] [MainThread]: On master: Close
[0m07:54:24.277211 [debug] [MainThread]: Connection 'master' was properly closed.
[0m07:54:24.277879 [debug] [MainThread]: Connection 'list_sales_db' was properly closed.
[0m07:54:24.278511 [debug] [MainThread]: Connection 'list_sales_db_public' was properly closed.
[0m07:54:24.279145 [debug] [MainThread]: Connection 'model.sales_project.sales_summary' was properly closed.
[0m07:54:24.279852 [info ] [MainThread]: 
[0m07:54:24.290836 [info ] [MainThread]: Finished running 1 table model in 0 hours 0 minutes and 1.14 seconds (1.14s).
[0m07:54:24.293119 [debug] [MainThread]: Command end result
[0m07:54:24.387592 [debug] [MainThread]: Wrote artifact WritableManifest to D:\Data Analyst\Python\sales_project\target\manifest.json
[0m07:54:24.396386 [debug] [MainThread]: Wrote artifact SemanticManifest to D:\Data Analyst\Python\sales_project\target\semantic_manifest.json
[0m07:54:24.407374 [debug] [MainThread]: Wrote artifact OsiDocument to D:\Data Analyst\Python\sales_project\target\osi_document.json
[0m07:54:24.437033 [debug] [MainThread]: Wrote artifact RunExecutionResult to D:\Data Analyst\Python\sales_project\target\run_results.json
[0m07:54:24.437891 [info ] [MainThread]: 
[0m07:54:24.443709 [info ] [MainThread]: [31mCompleted with 1 error, 0 partial successes, and 0 warnings:[0m
[0m07:54:24.444975 [info ] [MainThread]: 
[0m07:54:24.446309 [error] [MainThread]: [[31mERROR[0m]: in model sales_summary (models\marts\sales_summary.sql)
[0m07:54:24.451573 [error] [MainThread]:   Database Error in model sales_summary (models\marts\sales_summary.sql)
  function date_trunc(unknown, text) does not exist
  LINE 13:     DATE_TRUNC('month', sale_date) AS month,
               ^
  HINT:  No function matches the given name and argument types. You might need to add explicit type casts.
  compiled code at target\run\sales_project\models\marts\sales_summary.sql
[0m07:54:24.453804 [info ] [MainThread]: 
[0m07:54:24.455314 [info ] [MainThread]:   compiled code at target\compiled\sales_project\models\marts\sales_summary.sql
[0m07:54:24.456451 [info ] [MainThread]: 
[0m07:54:24.462042 [info ] [MainThread]: Done. PASS=0 WARN=0 ERROR=1 SKIP=0 NO-OP=0 REUSED=0 TOTAL=1
[0m07:54:24.466131 [debug] [MainThread]: Command `dbt run` failed at 07:54:24.465683 after 4.48 seconds
[0m07:54:24.469885 [debug] [MainThread]: Sending event: {'category': 'dbt', 'action': 'invocation', 'label': 'end', 'context': [<snowplow_tracker.self_describing_json.SelfDescribingJson object at 0x0000022BE7E7DFF0>, <snowplow_tracker.self_describing_json.SelfDescribingJson object at 0x0000022BE806A5D0>, <snowplow_tracker.self_describing_json.SelfDescribingJson object at 0x0000022BE8069270>]}
[0m07:54:24.470783 [debug] [MainThread]: Flushing usage events
[0m07:54:24.476301 [debug] [MainThread]: An error was encountered while trying to flush usage events
[0m07:59:19.694547 [debug] [MainThread]: Sending event: {'category': 'dbt', 'action': 'invocation', 'label': 'start', 'context': [<snowplow_tracker.self_describing_json.SelfDescribingJson object at 0x0000023C5F4BF8C0>, <snowplow_tracker.self_describing_json.SelfDescribingJson object at 0x0000023C61B2BD90>, <snowplow_tracker.self_describing_json.SelfDescribingJson object at 0x0000023C61B2B9D0>]}


============================== 07:59:19.703764 | e8c7923c-a522-465d-9675-9dc80b959f25 ==============================
[0m07:59:19.703764 [info ] [MainThread]: Running with dbt=1.12.0-b3
[0m07:59:19.705175 [debug] [MainThread]: running dbt with arguments {'version_check': 'True', 'no_print': 'None', 'maximum_seed_size_mib': '1', 'target_path': 'None', 'warn_error_options': 'WarnErrorOptionsV2(error=[], warn=[], silence=[])', 'static_parser': 'True', 'printer_width': '80', 'write_json': 'True', 'introspect': 'True', 'log_cache_events': 'False', 'empty': 'False', 'cache_selected_only': 'False', 'fail_fast': 'False', 'debug': 'False', 'log_format': 'default', 'profiles_dir': 'C:\\Users\\Toranj\\.dbt', 'send_anonymous_usage_stats': 'True', 'quiet': 'False', 'warn_error': 'None', 'partial_parse': 'True', 'indirect_selection': 'eager', 'invocation_command': 'dbt run --select sales_summary', 'use_colors': 'True', 'use_experimental_parser': 'False', 'log_path': 'D:\\Data Analyst\\Python\\sales_project\\logs'}
[0m07:59:20.356590 [debug] [MainThread]: Sending event: {'category': 'dbt', 'action': 'project_id', 'label': 'e8c7923c-a522-465d-9675-9dc80b959f25', 'context': [<snowplow_tracker.self_describing_json.SelfDescribingJson object at 0x0000023C5FA476F0>]}
[0m07:59:20.535120 [debug] [MainThread]: Sending event: {'category': 'dbt', 'action': 'adapter_info', 'label': 'e8c7923c-a522-465d-9675-9dc80b959f25', 'context': [<snowplow_tracker.self_describing_json.SelfDescribingJson object at 0x0000023C61927680>]}
[0m07:59:20.537910 [info ] [MainThread]: Registered adapter: postgres=1.10.1
[0m07:59:21.053192 [debug] [MainThread]: checksum: 1422b360ba387c4a32c0f6c7d0628301536a3df5895ffefc77e86256980727b7, vars: {}, profile: sales_project, target: dev, version: 1.12.0b3
[0m07:59:21.509875 [debug] [MainThread]: Partial parsing enabled: 0 files deleted, 0 files added, 1 files changed.
[0m07:59:21.511868 [debug] [MainThread]: Partial parsing: updated file: sales_project://models\staging\stg_sales.sql
[0m07:59:22.237683 [debug] [MainThread]: Sending event: {'category': 'dbt', 'action': 'load_project', 'label': 'e8c7923c-a522-465d-9675-9dc80b959f25', 'context': [<snowplow_tracker.self_describing_json.SelfDescribingJson object at 0x0000023C61C1D650>]}
[0m07:59:22.418275 [debug] [MainThread]: Wrote artifact WritableManifest to D:\Data Analyst\Python\sales_project\target\manifest.json
[0m07:59:22.429941 [debug] [MainThread]: Wrote artifact SemanticManifest to D:\Data Analyst\Python\sales_project\target\semantic_manifest.json
[0m07:59:22.488267 [debug] [MainThread]: Wrote artifact OsiDocument to D:\Data Analyst\Python\sales_project\target\osi_document.json
[0m07:59:22.515517 [debug] [MainThread]: Sending event: {'category': 'dbt', 'action': 'resource_counts', 'label': 'e8c7923c-a522-465d-9675-9dc80b959f25', 'context': [<snowplow_tracker.self_describing_json.SelfDescribingJson object at 0x0000023C620DEF30>]}
[0m07:59:22.516610 [info ] [MainThread]: Found 7 models, 475 macros
[0m07:59:22.518201 [debug] [MainThread]: Sending event: {'category': 'dbt', 'action': 'runnable_timing', 'label': 'e8c7923c-a522-465d-9675-9dc80b959f25', 'context': [<snowplow_tracker.self_describing_json.SelfDescribingJson object at 0x0000023C62205C50>]}
[0m07:59:22.521510 [info ] [MainThread]: 
[0m07:59:22.523299 [info ] [MainThread]: Concurrency: 4 threads (target='dev')
[0m07:59:22.524532 [info ] [MainThread]: 
[0m07:59:22.527258 [debug] [MainThread]: Acquiring new postgres connection 'master'
[0m07:59:22.529412 [debug] [ThreadPool]: Acquiring new postgres connection 'list_sales_db'
[0m07:59:22.947087 [debug] [ThreadPool]: Using postgres connection "list_sales_db"
[0m07:59:22.947995 [debug] [ThreadPool]: On list_sales_db: /* {"app": "dbt", "dbt_version": "1.12.0b3", "profile_name": "sales_project", "target_name": "dev", "connection_name": "list_sales_db"} */

    select distinct nspname from pg_namespace
  
[0m07:59:22.948723 [debug] [ThreadPool]: Opening a new connection, currently in state init
[0m07:59:23.036469 [debug] [ThreadPool]: SQL status: SELECT 4 in 0.088 seconds
[0m07:59:23.039151 [debug] [ThreadPool]: On list_sales_db: Close
[0m07:59:23.050569 [debug] [ThreadPool]: Acquiring new postgres connection 'list_sales_db_public'
[0m07:59:23.064496 [debug] [ThreadPool]: Using postgres connection "list_sales_db_public"
[0m07:59:23.065430 [debug] [ThreadPool]: On list_sales_db_public: /* {"app": "dbt", "dbt_version": "1.12.0b3", "profile_name": "sales_project", "target_name": "dev", "connection_name": "list_sales_db_public"} */
select
      'sales_db' as database,
      tablename as name,
      schemaname as schema,
      'table' as type
    from pg_tables
    where schemaname ilike 'public'
    union all
    select
      'sales_db' as database,
      viewname as name,
      schemaname as schema,
      'view' as type
    from pg_views
    where schemaname ilike 'public'
    union all
    select
      'sales_db' as database,
      matviewname as name,
      schemaname as schema,
      'materialized_view' as type
    from pg_matviews
    where schemaname ilike 'public'
  
[0m07:59:23.066263 [debug] [ThreadPool]: Opening a new connection, currently in state init
[0m07:59:23.140220 [debug] [ThreadPool]: SQL status: SELECT 9 in 0.074 seconds
[0m07:59:23.144604 [debug] [ThreadPool]: On list_sales_db_public: ROLLBACK
[0m07:59:23.145674 [debug] [ThreadPool]: On list_sales_db_public: Close
[0m07:59:23.159023 [debug] [MainThread]: Using postgres connection "master"
[0m07:59:23.161352 [debug] [MainThread]: On master: /* {"app": "dbt", "dbt_version": "1.12.0b3", "profile_name": "sales_project", "target_name": "dev", "connection_name": "master"} */
select distinct
        dependent_namespace.nspname as dependent_schema,
        dependent_class.relname as dependent_name,
        referenced_namespace.nspname as referenced_schema,
        referenced_class.relname as referenced_name

    -- Query for views: views are entries in pg_class with an entry in pg_rewrite, but we avoid
    -- a seq scan on pg_rewrite by leveraging the fact there is an "internal" row in pg_depend for
    -- the view...
    from pg_class as dependent_class
    join pg_namespace as dependent_namespace on dependent_namespace.oid = dependent_class.relnamespace
    join pg_depend as dependent_depend on dependent_depend.refobjid = dependent_class.oid
        and dependent_depend.classid = 'pg_rewrite'::regclass
        and dependent_depend.refclassid = 'pg_class'::regclass
        and dependent_depend.deptype = 'i'

    -- ... and via pg_depend (that has a row per column, hence the need for "distinct" above, and
    -- making sure to exclude the internal row to avoid a view appearing to depend on itself)...
    join pg_depend as joining_depend on joining_depend.objid = dependent_depend.objid
        and joining_depend.classid = 'pg_rewrite'::regclass
        and joining_depend.refclassid = 'pg_class'::regclass
        and joining_depend.refobjid != dependent_depend.refobjid

    -- ... we can find the tables they query from in pg_class, but excluding system tables. Note we
    -- don't need need to exclude _dependent_ system tables, because they only query from other
    -- system tables, and so are automatically excluded by excluding _referenced_ system tables
    join pg_class as referenced_class on referenced_class.oid = joining_depend.refobjid
    join pg_namespace as referenced_namespace on referenced_namespace.oid = referenced_class.relnamespace
        and referenced_namespace.nspname != 'information_schema'
        and referenced_namespace.nspname not like 'pg\_%'

    order by
        dependent_schema, dependent_name, referenced_schema, referenced_name;
[0m07:59:23.162412 [debug] [MainThread]: Opening a new connection, currently in state init
[0m07:59:23.235918 [debug] [MainThread]: SQL status: SELECT 0 in 0.073 seconds
[0m07:59:23.238434 [debug] [MainThread]: Sending event: {'category': 'dbt', 'action': 'runnable_timing', 'label': 'e8c7923c-a522-465d-9675-9dc80b959f25', 'context': [<snowplow_tracker.self_describing_json.SelfDescribingJson object at 0x0000023C625FD230>]}
[0m07:59:23.239358 [debug] [MainThread]: On master: ROLLBACK
[0m07:59:23.240234 [debug] [MainThread]: On master: COMMIT
[0m07:59:23.240958 [debug] [MainThread]: Using postgres connection "master"
[0m07:59:23.241637 [debug] [MainThread]: On master: COMMIT
[0m07:59:23.243366 [debug] [MainThread]: SQL status: COMMIT in 0.000 seconds
[0m07:59:23.244161 [debug] [MainThread]: On master: Close
[0m07:59:23.252652 [debug] [Thread-1 (]: Began running node model.sales_project.sales_summary
[0m07:59:23.253926 [info ] [Thread-1 (]: 1 of 1 START sql table model public.sales_summary .............................. [RUN]
[0m07:59:23.255424 [debug] [Thread-1 (]: Acquiring new postgres connection 'model.sales_project.sales_summary'
[0m07:59:23.256387 [debug] [Thread-1 (]: Began compiling node model.sales_project.sales_summary
[0m07:59:23.273365 [debug] [Thread-1 (]: Writing injected SQL for node "model.sales_project.sales_summary"
[0m07:59:23.276472 [debug] [Thread-1 (]: Began executing node model.sales_project.sales_summary
[0m07:59:23.387845 [debug] [Thread-1 (]: Writing runtime sql for node "model.sales_project.sales_summary"
[0m07:59:23.389720 [debug] [Thread-1 (]: Using postgres connection "model.sales_project.sales_summary"
[0m07:59:23.390773 [debug] [Thread-1 (]: On model.sales_project.sales_summary: /* {"app": "dbt", "dbt_version": "1.12.0b3", "profile_name": "sales_project", "target_name": "dev", "node_id": "model.sales_project.sales_summary"} */

  
    

  create  table "sales_db"."public"."sales_summary__dbt_tmp"
  
  
    as
  
  (
    SELECT
    DATE_TRUNC('month', sale_date) AS month,
    COUNT(DISTINCT sale_id) AS total_invoices,
    SUM(unit_price * quantity) AS total_revenue
FROM "sales_db"."public"."stg_sales"
GROUP BY DATE_TRUNC('month', sale_date)
ORDER BY month DESC
  );
  
[0m07:59:23.391763 [debug] [Thread-1 (]: Opening a new connection, currently in state init
[0m07:59:23.568673 [debug] [Thread-1 (]: Postgres adapter: Postgres error: function date_trunc(unknown, text) does not exist
LINE 13:     DATE_TRUNC('month', sale_date) AS month,
             ^
HINT:  No function matches the given name and argument types. You might need to add explicit type casts.

[0m07:59:23.569708 [debug] [Thread-1 (]: On model.sales_project.sales_summary: ROLLBACK
[0m07:59:23.570883 [debug] [Thread-1 (]: On model.sales_project.sales_summary: Close
[0m07:59:23.593306 [debug] [Thread-1 (]: Database Error in model sales_summary (models\marts\sales_summary.sql)
  function date_trunc(unknown, text) does not exist
  LINE 13:     DATE_TRUNC('month', sale_date) AS month,
               ^
  HINT:  No function matches the given name and argument types. You might need to add explicit type casts.
  compiled code at target\run\sales_project\models\marts\sales_summary.sql
[0m07:59:23.597678 [debug] [Thread-1 (]: Sending event: {'category': 'dbt', 'action': 'run_model', 'label': 'e8c7923c-a522-465d-9675-9dc80b959f25', 'context': [<snowplow_tracker.self_describing_json.SelfDescribingJson object at 0x0000023C625C9C10>]}
[0m07:59:23.599166 [error] [Thread-1 (]: 1 of 1 ERROR creating sql table model public.sales_summary ..................... [[31mERROR[0m in 0.34s]
[0m07:59:23.600879 [debug] [Thread-1 (]: Finished running node model.sales_project.sales_summary
[0m07:59:23.602179 [debug] [Thread-7 (]: Marking all children of 'model.sales_project.sales_summary' to be skipped because of status 'error'.  Reason: Database Error in model sales_summary (models\marts\sales_summary.sql)
  function date_trunc(unknown, text) does not exist
  LINE 13:     DATE_TRUNC('month', sale_date) AS month,
               ^
  HINT:  No function matches the given name and argument types. You might need to add explicit type casts.
  compiled code at target\run\sales_project\models\marts\sales_summary.sql.
[0m07:59:23.605607 [debug] [MainThread]: On master: COMMIT
[0m07:59:23.606427 [debug] [MainThread]: Using postgres connection "master"
[0m07:59:23.607124 [debug] [MainThread]: On master: COMMIT
[0m07:59:23.607793 [debug] [MainThread]: Opening a new connection, currently in state closed
[0m07:59:23.680711 [debug] [MainThread]: SQL status: COMMIT in 0.073 seconds
[0m07:59:23.681592 [debug] [MainThread]: On master: Close
[0m07:59:23.682544 [debug] [MainThread]: Connection 'master' was properly closed.
[0m07:59:23.683307 [debug] [MainThread]: Connection 'list_sales_db' was properly closed.
[0m07:59:23.684068 [debug] [MainThread]: Connection 'list_sales_db_public' was properly closed.
[0m07:59:23.684868 [debug] [MainThread]: Connection 'model.sales_project.sales_summary' was properly closed.
[0m07:59:23.685674 [info ] [MainThread]: 
[0m07:59:23.687067 [info ] [MainThread]: Finished running 1 table model in 0 hours 0 minutes and 1.16 seconds (1.16s).
[0m07:59:23.689189 [debug] [MainThread]: Command end result
[0m07:59:23.773274 [debug] [MainThread]: Wrote artifact WritableManifest to D:\Data Analyst\Python\sales_project\target\manifest.json
[0m07:59:23.783212 [debug] [MainThread]: Wrote artifact SemanticManifest to D:\Data Analyst\Python\sales_project\target\semantic_manifest.json
[0m07:59:23.793612 [debug] [MainThread]: Wrote artifact OsiDocument to D:\Data Analyst\Python\sales_project\target\osi_document.json
[0m07:59:23.812418 [debug] [MainThread]: Wrote artifact RunExecutionResult to D:\Data Analyst\Python\sales_project\target\run_results.json
[0m07:59:23.813282 [info ] [MainThread]: 
[0m07:59:23.814394 [info ] [MainThread]: [31mCompleted with 1 error, 0 partial successes, and 0 warnings:[0m
[0m07:59:23.815360 [info ] [MainThread]: 
[0m07:59:23.816471 [error] [MainThread]: [[31mERROR[0m]: in model sales_summary (models\marts\sales_summary.sql)
[0m07:59:23.817743 [error] [MainThread]:   Database Error in model sales_summary (models\marts\sales_summary.sql)
  function date_trunc(unknown, text) does not exist
  LINE 13:     DATE_TRUNC('month', sale_date) AS month,
               ^
  HINT:  No function matches the given name and argument types. You might need to add explicit type casts.
  compiled code at target\run\sales_project\models\marts\sales_summary.sql
[0m07:59:23.818696 [info ] [MainThread]: 
[0m07:59:23.820225 [info ] [MainThread]:   compiled code at target\compiled\sales_project\models\marts\sales_summary.sql
[0m07:59:23.823238 [info ] [MainThread]: 
[0m07:59:23.824804 [info ] [MainThread]: Done. PASS=0 WARN=0 ERROR=1 SKIP=0 NO-OP=0 REUSED=0 TOTAL=1
[0m07:59:23.830982 [debug] [MainThread]: Command `dbt run` failed at 07:59:23.830667 after 4.49 seconds
[0m07:59:23.831914 [debug] [MainThread]: Sending event: {'category': 'dbt', 'action': 'invocation', 'label': 'end', 'context': [<snowplow_tracker.self_describing_json.SelfDescribingJson object at 0x0000023C6222DFF0>, <snowplow_tracker.self_describing_json.SelfDescribingJson object at 0x0000023C6241A5D0>, <snowplow_tracker.self_describing_json.SelfDescribingJson object at 0x0000023C62419270>]}
[0m07:59:23.832805 [debug] [MainThread]: Flushing usage events
[0m07:59:23.846761 [debug] [MainThread]: An error was encountered while trying to flush usage events
[0m08:00:01.996872 [debug] [MainThread]: Sending event: {'category': 'dbt', 'action': 'invocation', 'label': 'start', 'context': [<snowplow_tracker.self_describing_json.SelfDescribingJson object at 0x0000020FD26CF8C0>, <snowplow_tracker.self_describing_json.SelfDescribingJson object at 0x0000020FD4D4BD90>, <snowplow_tracker.self_describing_json.SelfDescribingJson object at 0x0000020FD4D4B9D0>]}


============================== 08:00:02.006329 | ae60f337-50fe-41bd-bc5b-62d9cf730baf ==============================
[0m08:00:02.006329 [info ] [MainThread]: Running with dbt=1.12.0-b3
[0m08:00:02.007985 [debug] [MainThread]: running dbt with arguments {'static_parser': 'True', 'no_print': 'None', 'maximum_seed_size_mib': '1', 'target_path': 'None', 'warn_error_options': 'WarnErrorOptionsV2(error=[], warn=[], silence=[])', 'version_check': 'True', 'printer_width': '80', 'write_json': 'True', 'empty': 'False', 'log_cache_events': 'False', 'introspect': 'True', 'cache_selected_only': 'False', 'log_format': 'default', 'debug': 'False', 'fail_fast': 'False', 'partial_parse': 'True', 'send_anonymous_usage_stats': 'True', 'quiet': 'False', 'warn_error': 'None', 'profiles_dir': 'C:\\Users\\Toranj\\.dbt', 'invocation_command': 'dbt run --select stg_sales', 'use_colors': 'True', 'indirect_selection': 'eager', 'use_experimental_parser': 'False', 'log_path': 'D:\\Data Analyst\\Python\\sales_project\\logs'}
[0m08:00:02.648036 [debug] [MainThread]: Sending event: {'category': 'dbt', 'action': 'project_id', 'label': 'ae60f337-50fe-41bd-bc5b-62d9cf730baf', 'context': [<snowplow_tracker.self_describing_json.SelfDescribingJson object at 0x0000020FD2C536F0>]}
[0m08:00:02.819752 [debug] [MainThread]: Sending event: {'category': 'dbt', 'action': 'adapter_info', 'label': 'ae60f337-50fe-41bd-bc5b-62d9cf730baf', 'context': [<snowplow_tracker.self_describing_json.SelfDescribingJson object at 0x0000020FD4B47680>]}
[0m08:00:02.822520 [info ] [MainThread]: Registered adapter: postgres=1.10.1
[0m08:00:03.338991 [debug] [MainThread]: checksum: 1422b360ba387c4a32c0f6c7d0628301536a3df5895ffefc77e86256980727b7, vars: {}, profile: sales_project, target: dev, version: 1.12.0b3
[0m08:00:03.789886 [debug] [MainThread]: Partial parsing enabled: 0 files deleted, 0 files added, 0 files changed.
[0m08:00:03.790745 [debug] [MainThread]: Nothing changed, skipping partial parsing.
[0m08:00:03.792150 [debug] [MainThread]: Partial parsing enabled, no changes found, skipping parsing
[0m08:00:03.864995 [debug] [MainThread]: Sending event: {'category': 'dbt', 'action': 'load_project', 'label': 'ae60f337-50fe-41bd-bc5b-62d9cf730baf', 'context': [<snowplow_tracker.self_describing_json.SelfDescribingJson object at 0x0000020FD4E40850>]}
[0m08:00:04.054122 [debug] [MainThread]: Wrote artifact WritableManifest to D:\Data Analyst\Python\sales_project\target\manifest.json
[0m08:00:04.064409 [debug] [MainThread]: Wrote artifact SemanticManifest to D:\Data Analyst\Python\sales_project\target\semantic_manifest.json
[0m08:00:04.122906 [debug] [MainThread]: Wrote artifact OsiDocument to D:\Data Analyst\Python\sales_project\target\osi_document.json
[0m08:00:04.149565 [debug] [MainThread]: Sending event: {'category': 'dbt', 'action': 'resource_counts', 'label': 'ae60f337-50fe-41bd-bc5b-62d9cf730baf', 'context': [<snowplow_tracker.self_describing_json.SelfDescribingJson object at 0x0000020FD528E8A0>]}
[0m08:00:04.150699 [info ] [MainThread]: Found 7 models, 475 macros
[0m08:00:04.152298 [debug] [MainThread]: Sending event: {'category': 'dbt', 'action': 'runnable_timing', 'label': 'ae60f337-50fe-41bd-bc5b-62d9cf730baf', 'context': [<snowplow_tracker.self_describing_json.SelfDescribingJson object at 0x0000020FD5480BB0>]}
[0m08:00:04.155630 [info ] [MainThread]: 
[0m08:00:04.157416 [info ] [MainThread]: Concurrency: 4 threads (target='dev')
[0m08:00:04.159875 [info ] [MainThread]: 
[0m08:00:04.161795 [debug] [MainThread]: Acquiring new postgres connection 'master'
[0m08:00:04.163671 [debug] [ThreadPool]: Acquiring new postgres connection 'list_sales_db'
[0m08:00:04.587585 [debug] [ThreadPool]: Using postgres connection "list_sales_db"
[0m08:00:04.588451 [debug] [ThreadPool]: On list_sales_db: /* {"app": "dbt", "dbt_version": "1.12.0b3", "profile_name": "sales_project", "target_name": "dev", "connection_name": "list_sales_db"} */

    select distinct nspname from pg_namespace
  
[0m08:00:04.589157 [debug] [ThreadPool]: Opening a new connection, currently in state init
[0m08:00:04.781382 [debug] [ThreadPool]: SQL status: SELECT 4 in 0.192 seconds
[0m08:00:04.784094 [debug] [ThreadPool]: On list_sales_db: Close
[0m08:00:04.795552 [debug] [ThreadPool]: Acquiring new postgres connection 'list_sales_db_public'
[0m08:00:04.809026 [debug] [ThreadPool]: Using postgres connection "list_sales_db_public"
[0m08:00:04.810485 [debug] [ThreadPool]: On list_sales_db_public: /* {"app": "dbt", "dbt_version": "1.12.0b3", "profile_name": "sales_project", "target_name": "dev", "connection_name": "list_sales_db_public"} */
select
      'sales_db' as database,
      tablename as name,
      schemaname as schema,
      'table' as type
    from pg_tables
    where schemaname ilike 'public'
    union all
    select
      'sales_db' as database,
      viewname as name,
      schemaname as schema,
      'view' as type
    from pg_views
    where schemaname ilike 'public'
    union all
    select
      'sales_db' as database,
      matviewname as name,
      schemaname as schema,
      'materialized_view' as type
    from pg_matviews
    where schemaname ilike 'public'
  
[0m08:00:04.811290 [debug] [ThreadPool]: Opening a new connection, currently in state init
[0m08:00:05.001185 [debug] [ThreadPool]: SQL status: SELECT 9 in 0.190 seconds
[0m08:00:05.004189 [debug] [ThreadPool]: On list_sales_db_public: ROLLBACK
[0m08:00:05.005127 [debug] [ThreadPool]: On list_sales_db_public: Close
[0m08:00:05.019912 [debug] [MainThread]: Using postgres connection "master"
[0m08:00:05.020989 [debug] [MainThread]: On master: /* {"app": "dbt", "dbt_version": "1.12.0b3", "profile_name": "sales_project", "target_name": "dev", "connection_name": "master"} */
select distinct
        dependent_namespace.nspname as dependent_schema,
        dependent_class.relname as dependent_name,
        referenced_namespace.nspname as referenced_schema,
        referenced_class.relname as referenced_name

    -- Query for views: views are entries in pg_class with an entry in pg_rewrite, but we avoid
    -- a seq scan on pg_rewrite by leveraging the fact there is an "internal" row in pg_depend for
    -- the view...
    from pg_class as dependent_class
    join pg_namespace as dependent_namespace on dependent_namespace.oid = dependent_class.relnamespace
    join pg_depend as dependent_depend on dependent_depend.refobjid = dependent_class.oid
        and dependent_depend.classid = 'pg_rewrite'::regclass
        and dependent_depend.refclassid = 'pg_class'::regclass
        and dependent_depend.deptype = 'i'

    -- ... and via pg_depend (that has a row per column, hence the need for "distinct" above, and
    -- making sure to exclude the internal row to avoid a view appearing to depend on itself)...
    join pg_depend as joining_depend on joining_depend.objid = dependent_depend.objid
        and joining_depend.classid = 'pg_rewrite'::regclass
        and joining_depend.refclassid = 'pg_class'::regclass
        and joining_depend.refobjid != dependent_depend.refobjid

    -- ... we can find the tables they query from in pg_class, but excluding system tables. Note we
    -- don't need need to exclude _dependent_ system tables, because they only query from other
    -- system tables, and so are automatically excluded by excluding _referenced_ system tables
    join pg_class as referenced_class on referenced_class.oid = joining_depend.refobjid
    join pg_namespace as referenced_namespace on referenced_namespace.oid = referenced_class.relnamespace
        and referenced_namespace.nspname != 'information_schema'
        and referenced_namespace.nspname not like 'pg\_%'

    order by
        dependent_schema, dependent_name, referenced_schema, referenced_name;
[0m08:00:05.021999 [debug] [MainThread]: Opening a new connection, currently in state init
[0m08:00:05.096992 [debug] [MainThread]: SQL status: SELECT 0 in 0.075 seconds
[0m08:00:05.100390 [debug] [MainThread]: Sending event: {'category': 'dbt', 'action': 'runnable_timing', 'label': 'ae60f337-50fe-41bd-bc5b-62d9cf730baf', 'context': [<snowplow_tracker.self_describing_json.SelfDescribingJson object at 0x0000020FD560D8B0>]}
[0m08:00:05.101416 [debug] [MainThread]: On master: ROLLBACK
[0m08:00:05.102325 [debug] [MainThread]: On master: COMMIT
[0m08:00:05.103045 [debug] [MainThread]: Using postgres connection "master"
[0m08:00:05.103735 [debug] [MainThread]: On master: COMMIT
[0m08:00:05.104645 [debug] [MainThread]: SQL status: COMMIT in 0.000 seconds
[0m08:00:05.105372 [debug] [MainThread]: On master: Close
[0m08:00:05.114569 [debug] [Thread-1 (]: Began running node model.sales_project.stg_sales
[0m08:00:05.115818 [info ] [Thread-1 (]: 1 of 1 START sql table model public.stg_sales .................................. [RUN]
[0m08:00:05.117196 [debug] [Thread-1 (]: Acquiring new postgres connection 'model.sales_project.stg_sales'
[0m08:00:05.118119 [debug] [Thread-1 (]: Began compiling node model.sales_project.stg_sales
[0m08:00:05.133382 [debug] [Thread-1 (]: Writing injected SQL for node "model.sales_project.stg_sales"
[0m08:00:05.135001 [debug] [Thread-1 (]: Began executing node model.sales_project.stg_sales
[0m08:00:05.246576 [debug] [Thread-1 (]: Writing runtime sql for node "model.sales_project.stg_sales"
[0m08:00:05.248416 [debug] [Thread-1 (]: Using postgres connection "model.sales_project.stg_sales"
[0m08:00:05.249470 [debug] [Thread-1 (]: On model.sales_project.stg_sales: /* {"app": "dbt", "dbt_version": "1.12.0b3", "profile_name": "sales_project", "target_name": "dev", "node_id": "model.sales_project.stg_sales"} */

  
    

  create  table "sales_db"."public"."stg_sales__dbt_tmp"
  
  
    as
  
  (
    SELECT
    sale_id,
    sale_date::date AS sale_date,
    customer_id,
    product_id,
    quantity,
    unit_price,
    discount_percent,
    platform,
    city
FROM sales
  );
  
[0m08:00:05.250354 [debug] [Thread-1 (]: Opening a new connection, currently in state init
[0m08:00:05.517682 [debug] [Thread-1 (]: SQL status: SELECT 32348 in 0.267 seconds
[0m08:00:05.541996 [debug] [Thread-1 (]: Using postgres connection "model.sales_project.stg_sales"
[0m08:00:05.543051 [debug] [Thread-1 (]: On model.sales_project.stg_sales: /* {"app": "dbt", "dbt_version": "1.12.0b3", "profile_name": "sales_project", "target_name": "dev", "node_id": "model.sales_project.stg_sales"} */
alter table "sales_db"."public"."stg_sales" rename to "stg_sales__dbt_backup"
[0m08:00:05.544584 [debug] [Thread-1 (]: SQL status: ALTER TABLE in 0.001 seconds
[0m08:00:05.550642 [debug] [Thread-1 (]: Using postgres connection "model.sales_project.stg_sales"
[0m08:00:05.551650 [debug] [Thread-1 (]: On model.sales_project.stg_sales: /* {"app": "dbt", "dbt_version": "1.12.0b3", "profile_name": "sales_project", "target_name": "dev", "node_id": "model.sales_project.stg_sales"} */
alter table "sales_db"."public"."stg_sales__dbt_tmp" rename to "stg_sales"
[0m08:00:05.553183 [debug] [Thread-1 (]: SQL status: ALTER TABLE in 0.001 seconds
[0m08:00:05.601603 [debug] [Thread-1 (]: On model.sales_project.stg_sales: COMMIT
[0m08:00:05.602653 [debug] [Thread-1 (]: Using postgres connection "model.sales_project.stg_sales"
[0m08:00:05.603523 [debug] [Thread-1 (]: On model.sales_project.stg_sales: COMMIT
[0m08:00:05.635710 [debug] [Thread-1 (]: SQL status: COMMIT in 0.031 seconds
[0m08:00:05.651683 [debug] [Thread-1 (]: Applying DROP to: "sales_db"."public"."stg_sales__dbt_backup"
[0m08:00:05.665722 [debug] [Thread-1 (]: Using postgres connection "model.sales_project.stg_sales"
[0m08:00:05.666754 [debug] [Thread-1 (]: On model.sales_project.stg_sales: /* {"app": "dbt", "dbt_version": "1.12.0b3", "profile_name": "sales_project", "target_name": "dev", "node_id": "model.sales_project.stg_sales"} */
drop table if exists "sales_db"."public"."stg_sales__dbt_backup" cascade
[0m08:00:05.765142 [debug] [Thread-1 (]: SQL status: DROP TABLE in 0.097 seconds
[0m08:00:05.770398 [debug] [Thread-1 (]: On model.sales_project.stg_sales: Close
[0m08:00:05.776147 [debug] [Thread-1 (]: Sending event: {'category': 'dbt', 'action': 'run_model', 'label': 'ae60f337-50fe-41bd-bc5b-62d9cf730baf', 'context': [<snowplow_tracker.self_describing_json.SelfDescribingJson object at 0x0000020FD5695490>]}
[0m08:00:05.777851 [info ] [Thread-1 (]: 1 of 1 OK created sql table model public.stg_sales ............................. [[32mSELECT 32348[0m in 0.65s]
[0m08:00:05.780971 [debug] [Thread-1 (]: Finished running node model.sales_project.stg_sales
[0m08:00:05.783494 [debug] [MainThread]: On master: COMMIT
[0m08:00:05.784364 [debug] [MainThread]: Using postgres connection "master"
[0m08:00:05.785081 [debug] [MainThread]: On master: COMMIT
[0m08:00:05.785764 [debug] [MainThread]: Opening a new connection, currently in state closed
[0m08:00:05.853638 [debug] [MainThread]: SQL status: COMMIT in 0.068 seconds
[0m08:00:05.854532 [debug] [MainThread]: On master: Close
[0m08:00:05.855496 [debug] [MainThread]: Connection 'master' was properly closed.
[0m08:00:05.856277 [debug] [MainThread]: Connection 'list_sales_db' was properly closed.
[0m08:00:05.857064 [debug] [MainThread]: Connection 'list_sales_db_public' was properly closed.
[0m08:00:05.857931 [debug] [MainThread]: Connection 'model.sales_project.stg_sales' was properly closed.
[0m08:00:05.860052 [info ] [MainThread]: 
[0m08:00:05.861557 [info ] [MainThread]: Finished running 1 table model in 0 hours 0 minutes and 1.70 seconds (1.70s).
[0m08:00:05.863346 [debug] [MainThread]: Command end result
[0m08:00:05.945756 [debug] [MainThread]: Wrote artifact WritableManifest to D:\Data Analyst\Python\sales_project\target\manifest.json
[0m08:00:05.954434 [debug] [MainThread]: Wrote artifact SemanticManifest to D:\Data Analyst\Python\sales_project\target\semantic_manifest.json
[0m08:00:05.964002 [debug] [MainThread]: Wrote artifact OsiDocument to D:\Data Analyst\Python\sales_project\target\osi_document.json
[0m08:00:05.983186 [debug] [MainThread]: Wrote artifact RunExecutionResult to D:\Data Analyst\Python\sales_project\target\run_results.json
[0m08:00:05.984045 [info ] [MainThread]: 
[0m08:00:05.985178 [info ] [MainThread]: [32mCompleted successfully[0m
[0m08:00:05.986139 [info ] [MainThread]: 
[0m08:00:05.987141 [info ] [MainThread]: Done. PASS=1 WARN=0 ERROR=0 SKIP=0 NO-OP=0 REUSED=0 TOTAL=1
[0m08:00:05.989507 [debug] [MainThread]: Command `dbt run` succeeded at 08:00:05.989244 after 4.27 seconds
[0m08:00:05.990360 [debug] [MainThread]: Sending event: {'category': 'dbt', 'action': 'invocation', 'label': 'end', 'context': [<snowplow_tracker.self_describing_json.SelfDescribingJson object at 0x0000020FD540F280>, <snowplow_tracker.self_describing_json.SelfDescribingJson object at 0x0000020FD5732530>, <snowplow_tracker.self_describing_json.SelfDescribingJson object at 0x0000020FD5730230>]}
[0m08:00:05.991513 [debug] [MainThread]: Flushing usage events
[0m08:00:06.013746 [debug] [MainThread]: An error was encountered while trying to flush usage events
[0m08:00:32.575054 [debug] [MainThread]: Sending event: {'category': 'dbt', 'action': 'invocation', 'label': 'start', 'context': [<snowplow_tracker.self_describing_json.SelfDescribingJson object at 0x000002107327F8C0>, <snowplow_tracker.self_describing_json.SelfDescribingJson object at 0x00000210758EBD90>, <snowplow_tracker.self_describing_json.SelfDescribingJson object at 0x00000210758EB9D0>]}


============================== 08:00:32.584409 | f557f1fd-d1c4-4a09-948a-ccdf3a23a381 ==============================
[0m08:00:32.584409 [info ] [MainThread]: Running with dbt=1.12.0-b3
[0m08:00:32.585916 [debug] [MainThread]: running dbt with arguments {'static_parser': 'True', 'no_print': 'None', 'maximum_seed_size_mib': '1', 'target_path': 'None', 'version_check': 'True', 'warn_error_options': 'WarnErrorOptionsV2(error=[], warn=[], silence=[])', 'printer_width': '80', 'write_json': 'True', 'empty': 'False', 'log_cache_events': 'False', 'introspect': 'True', 'cache_selected_only': 'False', 'log_format': 'default', 'debug': 'False', 'fail_fast': 'False', 'profiles_dir': 'C:\\Users\\Toranj\\.dbt', 'send_anonymous_usage_stats': 'True', 'quiet': 'False', 'warn_error': 'None', 'partial_parse': 'True', 'invocation_command': 'dbt run --select sales_summary', 'use_colors': 'True', 'indirect_selection': 'eager', 'use_experimental_parser': 'False', 'log_path': 'D:\\Data Analyst\\Python\\sales_project\\logs'}
[0m08:00:33.246114 [debug] [MainThread]: Sending event: {'category': 'dbt', 'action': 'project_id', 'label': 'f557f1fd-d1c4-4a09-948a-ccdf3a23a381', 'context': [<snowplow_tracker.self_describing_json.SelfDescribingJson object at 0x00000210738036F0>]}
[0m08:00:33.421079 [debug] [MainThread]: Sending event: {'category': 'dbt', 'action': 'adapter_info', 'label': 'f557f1fd-d1c4-4a09-948a-ccdf3a23a381', 'context': [<snowplow_tracker.self_describing_json.SelfDescribingJson object at 0x00000210756E7680>]}
[0m08:00:33.424833 [info ] [MainThread]: Registered adapter: postgres=1.10.1
[0m08:00:33.941473 [debug] [MainThread]: checksum: 1422b360ba387c4a32c0f6c7d0628301536a3df5895ffefc77e86256980727b7, vars: {}, profile: sales_project, target: dev, version: 1.12.0b3
[0m08:00:34.381476 [debug] [MainThread]: Partial parsing enabled: 0 files deleted, 0 files added, 0 files changed.
[0m08:00:34.382310 [debug] [MainThread]: Nothing changed, skipping partial parsing.
[0m08:00:34.382951 [debug] [MainThread]: Partial parsing enabled, no changes found, skipping parsing
[0m08:00:34.455534 [debug] [MainThread]: Sending event: {'category': 'dbt', 'action': 'load_project', 'label': 'f557f1fd-d1c4-4a09-948a-ccdf3a23a381', 'context': [<snowplow_tracker.self_describing_json.SelfDescribingJson object at 0x00000210759E0850>]}
[0m08:00:34.647658 [debug] [MainThread]: Wrote artifact WritableManifest to D:\Data Analyst\Python\sales_project\target\manifest.json
[0m08:00:34.656402 [debug] [MainThread]: Wrote artifact SemanticManifest to D:\Data Analyst\Python\sales_project\target\semantic_manifest.json
[0m08:00:34.717155 [debug] [MainThread]: Wrote artifact OsiDocument to D:\Data Analyst\Python\sales_project\target\osi_document.json
[0m08:00:34.744116 [debug] [MainThread]: Sending event: {'category': 'dbt', 'action': 'resource_counts', 'label': 'f557f1fd-d1c4-4a09-948a-ccdf3a23a381', 'context': [<snowplow_tracker.self_describing_json.SelfDescribingJson object at 0x0000021075ECE8A0>]}
[0m08:00:34.745396 [info ] [MainThread]: Found 7 models, 475 macros
[0m08:00:34.747477 [debug] [MainThread]: Sending event: {'category': 'dbt', 'action': 'runnable_timing', 'label': 'f557f1fd-d1c4-4a09-948a-ccdf3a23a381', 'context': [<snowplow_tracker.self_describing_json.SelfDescribingJson object at 0x00000210760C0BB0>]}
[0m08:00:34.750943 [info ] [MainThread]: 
[0m08:00:34.754306 [info ] [MainThread]: Concurrency: 4 threads (target='dev')
[0m08:00:34.755463 [info ] [MainThread]: 
[0m08:00:34.756740 [debug] [MainThread]: Acquiring new postgres connection 'master'
[0m08:00:34.759425 [debug] [ThreadPool]: Acquiring new postgres connection 'list_sales_db'
[0m08:00:35.213343 [debug] [ThreadPool]: Using postgres connection "list_sales_db"
[0m08:00:35.214297 [debug] [ThreadPool]: On list_sales_db: /* {"app": "dbt", "dbt_version": "1.12.0b3", "profile_name": "sales_project", "target_name": "dev", "connection_name": "list_sales_db"} */

    select distinct nspname from pg_namespace
  
[0m08:00:35.215243 [debug] [ThreadPool]: Opening a new connection, currently in state init
[0m08:00:35.306168 [debug] [ThreadPool]: SQL status: SELECT 4 in 0.091 seconds
[0m08:00:35.310329 [debug] [ThreadPool]: On list_sales_db: Close
[0m08:00:35.321816 [debug] [ThreadPool]: Acquiring new postgres connection 'list_sales_db_public'
[0m08:00:35.339942 [debug] [ThreadPool]: Using postgres connection "list_sales_db_public"
[0m08:00:35.341558 [debug] [ThreadPool]: On list_sales_db_public: /* {"app": "dbt", "dbt_version": "1.12.0b3", "profile_name": "sales_project", "target_name": "dev", "connection_name": "list_sales_db_public"} */
select
      'sales_db' as database,
      tablename as name,
      schemaname as schema,
      'table' as type
    from pg_tables
    where schemaname ilike 'public'
    union all
    select
      'sales_db' as database,
      viewname as name,
      schemaname as schema,
      'view' as type
    from pg_views
    where schemaname ilike 'public'
    union all
    select
      'sales_db' as database,
      matviewname as name,
      schemaname as schema,
      'materialized_view' as type
    from pg_matviews
    where schemaname ilike 'public'
  
[0m08:00:35.342390 [debug] [ThreadPool]: Opening a new connection, currently in state init
[0m08:00:35.420879 [debug] [ThreadPool]: SQL status: SELECT 9 in 0.078 seconds
[0m08:00:35.425298 [debug] [ThreadPool]: On list_sales_db_public: ROLLBACK
[0m08:00:35.426407 [debug] [ThreadPool]: On list_sales_db_public: Close
[0m08:00:35.439310 [debug] [MainThread]: Using postgres connection "master"
[0m08:00:35.440805 [debug] [MainThread]: On master: /* {"app": "dbt", "dbt_version": "1.12.0b3", "profile_name": "sales_project", "target_name": "dev", "connection_name": "master"} */
select distinct
        dependent_namespace.nspname as dependent_schema,
        dependent_class.relname as dependent_name,
        referenced_namespace.nspname as referenced_schema,
        referenced_class.relname as referenced_name

    -- Query for views: views are entries in pg_class with an entry in pg_rewrite, but we avoid
    -- a seq scan on pg_rewrite by leveraging the fact there is an "internal" row in pg_depend for
    -- the view...
    from pg_class as dependent_class
    join pg_namespace as dependent_namespace on dependent_namespace.oid = dependent_class.relnamespace
    join pg_depend as dependent_depend on dependent_depend.refobjid = dependent_class.oid
        and dependent_depend.classid = 'pg_rewrite'::regclass
        and dependent_depend.refclassid = 'pg_class'::regclass
        and dependent_depend.deptype = 'i'

    -- ... and via pg_depend (that has a row per column, hence the need for "distinct" above, and
    -- making sure to exclude the internal row to avoid a view appearing to depend on itself)...
    join pg_depend as joining_depend on joining_depend.objid = dependent_depend.objid
        and joining_depend.classid = 'pg_rewrite'::regclass
        and joining_depend.refclassid = 'pg_class'::regclass
        and joining_depend.refobjid != dependent_depend.refobjid

    -- ... we can find the tables they query from in pg_class, but excluding system tables. Note we
    -- don't need need to exclude _dependent_ system tables, because they only query from other
    -- system tables, and so are automatically excluded by excluding _referenced_ system tables
    join pg_class as referenced_class on referenced_class.oid = joining_depend.refobjid
    join pg_namespace as referenced_namespace on referenced_namespace.oid = referenced_class.relnamespace
        and referenced_namespace.nspname != 'information_schema'
        and referenced_namespace.nspname not like 'pg\_%'

    order by
        dependent_schema, dependent_name, referenced_schema, referenced_name;
[0m08:00:35.442253 [debug] [MainThread]: Opening a new connection, currently in state init
[0m08:00:35.538598 [debug] [MainThread]: SQL status: SELECT 0 in 0.096 seconds
[0m08:00:35.543955 [debug] [MainThread]: Sending event: {'category': 'dbt', 'action': 'runnable_timing', 'label': 'f557f1fd-d1c4-4a09-948a-ccdf3a23a381', 'context': [<snowplow_tracker.self_describing_json.SelfDescribingJson object at 0x000002107624D8B0>]}
[0m08:00:35.545047 [debug] [MainThread]: On master: ROLLBACK
[0m08:00:35.545938 [debug] [MainThread]: On master: COMMIT
[0m08:00:35.546661 [debug] [MainThread]: Using postgres connection "master"
[0m08:00:35.547351 [debug] [MainThread]: On master: COMMIT
[0m08:00:35.548239 [debug] [MainThread]: SQL status: COMMIT in 0.000 seconds
[0m08:00:35.548964 [debug] [MainThread]: On master: Close
[0m08:00:35.562523 [debug] [Thread-1 (]: Began running node model.sales_project.sales_summary
[0m08:00:35.563788 [info ] [Thread-1 (]: 1 of 1 START sql table model public.sales_summary .............................. [RUN]
[0m08:00:35.565531 [debug] [Thread-1 (]: Acquiring new postgres connection 'model.sales_project.sales_summary'
[0m08:00:35.566427 [debug] [Thread-1 (]: Began compiling node model.sales_project.sales_summary
[0m08:00:35.593053 [debug] [Thread-1 (]: Writing injected SQL for node "model.sales_project.sales_summary"
[0m08:00:35.596963 [debug] [Thread-1 (]: Began executing node model.sales_project.sales_summary
[0m08:00:35.704060 [debug] [Thread-1 (]: Writing runtime sql for node "model.sales_project.sales_summary"
[0m08:00:35.710124 [debug] [Thread-1 (]: Using postgres connection "model.sales_project.sales_summary"
[0m08:00:35.711262 [debug] [Thread-1 (]: On model.sales_project.sales_summary: /* {"app": "dbt", "dbt_version": "1.12.0b3", "profile_name": "sales_project", "target_name": "dev", "node_id": "model.sales_project.sales_summary"} */

  
    

  create  table "sales_db"."public"."sales_summary__dbt_tmp"
  
  
    as
  
  (
    SELECT
    DATE_TRUNC('month', sale_date) AS month,
    COUNT(DISTINCT sale_id) AS total_invoices,
    SUM(unit_price * quantity) AS total_revenue
FROM "sales_db"."public"."stg_sales"
GROUP BY DATE_TRUNC('month', sale_date)
ORDER BY month DESC
  );
  
[0m08:00:35.712194 [debug] [Thread-1 (]: Opening a new connection, currently in state init
[0m08:00:35.938672 [debug] [Thread-1 (]: SQL status: SELECT 13 in 0.226 seconds
[0m08:00:35.964141 [debug] [Thread-1 (]: Using postgres connection "model.sales_project.sales_summary"
[0m08:00:35.965230 [debug] [Thread-1 (]: On model.sales_project.sales_summary: /* {"app": "dbt", "dbt_version": "1.12.0b3", "profile_name": "sales_project", "target_name": "dev", "node_id": "model.sales_project.sales_summary"} */
alter table "sales_db"."public"."sales_summary__dbt_tmp" rename to "sales_summary"
[0m08:00:35.967007 [debug] [Thread-1 (]: SQL status: ALTER TABLE in 0.001 seconds
[0m08:00:36.011398 [debug] [Thread-1 (]: On model.sales_project.sales_summary: COMMIT
[0m08:00:36.012465 [debug] [Thread-1 (]: Using postgres connection "model.sales_project.sales_summary"
[0m08:00:36.013317 [debug] [Thread-1 (]: On model.sales_project.sales_summary: COMMIT
[0m08:00:36.015585 [debug] [Thread-1 (]: SQL status: COMMIT in 0.001 seconds
[0m08:00:36.031257 [debug] [Thread-1 (]: Applying DROP to: "sales_db"."public"."sales_summary__dbt_backup"
[0m08:00:36.044519 [debug] [Thread-1 (]: Using postgres connection "model.sales_project.sales_summary"
[0m08:00:36.045538 [debug] [Thread-1 (]: On model.sales_project.sales_summary: /* {"app": "dbt", "dbt_version": "1.12.0b3", "profile_name": "sales_project", "target_name": "dev", "node_id": "model.sales_project.sales_summary"} */
drop table if exists "sales_db"."public"."sales_summary__dbt_backup" cascade
[0m08:00:36.047113 [debug] [Thread-1 (]: SQL status: DROP TABLE in 0.001 seconds
[0m08:00:36.052243 [debug] [Thread-1 (]: On model.sales_project.sales_summary: Close
[0m08:00:36.056837 [debug] [Thread-1 (]: Sending event: {'category': 'dbt', 'action': 'run_model', 'label': 'f557f1fd-d1c4-4a09-948a-ccdf3a23a381', 'context': [<snowplow_tracker.self_describing_json.SelfDescribingJson object at 0x00000210762D5190>]}
[0m08:00:36.059769 [info ] [Thread-1 (]: 1 of 1 OK created sql table model public.sales_summary ......................... [[32mSELECT 13[0m in 0.49s]
[0m08:00:36.061995 [debug] [Thread-1 (]: Finished running node model.sales_project.sales_summary
[0m08:00:36.064636 [debug] [MainThread]: On master: COMMIT
[0m08:00:36.065506 [debug] [MainThread]: Using postgres connection "master"
[0m08:00:36.066204 [debug] [MainThread]: On master: COMMIT
[0m08:00:36.066884 [debug] [MainThread]: Opening a new connection, currently in state closed
[0m08:00:36.137009 [debug] [MainThread]: SQL status: COMMIT in 0.070 seconds
[0m08:00:36.137880 [debug] [MainThread]: On master: Close
[0m08:00:36.138826 [debug] [MainThread]: Connection 'master' was properly closed.
[0m08:00:36.139496 [debug] [MainThread]: Connection 'list_sales_db' was properly closed.
[0m08:00:36.140130 [debug] [MainThread]: Connection 'list_sales_db_public' was properly closed.
[0m08:00:36.141326 [debug] [MainThread]: Connection 'model.sales_project.sales_summary' was properly closed.
[0m08:00:36.142287 [info ] [MainThread]: 
[0m08:00:36.144548 [info ] [MainThread]: Finished running 1 table model in 0 hours 0 minutes and 1.39 seconds (1.39s).
[0m08:00:36.148750 [debug] [MainThread]: Command end result
[0m08:00:36.231982 [debug] [MainThread]: Wrote artifact WritableManifest to D:\Data Analyst\Python\sales_project\target\manifest.json
[0m08:00:36.241152 [debug] [MainThread]: Wrote artifact SemanticManifest to D:\Data Analyst\Python\sales_project\target\semantic_manifest.json
[0m08:00:36.249552 [debug] [MainThread]: Wrote artifact OsiDocument to D:\Data Analyst\Python\sales_project\target\osi_document.json
[0m08:00:36.268863 [debug] [MainThread]: Wrote artifact RunExecutionResult to D:\Data Analyst\Python\sales_project\target\run_results.json
[0m08:00:36.269722 [info ] [MainThread]: 
[0m08:00:36.270879 [info ] [MainThread]: [32mCompleted successfully[0m
[0m08:00:36.271808 [info ] [MainThread]: 
[0m08:00:36.273035 [info ] [MainThread]: Done. PASS=1 WARN=0 ERROR=0 SKIP=0 NO-OP=0 REUSED=0 TOTAL=1
[0m08:00:36.277290 [debug] [MainThread]: Command `dbt run` succeeded at 08:00:36.276907 after 4.02 seconds
[0m08:00:36.278309 [debug] [MainThread]: Sending event: {'category': 'dbt', 'action': 'invocation', 'label': 'end', 'context': [<snowplow_tracker.self_describing_json.SelfDescribingJson object at 0x000002107604B3E0>, <snowplow_tracker.self_describing_json.SelfDescribingJson object at 0x0000021076765450>, <snowplow_tracker.self_describing_json.SelfDescribingJson object at 0x0000021076765F90>]}
[0m08:00:36.279177 [debug] [MainThread]: Flushing usage events
[0m08:00:36.287815 [debug] [MainThread]: An error was encountered while trying to flush usage events
[0m08:01:07.559752 [debug] [MainThread]: Sending event: {'category': 'dbt', 'action': 'invocation', 'label': 'start', 'context': [<snowplow_tracker.self_describing_json.SelfDescribingJson object at 0x000001B2A74BF8C0>, <snowplow_tracker.self_describing_json.SelfDescribingJson object at 0x000001B2A9B3BD90>, <snowplow_tracker.self_describing_json.SelfDescribingJson object at 0x000001B2A9B3B890>]}


============================== 08:01:07.569023 | 09f00088-f896-4fb0-b08d-fa0f9977f25d ==============================
[0m08:01:07.569023 [info ] [MainThread]: Running with dbt=1.12.0-b3
[0m08:01:07.570619 [debug] [MainThread]: running dbt with arguments {'version_check': 'True', 'no_print': 'None', 'maximum_seed_size_mib': '1', 'warn_error_options': 'WarnErrorOptionsV2(error=[], warn=[], silence=[])', 'target_path': 'None', 'static_parser': 'True', 'printer_width': '80', 'write_json': 'True', 'empty': 'None', 'log_cache_events': 'False', 'introspect': 'True', 'cache_selected_only': 'False', 'log_format': 'default', 'debug': 'False', 'fail_fast': 'False', 'partial_parse': 'True', 'send_anonymous_usage_stats': 'True', 'quiet': 'False', 'warn_error': 'None', 'profiles_dir': 'C:\\Users\\Toranj\\.dbt', 'use_colors': 'True', 'indirect_selection': 'eager', 'invocation_command': 'dbt docs generate', 'use_experimental_parser': 'False', 'log_path': 'D:\\Data Analyst\\Python\\sales_project\\logs'}
[0m08:01:08.253845 [debug] [MainThread]: Sending event: {'category': 'dbt', 'action': 'project_id', 'label': '09f00088-f896-4fb0-b08d-fa0f9977f25d', 'context': [<snowplow_tracker.self_describing_json.SelfDescribingJson object at 0x000001B2A7A436F0>]}
[0m08:01:08.453224 [debug] [MainThread]: Sending event: {'category': 'dbt', 'action': 'adapter_info', 'label': '09f00088-f896-4fb0-b08d-fa0f9977f25d', 'context': [<snowplow_tracker.self_describing_json.SelfDescribingJson object at 0x000001B2A9937680>]}
[0m08:01:08.456030 [info ] [MainThread]: Registered adapter: postgres=1.10.1
[0m08:01:09.026036 [debug] [MainThread]: checksum: 1422b360ba387c4a32c0f6c7d0628301536a3df5895ffefc77e86256980727b7, vars: {}, profile: sales_project, target: dev, version: 1.12.0b3
[0m08:01:09.529318 [debug] [MainThread]: Partial parsing enabled: 0 files deleted, 0 files added, 0 files changed.
[0m08:01:09.530147 [debug] [MainThread]: Nothing changed, skipping partial parsing.
[0m08:01:09.530785 [debug] [MainThread]: Partial parsing enabled, no changes found, skipping parsing
[0m08:01:09.614905 [debug] [MainThread]: Sending event: {'category': 'dbt', 'action': 'load_project', 'label': '09f00088-f896-4fb0-b08d-fa0f9977f25d', 'context': [<snowplow_tracker.self_describing_json.SelfDescribingJson object at 0x000001B2A9C2C850>]}
[0m08:01:09.713120 [debug] [MainThread]: Sending event: {'category': 'dbt', 'action': 'resource_counts', 'label': '09f00088-f896-4fb0-b08d-fa0f9977f25d', 'context': [<snowplow_tracker.self_describing_json.SelfDescribingJson object at 0x000001B2AA0E9E50>]}
[0m08:01:09.714168 [info ] [MainThread]: Found 7 models, 475 macros
[0m08:01:09.717631 [debug] [MainThread]: Sending event: {'category': 'dbt', 'action': 'runnable_timing', 'label': '09f00088-f896-4fb0-b08d-fa0f9977f25d', 'context': [<snowplow_tracker.self_describing_json.SelfDescribingJson object at 0x000001B2AA2489F0>]}
[0m08:01:09.721707 [info ] [MainThread]: 
[0m08:01:09.727312 [info ] [MainThread]: Concurrency: 4 threads (target='dev')
[0m08:01:09.728759 [info ] [MainThread]: 
[0m08:01:09.730202 [debug] [MainThread]: Acquiring new postgres connection 'master'
[0m08:01:09.753842 [debug] [ThreadPool]: Acquiring new postgres connection 'list_sales_db_public'
[0m08:01:10.266241 [debug] [ThreadPool]: Using postgres connection "list_sales_db_public"
[0m08:01:10.267224 [debug] [ThreadPool]: On list_sales_db_public: /* {"app": "dbt", "dbt_version": "1.12.0b3", "profile_name": "sales_project", "target_name": "dev", "connection_name": "list_sales_db_public"} */
select
      'sales_db' as database,
      tablename as name,
      schemaname as schema,
      'table' as type
    from pg_tables
    where schemaname ilike 'public'
    union all
    select
      'sales_db' as database,
      viewname as name,
      schemaname as schema,
      'view' as type
    from pg_views
    where schemaname ilike 'public'
    union all
    select
      'sales_db' as database,
      matviewname as name,
      schemaname as schema,
      'materialized_view' as type
    from pg_matviews
    where schemaname ilike 'public'
  
[0m08:01:10.268162 [debug] [ThreadPool]: Opening a new connection, currently in state init
[0m08:01:10.366746 [debug] [ThreadPool]: SQL status: SELECT 10 in 0.098 seconds
[0m08:01:10.369853 [debug] [ThreadPool]: On list_sales_db_public: ROLLBACK
[0m08:01:10.370765 [debug] [ThreadPool]: On list_sales_db_public: Close
[0m08:01:10.386580 [debug] [MainThread]: Using postgres connection "master"
[0m08:01:10.387631 [debug] [MainThread]: On master: /* {"app": "dbt", "dbt_version": "1.12.0b3", "profile_name": "sales_project", "target_name": "dev", "connection_name": "master"} */
select distinct
        dependent_namespace.nspname as dependent_schema,
        dependent_class.relname as dependent_name,
        referenced_namespace.nspname as referenced_schema,
        referenced_class.relname as referenced_name

    -- Query for views: views are entries in pg_class with an entry in pg_rewrite, but we avoid
    -- a seq scan on pg_rewrite by leveraging the fact there is an "internal" row in pg_depend for
    -- the view...
    from pg_class as dependent_class
    join pg_namespace as dependent_namespace on dependent_namespace.oid = dependent_class.relnamespace
    join pg_depend as dependent_depend on dependent_depend.refobjid = dependent_class.oid
        and dependent_depend.classid = 'pg_rewrite'::regclass
        and dependent_depend.refclassid = 'pg_class'::regclass
        and dependent_depend.deptype = 'i'

    -- ... and via pg_depend (that has a row per column, hence the need for "distinct" above, and
    -- making sure to exclude the internal row to avoid a view appearing to depend on itself)...
    join pg_depend as joining_depend on joining_depend.objid = dependent_depend.objid
        and joining_depend.classid = 'pg_rewrite'::regclass
        and joining_depend.refclassid = 'pg_class'::regclass
        and joining_depend.refobjid != dependent_depend.refobjid

    -- ... we can find the tables they query from in pg_class, but excluding system tables. Note we
    -- don't need need to exclude _dependent_ system tables, because they only query from other
    -- system tables, and so are automatically excluded by excluding _referenced_ system tables
    join pg_class as referenced_class on referenced_class.oid = joining_depend.refobjid
    join pg_namespace as referenced_namespace on referenced_namespace.oid = referenced_class.relnamespace
        and referenced_namespace.nspname != 'information_schema'
        and referenced_namespace.nspname not like 'pg\_%'

    order by
        dependent_schema, dependent_name, referenced_schema, referenced_name;
[0m08:01:10.388543 [debug] [MainThread]: Opening a new connection, currently in state init
[0m08:01:10.488680 [debug] [MainThread]: SQL status: SELECT 0 in 0.100 seconds
[0m08:01:10.493512 [debug] [MainThread]: Sending event: {'category': 'dbt', 'action': 'runnable_timing', 'label': '09f00088-f896-4fb0-b08d-fa0f9977f25d', 'context': [<snowplow_tracker.self_describing_json.SelfDescribingJson object at 0x000001B2AA418AE0>]}
[0m08:01:10.494548 [debug] [MainThread]: On master: ROLLBACK
[0m08:01:10.495425 [debug] [MainThread]: On master: Close
[0m08:01:10.510821 [debug] [Thread-2 (]: Began running node model.sales_project.stg_products
[0m08:01:10.511809 [debug] [Thread-3 (]: Began running node model.sales_project.stg_sales
[0m08:01:10.512667 [debug] [Thread-1 (]: Began running node model.sales_project.stg_customers
[0m08:01:10.513836 [debug] [Thread-2 (]: Acquiring new postgres connection 'model.sales_project.stg_products'
[0m08:01:10.514906 [debug] [Thread-3 (]: Acquiring new postgres connection 'model.sales_project.stg_sales'
[0m08:01:10.515963 [debug] [Thread-1 (]: Acquiring new postgres connection 'model.sales_project.stg_customers'
[0m08:01:10.516840 [debug] [Thread-2 (]: Began compiling node model.sales_project.stg_products
[0m08:01:10.517704 [debug] [Thread-3 (]: Began compiling node model.sales_project.stg_sales
[0m08:01:10.518563 [debug] [Thread-1 (]: Began compiling node model.sales_project.stg_customers
[0m08:01:10.535800 [debug] [Thread-2 (]: Writing injected SQL for node "model.sales_project.stg_products"
[0m08:01:10.539424 [debug] [Thread-3 (]: Writing injected SQL for node "model.sales_project.stg_sales"
[0m08:01:10.545237 [debug] [Thread-1 (]: Writing injected SQL for node "model.sales_project.stg_customers"
[0m08:01:10.547304 [debug] [Thread-2 (]: Began executing node model.sales_project.stg_products
[0m08:01:10.548264 [debug] [Thread-3 (]: Began executing node model.sales_project.stg_sales
[0m08:01:10.549927 [debug] [Thread-2 (]: Finished running node model.sales_project.stg_products
[0m08:01:10.550762 [debug] [Thread-1 (]: Began executing node model.sales_project.stg_customers
[0m08:01:10.552367 [debug] [Thread-3 (]: Finished running node model.sales_project.stg_sales
[0m08:01:10.554073 [debug] [Thread-1 (]: Finished running node model.sales_project.stg_customers
[0m08:01:10.555376 [debug] [Thread-4 (]: Began running node model.sales_project.customers_spending
[0m08:01:10.556276 [debug] [Thread-3 (]: Began running node model.sales_project.sales_summary
[0m08:01:10.560489 [debug] [Thread-1 (]: Began running node model.sales_project.customer_segments
[0m08:01:10.561647 [debug] [Thread-4 (]: Acquiring new postgres connection 'model.sales_project.customers_spending'
[0m08:01:10.562525 [debug] [Thread-2 (]: Began running node model.sales_project.daily_sales
[0m08:01:10.564165 [debug] [Thread-3 (]: Re-using an available connection from the pool (formerly model.sales_project.stg_sales, now model.sales_project.sales_summary)
[0m08:01:10.565106 [debug] [Thread-1 (]: Re-using an available connection from the pool (formerly model.sales_project.stg_customers, now model.sales_project.customer_segments)
[0m08:01:10.565990 [debug] [Thread-4 (]: Began compiling node model.sales_project.customers_spending
[0m08:01:10.566852 [debug] [Thread-2 (]: Re-using an available connection from the pool (formerly model.sales_project.stg_products, now model.sales_project.daily_sales)
[0m08:01:10.567736 [debug] [Thread-3 (]: Began compiling node model.sales_project.sales_summary
[0m08:01:10.568586 [debug] [Thread-1 (]: Began compiling node model.sales_project.customer_segments
[0m08:01:10.576119 [debug] [Thread-4 (]: Writing injected SQL for node "model.sales_project.customers_spending"
[0m08:01:10.577191 [debug] [Thread-2 (]: Began compiling node model.sales_project.daily_sales
[0m08:01:10.582468 [debug] [Thread-3 (]: Writing injected SQL for node "model.sales_project.sales_summary"
[0m08:01:10.588634 [debug] [Thread-1 (]: Writing injected SQL for node "model.sales_project.customer_segments"
[0m08:01:10.596345 [debug] [Thread-2 (]: Writing injected SQL for node "model.sales_project.daily_sales"
[0m08:01:10.597919 [debug] [Thread-3 (]: Began executing node model.sales_project.sales_summary
[0m08:01:10.598892 [debug] [Thread-4 (]: Began executing node model.sales_project.customers_spending
[0m08:01:10.600810 [debug] [Thread-3 (]: Finished running node model.sales_project.sales_summary
[0m08:01:10.602420 [debug] [Thread-4 (]: Finished running node model.sales_project.customers_spending
[0m08:01:10.603494 [debug] [Thread-1 (]: Began executing node model.sales_project.customer_segments
[0m08:01:10.608265 [debug] [Thread-1 (]: Finished running node model.sales_project.customer_segments
[0m08:01:10.604354 [debug] [Thread-2 (]: Began executing node model.sales_project.daily_sales
[0m08:01:10.610786 [debug] [Thread-2 (]: Finished running node model.sales_project.daily_sales
[0m08:01:10.618092 [debug] [MainThread]: Connection 'master' was properly closed.
[0m08:01:10.618938 [debug] [MainThread]: Connection 'list_sales_db_public' was properly closed.
[0m08:01:10.619674 [debug] [MainThread]: Connection 'model.sales_project.daily_sales' was properly closed.
[0m08:01:10.620367 [debug] [MainThread]: Connection 'model.sales_project.sales_summary' was properly closed.
[0m08:01:10.621132 [debug] [MainThread]: Connection 'model.sales_project.customer_segments' was properly closed.
[0m08:01:10.621987 [debug] [MainThread]: Connection 'model.sales_project.customers_spending' was properly closed.
[0m08:01:10.628212 [debug] [MainThread]: Command end result
[0m08:01:10.847340 [debug] [MainThread]: Wrote artifact WritableManifest to D:\Data Analyst\Python\sales_project\target\manifest.json
[0m08:01:10.868127 [debug] [MainThread]: Wrote artifact SemanticManifest to D:\Data Analyst\Python\sales_project\target\semantic_manifest.json
[0m08:01:10.936137 [debug] [MainThread]: Wrote artifact OsiDocument to D:\Data Analyst\Python\sales_project\target\osi_document.json
[0m08:01:10.962266 [debug] [MainThread]: Wrote artifact RunExecutionResult to D:\Data Analyst\Python\sales_project\target\run_results.json
[0m08:01:10.999660 [debug] [MainThread]: Acquiring new postgres connection 'generate_catalog'
[0m08:01:11.000443 [info ] [MainThread]: Building catalog
[0m08:01:11.046849 [debug] [ThreadPool]: Acquiring new postgres connection 'sales_db.information_schema'
[0m08:01:11.066538 [debug] [ThreadPool]: Using postgres connection "sales_db.information_schema"
[0m08:01:11.067624 [debug] [ThreadPool]: On sales_db.information_schema: /* {"app": "dbt", "dbt_version": "1.12.0b3", "profile_name": "sales_project", "target_name": "dev", "connection_name": "sales_db.information_schema"} */

    
    

    select
        'sales_db' as table_database,
        sch.nspname as table_schema,
        tbl.relname as table_name,
        case tbl.relkind
            when 'v' then 'VIEW'
            when 'm' then 'MATERIALIZED VIEW'
            else 'BASE TABLE'
        end as table_type,
        tbl_desc.description as table_comment,
        col.attname as column_name,
        col.attnum as column_index,
        pg_catalog.format_type(col.atttypid, col.atttypmod) as column_type,
        col_desc.description as column_comment,
        pg_get_userbyid(tbl.relowner) as table_owner

    from pg_catalog.pg_namespace sch
    join pg_catalog.pg_class tbl on tbl.relnamespace = sch.oid
    join pg_catalog.pg_attribute col on col.attrelid = tbl.oid
    left outer join pg_catalog.pg_description tbl_desc on (tbl_desc.objoid = tbl.oid and tbl_desc.objsubid = 0)
    left outer join pg_catalog.pg_description col_desc on (col_desc.objoid = tbl.oid and col_desc.objsubid = col.attnum)
    where ((upper(sch.nspname) = upper('public') and
           upper(tbl.relname) = upper('stg_products')) or (upper(sch.nspname) = upper('public') and
           upper(tbl.relname) = upper('stg_customers')) or (upper(sch.nspname) = upper('public') and
           upper(tbl.relname) = upper('customers_spending')) or (upper(sch.nspname) = upper('public') and
           upper(tbl.relname) = upper('sales_summary')) or (upper(sch.nspname) = upper('public') and
           upper(tbl.relname) = upper('customer_segments')) or (upper(sch.nspname) = upper('public') and
           upper(tbl.relname) = upper('daily_sales')) or (upper(sch.nspname) = upper('public') and
           upper(tbl.relname) = upper('stg_sales')))
      and not pg_is_other_temp_schema(sch.oid) -- not a temporary schema belonging to another session
      and tbl.relpersistence in ('p', 'u') -- [p]ermanent table or [u]nlogged table. Exclude [t]emporary tables
      and tbl.relkind in ('r', 'v', 'f', 'p', 'm') -- o[r]dinary table, [v]iew, [f]oreign table, [p]artitioned table, [m]aterialized view. Other values are [i]ndex, [S]equence, [c]omposite type, [t]OAST table
      and col.attnum > 0 -- negative numbers are used for system columns such as oid
      and not col.attisdropped -- column as not been dropped

    order by
        sch.nspname,
        tbl.relname,
        col.attnum
[0m08:01:11.068558 [debug] [ThreadPool]: Opening a new connection, currently in state init
[0m08:01:11.294267 [debug] [ThreadPool]: SQL status: SELECT 31 in 0.226 seconds
[0m08:01:11.300708 [debug] [ThreadPool]: On sales_db.information_schema: ROLLBACK
[0m08:01:11.301647 [debug] [ThreadPool]: On sales_db.information_schema: Close
[0m08:01:11.341792 [debug] [MainThread]: Wrote artifact CatalogArtifact to D:\Data Analyst\Python\sales_project\target\catalog.json
[0m08:01:11.417587 [debug] [MainThread]: Wrote artifact WritableManifest to D:\Data Analyst\Python\sales_project\target\manifest.json
[0m08:01:11.444929 [debug] [MainThread]: Wrote artifact SemanticManifest to D:\Data Analyst\Python\sales_project\target\semantic_manifest.json
[0m08:01:11.453773 [debug] [MainThread]: Wrote artifact OsiDocument to D:\Data Analyst\Python\sales_project\target\osi_document.json
[0m08:01:11.454609 [info ] [MainThread]: Catalog written to D:\Data Analyst\Python\sales_project\target\catalog.json
[0m08:01:11.460674 [debug] [MainThread]: Command `dbt docs generate` succeeded at 08:01:11.460374 after 4.21 seconds
[0m08:01:11.461436 [debug] [MainThread]: Connection 'generate_catalog' was properly closed.
[0m08:01:11.462082 [debug] [MainThread]: Connection 'sales_db.information_schema' was properly closed.
[0m08:01:11.462836 [debug] [MainThread]: Sending event: {'category': 'dbt', 'action': 'invocation', 'label': 'end', 'context': [<snowplow_tracker.self_describing_json.SelfDescribingJson object at 0x000001B2A99990D0>, <snowplow_tracker.self_describing_json.SelfDescribingJson object at 0x000001B2AA183330>, <snowplow_tracker.self_describing_json.SelfDescribingJson object at 0x000001B2AA5A6990>]}
[0m08:01:11.465315 [debug] [MainThread]: Flushing usage events
[0m08:01:11.471067 [debug] [MainThread]: An error was encountered while trying to flush usage events
[0m08:01:31.420565 [debug] [MainThread]: Sending event: {'category': 'dbt', 'action': 'invocation', 'label': 'start', 'context': [<snowplow_tracker.self_describing_json.SelfDescribingJson object at 0x000001BE8C6DF8C0>, <snowplow_tracker.self_describing_json.SelfDescribingJson object at 0x000001BE8ECEBED0>, <snowplow_tracker.self_describing_json.SelfDescribingJson object at 0x000001BE8ECEB750>]}


============================== 08:01:31.430855 | db1ad64c-1181-481e-bf4d-cb17dc197dcf ==============================
[0m08:01:31.430855 [info ] [MainThread]: Running with dbt=1.12.0-b3
[0m08:01:31.432347 [debug] [MainThread]: running dbt with arguments {'version_check': 'True', 'no_print': 'None', 'maximum_seed_size_mib': '1', 'target_path': 'None', 'warn_error_options': 'WarnErrorOptionsV2(error=[], warn=[], silence=[])', 'static_parser': 'True', 'printer_width': '80', 'write_json': 'True', 'empty': 'None', 'log_cache_events': 'False', 'introspect': 'True', 'cache_selected_only': 'False', 'log_format': 'default', 'debug': 'False', 'fail_fast': 'False', 'profiles_dir': 'C:\\Users\\Toranj\\.dbt', 'send_anonymous_usage_stats': 'True', 'quiet': 'False', 'warn_error': 'None', 'partial_parse': 'True', 'invocation_command': 'dbt docs serve', 'use_colors': 'True', 'indirect_selection': 'eager', 'use_experimental_parser': 'False', 'log_path': 'D:\\Data Analyst\\Python\\sales_project\\logs'}
[0m08:01:32.131101 [debug] [MainThread]: Sending event: {'category': 'dbt', 'action': 'project_id', 'label': 'db1ad64c-1181-481e-bf4d-cb17dc197dcf', 'context': [<snowplow_tracker.self_describing_json.SelfDescribingJson object at 0x000001BE8CC676F0>]}
[0m08:01:32.335568 [debug] [MainThread]: Sending event: {'category': 'dbt', 'action': 'adapter_info', 'label': 'db1ad64c-1181-481e-bf4d-cb17dc197dcf', 'context': [<snowplow_tracker.self_describing_json.SelfDescribingJson object at 0x000001BE8EB459D0>]}
[0m14:42:23.493137 [debug] [MainThread]: Sending event: {'category': 'dbt', 'action': 'invocation', 'label': 'start', 'context': [<snowplow_tracker.self_describing_json.SelfDescribingJson object at 0x0000013BFD273620>, <snowplow_tracker.self_describing_json.SelfDescribingJson object at 0x0000013BFF87FD90>, <snowplow_tracker.self_describing_json.SelfDescribingJson object at 0x0000013BFF87F9D0>]}


============================== 14:42:23.502469 | e4fdc0d4-75d7-42f3-aedd-bd73c0aee377 ==============================
[0m14:42:23.502469 [info ] [MainThread]: Running with dbt=1.12.0-b3
[0m14:42:23.504955 [debug] [MainThread]: running dbt with arguments {'maximum_seed_size_mib': '1', 'no_print': 'None', 'version_check': 'True', 'target_path': 'None', 'static_parser': 'True', 'warn_error_options': 'WarnErrorOptionsV2(error=[], warn=[], silence=[])', 'printer_width': '80', 'write_json': 'True', 'empty': 'None', 'log_cache_events': 'False', 'introspect': 'True', 'cache_selected_only': 'False', 'fail_fast': 'False', 'debug': 'False', 'log_format': 'default', 'partial_parse': 'True', 'send_anonymous_usage_stats': 'True', 'quiet': 'False', 'warn_error': 'None', 'profiles_dir': 'C:\\Users\\Toranj\\.dbt', 'invocation_command': 'dbt ', 'use_colors': 'True', 'indirect_selection': 'eager', 'use_experimental_parser': 'False', 'log_path': 'd:\\Data Analyst\\Python\\sales_project\\logs'}
[0m14:42:24.046812 [debug] [MainThread]: Sending event: {'category': 'dbt', 'action': 'project_id', 'label': 'e4fdc0d4-75d7-42f3-aedd-bd73c0aee377', 'context': [<snowplow_tracker.self_describing_json.SelfDescribingJson object at 0x0000013BFD7E75C0>]}
[0m14:42:24.115081 [info ] [MainThread]: Warning: No packages were found in packages.yml
[0m14:42:24.118642 [info ] [MainThread]: Warning: No packages were found in packages.yml
[0m14:42:24.123427 [debug] [MainThread]: Command `cli deps` succeeded at 14:42:24.123064 after 0.98 seconds
[0m14:42:24.124274 [debug] [MainThread]: Sending event: {'category': 'dbt', 'action': 'invocation', 'label': 'end', 'context': [<snowplow_tracker.self_describing_json.SelfDescribingJson object at 0x0000013BFC9B27A0>, <snowplow_tracker.self_describing_json.SelfDescribingJson object at 0x0000013BFFA97130>, <snowplow_tracker.self_describing_json.SelfDescribingJson object at 0x0000013BFF6DD150>]}
[0m14:42:24.125081 [debug] [MainThread]: Flushing usage events
[0m14:42:24.144576 [debug] [MainThread]: An error was encountered while trying to flush usage events
[0m15:19:40.340334 [debug] [MainThread]: Sending event: {'category': 'dbt', 'action': 'invocation', 'label': 'start', 'context': [<snowplow_tracker.self_describing_json.SelfDescribingJson object at 0x00000251FA15F8C0>, <snowplow_tracker.self_describing_json.SelfDescribingJson object at 0x00000251FC7DBD90>, <snowplow_tracker.self_describing_json.SelfDescribingJson object at 0x00000251FC7DB9D0>]}


============================== 15:19:40.351010 | 4f9fe01c-1434-4a94-8e58-a6fbcc18199c ==============================
[0m15:19:40.351010 [info ] [MainThread]: Running with dbt=1.12.0-b3
[0m15:19:40.352531 [debug] [MainThread]: running dbt with arguments {'version_check': 'True', 'no_print': 'None', 'maximum_seed_size_mib': '1', 'target_path': 'None', 'warn_error_options': 'WarnErrorOptionsV2(error=[], warn=[], silence=[])', 'static_parser': 'True', 'printer_width': '80', 'write_json': 'True', 'empty': 'False', 'log_cache_events': 'False', 'introspect': 'True', 'cache_selected_only': 'False', 'log_format': 'default', 'debug': 'False', 'fail_fast': 'False', 'profiles_dir': 'C:\\Users\\Toranj\\.dbt', 'send_anonymous_usage_stats': 'True', 'quiet': 'False', 'warn_error': 'None', 'partial_parse': 'True', 'invocation_command': 'dbt run --select rfm_analysis', 'use_colors': 'True', 'indirect_selection': 'eager', 'use_experimental_parser': 'False', 'log_path': 'D:\\Data Analyst\\Python\\sales_project\\logs'}
[0m15:19:40.986266 [debug] [MainThread]: Sending event: {'category': 'dbt', 'action': 'project_id', 'label': '4f9fe01c-1434-4a94-8e58-a6fbcc18199c', 'context': [<snowplow_tracker.self_describing_json.SelfDescribingJson object at 0x00000251FA6E36F0>]}
[0m15:19:41.156796 [debug] [MainThread]: Sending event: {'category': 'dbt', 'action': 'adapter_info', 'label': '4f9fe01c-1434-4a94-8e58-a6fbcc18199c', 'context': [<snowplow_tracker.self_describing_json.SelfDescribingJson object at 0x00000251FC5D7680>]}
[0m15:19:41.160683 [info ] [MainThread]: Registered adapter: postgres=1.10.1
[0m15:19:41.703823 [debug] [MainThread]: checksum: 1422b360ba387c4a32c0f6c7d0628301536a3df5895ffefc77e86256980727b7, vars: {}, profile: sales_project, target: dev, version: 1.12.0b3
[0m15:19:42.153995 [debug] [MainThread]: Partial parsing enabled: 0 files deleted, 1 files added, 0 files changed.
[0m15:19:42.155113 [debug] [MainThread]: Partial parsing: added file: sales_project://models\marts\rfm_analysis.sql
[0m15:19:42.878259 [debug] [MainThread]: Sending event: {'category': 'dbt', 'action': 'load_project', 'label': '4f9fe01c-1434-4a94-8e58-a6fbcc18199c', 'context': [<snowplow_tracker.self_describing_json.SelfDescribingJson object at 0x00000251FC8D1650>]}
[0m15:19:43.060384 [debug] [MainThread]: Wrote artifact WritableManifest to D:\Data Analyst\Python\sales_project\target\manifest.json
[0m15:19:43.069712 [debug] [MainThread]: Wrote artifact SemanticManifest to D:\Data Analyst\Python\sales_project\target\semantic_manifest.json
[0m15:19:43.135022 [debug] [MainThread]: Wrote artifact OsiDocument to D:\Data Analyst\Python\sales_project\target\osi_document.json
[0m15:19:43.221531 [debug] [MainThread]: Sending event: {'category': 'dbt', 'action': 'resource_counts', 'label': '4f9fe01c-1434-4a94-8e58-a6fbcc18199c', 'context': [<snowplow_tracker.self_describing_json.SelfDescribingJson object at 0x00000251FCD32F30>]}
[0m15:19:43.222566 [info ] [MainThread]: Found 8 models, 475 macros
[0m15:19:43.225073 [debug] [MainThread]: Sending event: {'category': 'dbt', 'action': 'runnable_timing', 'label': '4f9fe01c-1434-4a94-8e58-a6fbcc18199c', 'context': [<snowplow_tracker.self_describing_json.SelfDescribingJson object at 0x00000251FCE56270>]}
[0m15:19:43.229018 [info ] [MainThread]: 
[0m15:19:43.232651 [info ] [MainThread]: Concurrency: 4 threads (target='dev')
[0m15:19:43.234242 [info ] [MainThread]: 
[0m15:19:43.235774 [debug] [MainThread]: Acquiring new postgres connection 'master'
[0m15:19:43.237609 [debug] [ThreadPool]: Acquiring new postgres connection 'list_sales_db'
[0m15:19:44.100790 [debug] [ThreadPool]: Using postgres connection "list_sales_db"
[0m15:19:44.101687 [debug] [ThreadPool]: On list_sales_db: /* {"app": "dbt", "dbt_version": "1.12.0b3", "profile_name": "sales_project", "target_name": "dev", "connection_name": "list_sales_db"} */

    select distinct nspname from pg_namespace
  
[0m15:19:44.102398 [debug] [ThreadPool]: Opening a new connection, currently in state init
[0m15:19:44.197839 [debug] [ThreadPool]: SQL status: SELECT 4 in 0.095 seconds
[0m15:19:44.200523 [debug] [ThreadPool]: On list_sales_db: Close
[0m15:19:44.212657 [debug] [ThreadPool]: Acquiring new postgres connection 'list_sales_db_public'
[0m15:19:44.225896 [debug] [ThreadPool]: Using postgres connection "list_sales_db_public"
[0m15:19:44.226837 [debug] [ThreadPool]: On list_sales_db_public: /* {"app": "dbt", "dbt_version": "1.12.0b3", "profile_name": "sales_project", "target_name": "dev", "connection_name": "list_sales_db_public"} */
select
      'sales_db' as database,
      tablename as name,
      schemaname as schema,
      'table' as type
    from pg_tables
    where schemaname ilike 'public'
    union all
    select
      'sales_db' as database,
      viewname as name,
      schemaname as schema,
      'view' as type
    from pg_views
    where schemaname ilike 'public'
    union all
    select
      'sales_db' as database,
      matviewname as name,
      schemaname as schema,
      'materialized_view' as type
    from pg_matviews
    where schemaname ilike 'public'
  
[0m15:19:44.227604 [debug] [ThreadPool]: Opening a new connection, currently in state init
[0m15:19:44.301109 [debug] [ThreadPool]: SQL status: SELECT 10 in 0.073 seconds
[0m15:19:44.304329 [debug] [ThreadPool]: On list_sales_db_public: ROLLBACK
[0m15:19:44.305296 [debug] [ThreadPool]: On list_sales_db_public: Close
[0m15:19:44.319870 [debug] [MainThread]: Using postgres connection "master"
[0m15:19:44.320935 [debug] [MainThread]: On master: /* {"app": "dbt", "dbt_version": "1.12.0b3", "profile_name": "sales_project", "target_name": "dev", "connection_name": "master"} */
select distinct
        dependent_namespace.nspname as dependent_schema,
        dependent_class.relname as dependent_name,
        referenced_namespace.nspname as referenced_schema,
        referenced_class.relname as referenced_name

    -- Query for views: views are entries in pg_class with an entry in pg_rewrite, but we avoid
    -- a seq scan on pg_rewrite by leveraging the fact there is an "internal" row in pg_depend for
    -- the view...
    from pg_class as dependent_class
    join pg_namespace as dependent_namespace on dependent_namespace.oid = dependent_class.relnamespace
    join pg_depend as dependent_depend on dependent_depend.refobjid = dependent_class.oid
        and dependent_depend.classid = 'pg_rewrite'::regclass
        and dependent_depend.refclassid = 'pg_class'::regclass
        and dependent_depend.deptype = 'i'

    -- ... and via pg_depend (that has a row per column, hence the need for "distinct" above, and
    -- making sure to exclude the internal row to avoid a view appearing to depend on itself)...
    join pg_depend as joining_depend on joining_depend.objid = dependent_depend.objid
        and joining_depend.classid = 'pg_rewrite'::regclass
        and joining_depend.refclassid = 'pg_class'::regclass
        and joining_depend.refobjid != dependent_depend.refobjid

    -- ... we can find the tables they query from in pg_class, but excluding system tables. Note we
    -- don't need need to exclude _dependent_ system tables, because they only query from other
    -- system tables, and so are automatically excluded by excluding _referenced_ system tables
    join pg_class as referenced_class on referenced_class.oid = joining_depend.refobjid
    join pg_namespace as referenced_namespace on referenced_namespace.oid = referenced_class.relnamespace
        and referenced_namespace.nspname != 'information_schema'
        and referenced_namespace.nspname not like 'pg\_%'

    order by
        dependent_schema, dependent_name, referenced_schema, referenced_name;
[0m15:19:44.322000 [debug] [MainThread]: Opening a new connection, currently in state init
[0m15:19:44.398942 [debug] [MainThread]: SQL status: SELECT 0 in 0.077 seconds
[0m15:19:44.401470 [debug] [MainThread]: Sending event: {'category': 'dbt', 'action': 'runnable_timing', 'label': '4f9fe01c-1434-4a94-8e58-a6fbcc18199c', 'context': [<snowplow_tracker.self_describing_json.SelfDescribingJson object at 0x00000251FD24D4A0>]}
[0m15:19:44.402413 [debug] [MainThread]: On master: ROLLBACK
[0m15:19:44.403310 [debug] [MainThread]: On master: COMMIT
[0m15:19:44.404040 [debug] [MainThread]: Using postgres connection "master"
[0m15:19:44.404731 [debug] [MainThread]: On master: COMMIT
[0m15:19:44.405609 [debug] [MainThread]: SQL status: COMMIT in 0.000 seconds
[0m15:19:44.406322 [debug] [MainThread]: On master: Close
[0m15:19:44.416214 [debug] [Thread-1 (]: Began running node model.sales_project.rfm_analysis
[0m15:19:44.417457 [info ] [Thread-1 (]: 1 of 1 START sql table model public.rfm_analysis ............................... [RUN]
[0m15:19:44.418895 [debug] [Thread-1 (]: Acquiring new postgres connection 'model.sales_project.rfm_analysis'
[0m15:19:44.419828 [debug] [Thread-1 (]: Began compiling node model.sales_project.rfm_analysis
[0m15:19:44.437953 [debug] [Thread-1 (]: Writing injected SQL for node "model.sales_project.rfm_analysis"
[0m15:19:44.439769 [debug] [Thread-1 (]: Began executing node model.sales_project.rfm_analysis
[0m15:19:44.556877 [debug] [Thread-1 (]: Writing runtime sql for node "model.sales_project.rfm_analysis"
[0m15:19:44.575973 [debug] [Thread-1 (]: Using postgres connection "model.sales_project.rfm_analysis"
[0m15:19:44.577157 [debug] [Thread-1 (]: On model.sales_project.rfm_analysis: /* {"app": "dbt", "dbt_version": "1.12.0b3", "profile_name": "sales_project", "target_name": "dev", "node_id": "model.sales_project.rfm_analysis"} */

  
    

  create  table "sales_db"."public"."rfm_analysis__dbt_tmp"
  
  
    as
  
  (
    WITH max_date AS (
    SELECT MAX(sale_date) AS last_date FROM "sales_db"."public"."stg_sales"
),
rfm AS (
    SELECT
        customer_id,
        (SELECT last_date FROM max_date) - MAX(sale_date) AS recency,
        COUNT(DISTINCT sale_id) AS frequency,
        SUM(unit_price * quantity) AS monetary
    FROM "sales_db"."public"."stg_sales"
    GROUP BY customer_id    
)
SELECT
    customer_id,
    recency,
    frequency,
    monetary,
    NTILE(5) OVER (ORDER BY recency ASC) AS r_score,
    NTILE(5) OVER (ORDER BY frequency DESC) AS f_score,
    NTILE(5) OVER (ORDER BY monetary DESC) AS m_score,
    CONCAT(
        NTILE(5) OVER (ORDER BY recency ASC),
        NTILE(5) OVER (ORDER BY frequency DESC),
        NTILE(5) OVER (ORDER BY monetary DESC)
    ) AS rfm_score
FROM rfm
  );
  
[0m15:19:44.578139 [debug] [Thread-1 (]: Opening a new connection, currently in state init
[0m15:19:45.087514 [debug] [Thread-1 (]: SQL status: SELECT 609 in 0.509 seconds
[0m15:19:45.111342 [debug] [Thread-1 (]: Using postgres connection "model.sales_project.rfm_analysis"
[0m15:19:45.112378 [debug] [Thread-1 (]: On model.sales_project.rfm_analysis: /* {"app": "dbt", "dbt_version": "1.12.0b3", "profile_name": "sales_project", "target_name": "dev", "node_id": "model.sales_project.rfm_analysis"} */
alter table "sales_db"."public"."rfm_analysis__dbt_tmp" rename to "rfm_analysis"
[0m15:19:45.114074 [debug] [Thread-1 (]: SQL status: ALTER TABLE in 0.001 seconds
[0m15:19:45.156777 [debug] [Thread-1 (]: On model.sales_project.rfm_analysis: COMMIT
[0m15:19:45.157819 [debug] [Thread-1 (]: Using postgres connection "model.sales_project.rfm_analysis"
[0m15:19:45.159554 [debug] [Thread-1 (]: On model.sales_project.rfm_analysis: COMMIT
[0m15:19:45.162559 [debug] [Thread-1 (]: SQL status: COMMIT in 0.002 seconds
[0m15:19:45.176996 [debug] [Thread-1 (]: Applying DROP to: "sales_db"."public"."rfm_analysis__dbt_backup"
[0m15:19:45.188903 [debug] [Thread-1 (]: Using postgres connection "model.sales_project.rfm_analysis"
[0m15:19:45.189925 [debug] [Thread-1 (]: On model.sales_project.rfm_analysis: /* {"app": "dbt", "dbt_version": "1.12.0b3", "profile_name": "sales_project", "target_name": "dev", "node_id": "model.sales_project.rfm_analysis"} */
drop table if exists "sales_db"."public"."rfm_analysis__dbt_backup" cascade
[0m15:19:45.191561 [debug] [Thread-1 (]: SQL status: DROP TABLE in 0.001 seconds
[0m15:19:45.197941 [debug] [Thread-1 (]: On model.sales_project.rfm_analysis: Close
[0m15:19:45.202912 [debug] [Thread-1 (]: Sending event: {'category': 'dbt', 'action': 'run_model', 'label': '4f9fe01c-1434-4a94-8e58-a6fbcc18199c', 'context': [<snowplow_tracker.self_describing_json.SelfDescribingJson object at 0x00000251FD219790>]}
[0m15:19:45.204506 [info ] [Thread-1 (]: 1 of 1 OK created sql table model public.rfm_analysis .......................... [[32mSELECT 609[0m in 0.78s]
[0m15:19:45.207688 [debug] [Thread-1 (]: Finished running node model.sales_project.rfm_analysis
[0m15:19:45.212206 [debug] [MainThread]: On master: COMMIT
[0m15:19:45.213102 [debug] [MainThread]: Using postgres connection "master"
[0m15:19:45.213811 [debug] [MainThread]: On master: COMMIT
[0m15:19:45.214621 [debug] [MainThread]: Opening a new connection, currently in state closed
[0m15:19:45.290609 [debug] [MainThread]: SQL status: COMMIT in 0.076 seconds
[0m15:19:45.291512 [debug] [MainThread]: On master: Close
[0m15:19:45.292945 [debug] [MainThread]: Connection 'master' was properly closed.
[0m15:19:45.294399 [debug] [MainThread]: Connection 'list_sales_db' was properly closed.
[0m15:19:45.295212 [debug] [MainThread]: Connection 'list_sales_db_public' was properly closed.
[0m15:19:45.295974 [debug] [MainThread]: Connection 'model.sales_project.rfm_analysis' was properly closed.
[0m15:19:45.296721 [info ] [MainThread]: 
[0m15:19:45.300186 [info ] [MainThread]: Finished running 1 table model in 0 hours 0 minutes and 2.06 seconds (2.06s).
[0m15:19:45.302997 [debug] [MainThread]: Command end result
[0m15:19:45.386346 [debug] [MainThread]: Wrote artifact WritableManifest to D:\Data Analyst\Python\sales_project\target\manifest.json
[0m15:19:45.396823 [debug] [MainThread]: Wrote artifact SemanticManifest to D:\Data Analyst\Python\sales_project\target\semantic_manifest.json
[0m15:19:45.405371 [debug] [MainThread]: Wrote artifact OsiDocument to D:\Data Analyst\Python\sales_project\target\osi_document.json
[0m15:19:45.521372 [debug] [MainThread]: Wrote artifact RunExecutionResult to D:\Data Analyst\Python\sales_project\target\run_results.json
[0m15:19:45.522267 [info ] [MainThread]: 
[0m15:19:45.609653 [info ] [MainThread]: [32mCompleted successfully[0m
[0m15:19:45.654149 [info ] [MainThread]: 
[0m15:19:45.656503 [info ] [MainThread]: Done. PASS=1 WARN=0 ERROR=0 SKIP=0 NO-OP=0 REUSED=0 TOTAL=1
[0m15:19:45.663172 [debug] [MainThread]: Command `dbt run` succeeded at 15:19:45.662834 after 5.67 seconds
[0m15:19:45.665701 [debug] [MainThread]: Sending event: {'category': 'dbt', 'action': 'invocation', 'label': 'end', 'context': [<snowplow_tracker.self_describing_json.SelfDescribingJson object at 0x00000251FCE83CD0>, <snowplow_tracker.self_describing_json.SelfDescribingJson object at 0x00000251FD3CA850>, <snowplow_tracker.self_describing_json.SelfDescribingJson object at 0x00000251FD3CA8F0>]}
[0m15:19:45.666743 [debug] [MainThread]: Flushing usage events
[0m15:19:45.672211 [debug] [MainThread]: An error was encountered while trying to flush usage events
[0m15:25:05.488720 [debug] [MainThread]: Sending event: {'category': 'dbt', 'action': 'invocation', 'label': 'start', 'context': [<snowplow_tracker.self_describing_json.SelfDescribingJson object at 0x000001997741F8C0>, <snowplow_tracker.self_describing_json.SelfDescribingJson object at 0x0000019979A9BD90>, <snowplow_tracker.self_describing_json.SelfDescribingJson object at 0x0000019979A9B9D0>]}


============================== 15:25:05.497824 | 2bd8815d-e1e5-48a2-ab02-9672c5047c6a ==============================
[0m15:25:05.497824 [info ] [MainThread]: Running with dbt=1.12.0-b3
[0m15:25:05.499256 [debug] [MainThread]: running dbt with arguments {'version_check': 'True', 'no_print': 'None', 'static_parser': 'True', 'warn_error_options': 'WarnErrorOptionsV2(error=[], warn=[], silence=[])', 'maximum_seed_size_mib': '1', 'target_path': 'None', 'printer_width': '80', 'write_json': 'True', 'empty': 'False', 'log_cache_events': 'False', 'introspect': 'True', 'cache_selected_only': 'False', 'fail_fast': 'False', 'debug': 'False', 'log_format': 'default', 'partial_parse': 'True', 'send_anonymous_usage_stats': 'True', 'quiet': 'False', 'warn_error': 'None', 'profiles_dir': 'C:\\Users\\Toranj\\.dbt', 'invocation_command': 'dbt run --select weekday_analysis', 'indirect_selection': 'eager', 'use_colors': 'True', 'use_experimental_parser': 'False', 'log_path': 'D:\\Data Analyst\\Python\\sales_project\\logs'}
[0m15:25:06.114887 [debug] [MainThread]: Sending event: {'category': 'dbt', 'action': 'project_id', 'label': '2bd8815d-e1e5-48a2-ab02-9672c5047c6a', 'context': [<snowplow_tracker.self_describing_json.SelfDescribingJson object at 0x00000199779A76F0>]}
[0m15:25:06.279670 [debug] [MainThread]: Sending event: {'category': 'dbt', 'action': 'adapter_info', 'label': '2bd8815d-e1e5-48a2-ab02-9672c5047c6a', 'context': [<snowplow_tracker.self_describing_json.SelfDescribingJson object at 0x0000019979897680>]}
[0m15:25:06.282447 [info ] [MainThread]: Registered adapter: postgres=1.10.1
[0m15:25:06.803061 [debug] [MainThread]: checksum: 1422b360ba387c4a32c0f6c7d0628301536a3df5895ffefc77e86256980727b7, vars: {}, profile: sales_project, target: dev, version: 1.12.0b3
[0m15:25:07.244142 [debug] [MainThread]: Partial parsing enabled: 0 files deleted, 1 files added, 0 files changed.
[0m15:25:07.245281 [debug] [MainThread]: Partial parsing: added file: sales_project://models\marts\weekday_analysis.sql
[0m15:25:07.934180 [debug] [MainThread]: Sending event: {'category': 'dbt', 'action': 'load_project', 'label': '2bd8815d-e1e5-48a2-ab02-9672c5047c6a', 'context': [<snowplow_tracker.self_describing_json.SelfDescribingJson object at 0x0000019979B8CF50>]}
[0m15:25:08.123460 [debug] [MainThread]: Wrote artifact WritableManifest to D:\Data Analyst\Python\sales_project\target\manifest.json
[0m15:25:08.132969 [debug] [MainThread]: Wrote artifact SemanticManifest to D:\Data Analyst\Python\sales_project\target\semantic_manifest.json
[0m15:25:08.193219 [debug] [MainThread]: Wrote artifact OsiDocument to D:\Data Analyst\Python\sales_project\target\osi_document.json
[0m15:25:08.219801 [debug] [MainThread]: Sending event: {'category': 'dbt', 'action': 'resource_counts', 'label': '2bd8815d-e1e5-48a2-ab02-9672c5047c6a', 'context': [<snowplow_tracker.self_describing_json.SelfDescribingJson object at 0x0000019979FE2F30>]}
[0m15:25:08.220881 [info ] [MainThread]: Found 9 models, 475 macros
[0m15:25:08.222995 [debug] [MainThread]: Sending event: {'category': 'dbt', 'action': 'runnable_timing', 'label': '2bd8815d-e1e5-48a2-ab02-9672c5047c6a', 'context': [<snowplow_tracker.self_describing_json.SelfDescribingJson object at 0x000001997A10A270>]}
[0m15:25:08.226414 [info ] [MainThread]: 
[0m15:25:08.227535 [info ] [MainThread]: Concurrency: 4 threads (target='dev')
[0m15:25:08.229371 [info ] [MainThread]: 
[0m15:25:08.230661 [debug] [MainThread]: Acquiring new postgres connection 'master'
[0m15:25:08.232426 [debug] [ThreadPool]: Acquiring new postgres connection 'list_sales_db'
[0m15:25:08.676295 [debug] [ThreadPool]: Using postgres connection "list_sales_db"
[0m15:25:08.677184 [debug] [ThreadPool]: On list_sales_db: /* {"app": "dbt", "dbt_version": "1.12.0b3", "profile_name": "sales_project", "target_name": "dev", "connection_name": "list_sales_db"} */

    select distinct nspname from pg_namespace
  
[0m15:25:08.677894 [debug] [ThreadPool]: Opening a new connection, currently in state init
[0m15:25:08.877980 [debug] [ThreadPool]: SQL status: SELECT 4 in 0.200 seconds
[0m15:25:08.880693 [debug] [ThreadPool]: On list_sales_db: Close
[0m15:25:08.892952 [debug] [ThreadPool]: Acquiring new postgres connection 'list_sales_db_public'
[0m15:25:08.906620 [debug] [ThreadPool]: Using postgres connection "list_sales_db_public"
[0m15:25:08.907554 [debug] [ThreadPool]: On list_sales_db_public: /* {"app": "dbt", "dbt_version": "1.12.0b3", "profile_name": "sales_project", "target_name": "dev", "connection_name": "list_sales_db_public"} */
select
      'sales_db' as database,
      tablename as name,
      schemaname as schema,
      'table' as type
    from pg_tables
    where schemaname ilike 'public'
    union all
    select
      'sales_db' as database,
      viewname as name,
      schemaname as schema,
      'view' as type
    from pg_views
    where schemaname ilike 'public'
    union all
    select
      'sales_db' as database,
      matviewname as name,
      schemaname as schema,
      'materialized_view' as type
    from pg_matviews
    where schemaname ilike 'public'
  
[0m15:25:08.908324 [debug] [ThreadPool]: Opening a new connection, currently in state init
[0m15:25:08.980790 [debug] [ThreadPool]: SQL status: SELECT 11 in 0.072 seconds
[0m15:25:08.983840 [debug] [ThreadPool]: On list_sales_db_public: ROLLBACK
[0m15:25:08.984768 [debug] [ThreadPool]: On list_sales_db_public: Close
[0m15:25:09.000805 [debug] [MainThread]: Using postgres connection "master"
[0m15:25:09.001888 [debug] [MainThread]: On master: /* {"app": "dbt", "dbt_version": "1.12.0b3", "profile_name": "sales_project", "target_name": "dev", "connection_name": "master"} */
select distinct
        dependent_namespace.nspname as dependent_schema,
        dependent_class.relname as dependent_name,
        referenced_namespace.nspname as referenced_schema,
        referenced_class.relname as referenced_name

    -- Query for views: views are entries in pg_class with an entry in pg_rewrite, but we avoid
    -- a seq scan on pg_rewrite by leveraging the fact there is an "internal" row in pg_depend for
    -- the view...
    from pg_class as dependent_class
    join pg_namespace as dependent_namespace on dependent_namespace.oid = dependent_class.relnamespace
    join pg_depend as dependent_depend on dependent_depend.refobjid = dependent_class.oid
        and dependent_depend.classid = 'pg_rewrite'::regclass
        and dependent_depend.refclassid = 'pg_class'::regclass
        and dependent_depend.deptype = 'i'

    -- ... and via pg_depend (that has a row per column, hence the need for "distinct" above, and
    -- making sure to exclude the internal row to avoid a view appearing to depend on itself)...
    join pg_depend as joining_depend on joining_depend.objid = dependent_depend.objid
        and joining_depend.classid = 'pg_rewrite'::regclass
        and joining_depend.refclassid = 'pg_class'::regclass
        and joining_depend.refobjid != dependent_depend.refobjid

    -- ... we can find the tables they query from in pg_class, but excluding system tables. Note we
    -- don't need need to exclude _dependent_ system tables, because they only query from other
    -- system tables, and so are automatically excluded by excluding _referenced_ system tables
    join pg_class as referenced_class on referenced_class.oid = joining_depend.refobjid
    join pg_namespace as referenced_namespace on referenced_namespace.oid = referenced_class.relnamespace
        and referenced_namespace.nspname != 'information_schema'
        and referenced_namespace.nspname not like 'pg\_%'

    order by
        dependent_schema, dependent_name, referenced_schema, referenced_name;
[0m15:25:09.003947 [debug] [MainThread]: Opening a new connection, currently in state init
[0m15:25:09.076750 [debug] [MainThread]: SQL status: SELECT 0 in 0.073 seconds
[0m15:25:09.079262 [debug] [MainThread]: Sending event: {'category': 'dbt', 'action': 'runnable_timing', 'label': '2bd8815d-e1e5-48a2-ab02-9672c5047c6a', 'context': [<snowplow_tracker.self_describing_json.SelfDescribingJson object at 0x000001997A5014A0>]}
[0m15:25:09.080188 [debug] [MainThread]: On master: ROLLBACK
[0m15:25:09.081070 [debug] [MainThread]: On master: COMMIT
[0m15:25:09.081804 [debug] [MainThread]: Using postgres connection "master"
[0m15:25:09.082490 [debug] [MainThread]: On master: COMMIT
[0m15:25:09.083365 [debug] [MainThread]: SQL status: COMMIT in 0.000 seconds
[0m15:25:09.084070 [debug] [MainThread]: On master: Close
[0m15:25:09.094050 [debug] [Thread-1 (]: Began running node model.sales_project.weekday_analysis
[0m15:25:09.095293 [info ] [Thread-1 (]: 1 of 1 START sql table model public.weekday_analysis ........................... [RUN]
[0m15:25:09.096767 [debug] [Thread-1 (]: Acquiring new postgres connection 'model.sales_project.weekday_analysis'
[0m15:25:09.097715 [debug] [Thread-1 (]: Began compiling node model.sales_project.weekday_analysis
[0m15:25:09.114333 [debug] [Thread-1 (]: Writing injected SQL for node "model.sales_project.weekday_analysis"
[0m15:25:09.116093 [debug] [Thread-1 (]: Began executing node model.sales_project.weekday_analysis
[0m15:25:09.224019 [debug] [Thread-1 (]: Writing runtime sql for node "model.sales_project.weekday_analysis"
[0m15:25:09.226052 [debug] [Thread-1 (]: Using postgres connection "model.sales_project.weekday_analysis"
[0m15:25:09.227163 [debug] [Thread-1 (]: On model.sales_project.weekday_analysis: /* {"app": "dbt", "dbt_version": "1.12.0b3", "profile_name": "sales_project", "target_name": "dev", "node_id": "model.sales_project.weekday_analysis"} */

  
    

  create  table "sales_db"."public"."weekday_analysis__dbt_tmp"
  
  
    as
  
  (
    SELECT
    EXTRACT(dow FROM sale_date) AS day_of_week,
    COUNT(DISTINCT sale_id) AS total_invoices,
    SUM(unit_price * quantity) AS total_revenue
FROM "sales_db"."public"."stg_sales"
GROUP BY EXTRACT(dow FROM sale_date)
ORDER BY total_revenue DESC
  );
  
[0m15:25:09.228091 [debug] [Thread-1 (]: Opening a new connection, currently in state init
[0m15:25:09.580725 [debug] [Thread-1 (]: SQL status: SELECT 7 in 0.352 seconds
[0m15:25:09.605514 [debug] [Thread-1 (]: Using postgres connection "model.sales_project.weekday_analysis"
[0m15:25:09.606589 [debug] [Thread-1 (]: On model.sales_project.weekday_analysis: /* {"app": "dbt", "dbt_version": "1.12.0b3", "profile_name": "sales_project", "target_name": "dev", "node_id": "model.sales_project.weekday_analysis"} */
alter table "sales_db"."public"."weekday_analysis__dbt_tmp" rename to "weekday_analysis"
[0m15:25:09.608422 [debug] [Thread-1 (]: SQL status: ALTER TABLE in 0.001 seconds
[0m15:25:09.651119 [debug] [Thread-1 (]: On model.sales_project.weekday_analysis: COMMIT
[0m15:25:09.653076 [debug] [Thread-1 (]: Using postgres connection "model.sales_project.weekday_analysis"
[0m15:25:09.654126 [debug] [Thread-1 (]: On model.sales_project.weekday_analysis: COMMIT
[0m15:25:09.656728 [debug] [Thread-1 (]: SQL status: COMMIT in 0.001 seconds
[0m15:25:09.671738 [debug] [Thread-1 (]: Applying DROP to: "sales_db"."public"."weekday_analysis__dbt_backup"
[0m15:25:09.684063 [debug] [Thread-1 (]: Using postgres connection "model.sales_project.weekday_analysis"
[0m15:25:09.685105 [debug] [Thread-1 (]: On model.sales_project.weekday_analysis: /* {"app": "dbt", "dbt_version": "1.12.0b3", "profile_name": "sales_project", "target_name": "dev", "node_id": "model.sales_project.weekday_analysis"} */
drop table if exists "sales_db"."public"."weekday_analysis__dbt_backup" cascade
[0m15:25:09.688794 [debug] [Thread-1 (]: SQL status: DROP TABLE in 0.002 seconds
[0m15:25:09.694251 [debug] [Thread-1 (]: On model.sales_project.weekday_analysis: Close
[0m15:25:09.699121 [debug] [Thread-1 (]: Sending event: {'category': 'dbt', 'action': 'run_model', 'label': '2bd8815d-e1e5-48a2-ab02-9672c5047c6a', 'context': [<snowplow_tracker.self_describing_json.SelfDescribingJson object at 0x000001997A4C9790>]}
[0m15:25:09.700714 [info ] [Thread-1 (]: 1 of 1 OK created sql table model public.weekday_analysis ...................... [[32mSELECT 7[0m in 0.60s]
[0m15:25:09.704401 [debug] [Thread-1 (]: Finished running node model.sales_project.weekday_analysis
[0m15:25:09.706919 [debug] [MainThread]: On master: COMMIT
[0m15:25:09.707761 [debug] [MainThread]: Using postgres connection "master"
[0m15:25:09.708467 [debug] [MainThread]: On master: COMMIT
[0m15:25:09.709142 [debug] [MainThread]: Opening a new connection, currently in state closed
[0m15:25:09.777083 [debug] [MainThread]: SQL status: COMMIT in 0.068 seconds
[0m15:25:09.777970 [debug] [MainThread]: On master: Close
[0m15:25:09.778932 [debug] [MainThread]: Connection 'master' was properly closed.
[0m15:25:09.779683 [debug] [MainThread]: Connection 'list_sales_db' was properly closed.
[0m15:25:09.780361 [debug] [MainThread]: Connection 'list_sales_db_public' was properly closed.
[0m15:25:09.781133 [debug] [MainThread]: Connection 'model.sales_project.weekday_analysis' was properly closed.
[0m15:25:09.782164 [info ] [MainThread]: 
[0m15:25:09.783627 [info ] [MainThread]: Finished running 1 table model in 0 hours 0 minutes and 1.55 seconds (1.55s).
[0m15:25:09.785905 [debug] [MainThread]: Command end result
[0m15:25:09.871391 [debug] [MainThread]: Wrote artifact WritableManifest to D:\Data Analyst\Python\sales_project\target\manifest.json
[0m15:25:09.880602 [debug] [MainThread]: Wrote artifact SemanticManifest to D:\Data Analyst\Python\sales_project\target\semantic_manifest.json
[0m15:25:09.890130 [debug] [MainThread]: Wrote artifact OsiDocument to D:\Data Analyst\Python\sales_project\target\osi_document.json
[0m15:25:09.909915 [debug] [MainThread]: Wrote artifact RunExecutionResult to D:\Data Analyst\Python\sales_project\target\run_results.json
[0m15:25:09.911513 [info ] [MainThread]: 
[0m15:25:09.941248 [info ] [MainThread]: [32mCompleted successfully[0m
[0m15:25:09.944581 [info ] [MainThread]: 
[0m15:25:09.946115 [info ] [MainThread]: Done. PASS=1 WARN=0 ERROR=0 SKIP=0 NO-OP=0 REUSED=0 TOTAL=1
[0m15:25:09.949559 [debug] [MainThread]: Command `dbt run` succeeded at 15:25:09.949237 after 4.80 seconds
[0m15:25:09.950481 [debug] [MainThread]: Sending event: {'category': 'dbt', 'action': 'invocation', 'label': 'end', 'context': [<snowplow_tracker.self_describing_json.SelfDescribingJson object at 0x000001997A1336A0>, <snowplow_tracker.self_describing_json.SelfDescribingJson object at 0x000001997A67E530>, <snowplow_tracker.self_describing_json.SelfDescribingJson object at 0x000001997A67E850>]}
[0m15:25:09.951442 [debug] [MainThread]: Flushing usage events
[0m15:25:09.961199 [debug] [MainThread]: An error was encountered while trying to flush usage events
[0m15:55:31.928429 [debug] [MainThread]: Sending event: {'category': 'dbt', 'action': 'invocation', 'label': 'start', 'context': [<snowplow_tracker.self_describing_json.SelfDescribingJson object at 0x0000012F8501F8C0>, <snowplow_tracker.self_describing_json.SelfDescribingJson object at 0x0000012F8769BD90>, <snowplow_tracker.self_describing_json.SelfDescribingJson object at 0x0000012F8769B9D0>]}


============================== 15:55:31.938717 | 48da013a-ec25-48e3-84e0-ede9e74bc91c ==============================
[0m15:55:31.938717 [info ] [MainThread]: Running with dbt=1.12.0-b3
[0m15:55:31.940146 [debug] [MainThread]: running dbt with arguments {'version_check': 'True', 'no_print': 'None', 'static_parser': 'True', 'target_path': 'None', 'maximum_seed_size_mib': '1', 'warn_error_options': 'WarnErrorOptionsV2(error=[], warn=[], silence=[])', 'printer_width': '80', 'write_json': 'True', 'empty': 'False', 'log_cache_events': 'False', 'introspect': 'True', 'cache_selected_only': 'False', 'fail_fast': 'False', 'debug': 'False', 'log_format': 'default', 'profiles_dir': 'C:\\Users\\Toranj\\.dbt', 'send_anonymous_usage_stats': 'True', 'quiet': 'False', 'warn_error': 'None', 'partial_parse': 'True', 'use_colors': 'True', 'invocation_command': 'dbt run --select pareto_analysis', 'indirect_selection': 'eager', 'use_experimental_parser': 'False', 'log_path': 'D:\\Data Analyst\\Python\\sales_project\\logs'}
[0m15:55:32.576575 [debug] [MainThread]: Sending event: {'category': 'dbt', 'action': 'project_id', 'label': '48da013a-ec25-48e3-84e0-ede9e74bc91c', 'context': [<snowplow_tracker.self_describing_json.SelfDescribingJson object at 0x0000012F855A76F0>]}
[0m15:55:32.745941 [debug] [MainThread]: Sending event: {'category': 'dbt', 'action': 'adapter_info', 'label': '48da013a-ec25-48e3-84e0-ede9e74bc91c', 'context': [<snowplow_tracker.self_describing_json.SelfDescribingJson object at 0x0000012F87497680>]}
[0m15:55:32.748760 [info ] [MainThread]: Registered adapter: postgres=1.10.1
[0m15:55:33.259347 [debug] [MainThread]: checksum: 1422b360ba387c4a32c0f6c7d0628301536a3df5895ffefc77e86256980727b7, vars: {}, profile: sales_project, target: dev, version: 1.12.0b3
[0m15:55:33.724192 [debug] [MainThread]: Partial parsing enabled: 0 files deleted, 1 files added, 0 files changed.
[0m15:55:33.725317 [debug] [MainThread]: Partial parsing: added file: sales_project://models\marts\pareto_analysis.sql
[0m15:55:34.422169 [debug] [MainThread]: Sending event: {'category': 'dbt', 'action': 'load_project', 'label': '48da013a-ec25-48e3-84e0-ede9e74bc91c', 'context': [<snowplow_tracker.self_describing_json.SelfDescribingJson object at 0x0000012F8778CF50>]}
[0m15:55:34.605561 [debug] [MainThread]: Wrote artifact WritableManifest to D:\Data Analyst\Python\sales_project\target\manifest.json
[0m15:55:34.614693 [debug] [MainThread]: Wrote artifact SemanticManifest to D:\Data Analyst\Python\sales_project\target\semantic_manifest.json
[0m15:55:34.674777 [debug] [MainThread]: Wrote artifact OsiDocument to D:\Data Analyst\Python\sales_project\target\osi_document.json
[0m15:55:34.702988 [debug] [MainThread]: Sending event: {'category': 'dbt', 'action': 'resource_counts', 'label': '48da013a-ec25-48e3-84e0-ede9e74bc91c', 'context': [<snowplow_tracker.self_describing_json.SelfDescribingJson object at 0x0000012F87C41D60>]}
[0m15:55:34.704085 [info ] [MainThread]: Found 10 models, 475 macros
[0m15:55:34.706201 [debug] [MainThread]: Sending event: {'category': 'dbt', 'action': 'runnable_timing', 'label': '48da013a-ec25-48e3-84e0-ede9e74bc91c', 'context': [<snowplow_tracker.self_describing_json.SelfDescribingJson object at 0x0000012F87D72270>]}
[0m15:55:34.709664 [info ] [MainThread]: 
[0m15:55:34.711629 [info ] [MainThread]: Concurrency: 4 threads (target='dev')
[0m15:55:34.712821 [info ] [MainThread]: 
[0m15:55:34.714136 [debug] [MainThread]: Acquiring new postgres connection 'master'
[0m15:55:34.716369 [debug] [ThreadPool]: Acquiring new postgres connection 'list_sales_db'
[0m15:55:35.173702 [debug] [ThreadPool]: Using postgres connection "list_sales_db"
[0m15:55:35.174571 [debug] [ThreadPool]: On list_sales_db: /* {"app": "dbt", "dbt_version": "1.12.0b3", "profile_name": "sales_project", "target_name": "dev", "connection_name": "list_sales_db"} */

    select distinct nspname from pg_namespace
  
[0m15:55:35.175287 [debug] [ThreadPool]: Opening a new connection, currently in state init
[0m15:55:35.250125 [debug] [ThreadPool]: SQL status: SELECT 4 in 0.074 seconds
[0m15:55:35.252849 [debug] [ThreadPool]: On list_sales_db: Close
[0m15:55:35.264185 [debug] [ThreadPool]: Acquiring new postgres connection 'list_sales_db_public'
[0m15:55:35.277307 [debug] [ThreadPool]: Using postgres connection "list_sales_db_public"
[0m15:55:35.278223 [debug] [ThreadPool]: On list_sales_db_public: /* {"app": "dbt", "dbt_version": "1.12.0b3", "profile_name": "sales_project", "target_name": "dev", "connection_name": "list_sales_db_public"} */
select
      'sales_db' as database,
      tablename as name,
      schemaname as schema,
      'table' as type
    from pg_tables
    where schemaname ilike 'public'
    union all
    select
      'sales_db' as database,
      viewname as name,
      schemaname as schema,
      'view' as type
    from pg_views
    where schemaname ilike 'public'
    union all
    select
      'sales_db' as database,
      matviewname as name,
      schemaname as schema,
      'materialized_view' as type
    from pg_matviews
    where schemaname ilike 'public'
  
[0m15:55:35.278981 [debug] [ThreadPool]: Opening a new connection, currently in state init
[0m15:55:35.352172 [debug] [ThreadPool]: SQL status: SELECT 12 in 0.073 seconds
[0m15:55:35.355272 [debug] [ThreadPool]: On list_sales_db_public: ROLLBACK
[0m15:55:35.356177 [debug] [ThreadPool]: On list_sales_db_public: Close
[0m15:55:35.371323 [debug] [MainThread]: Using postgres connection "master"
[0m15:55:35.372377 [debug] [MainThread]: On master: /* {"app": "dbt", "dbt_version": "1.12.0b3", "profile_name": "sales_project", "target_name": "dev", "connection_name": "master"} */
select distinct
        dependent_namespace.nspname as dependent_schema,
        dependent_class.relname as dependent_name,
        referenced_namespace.nspname as referenced_schema,
        referenced_class.relname as referenced_name

    -- Query for views: views are entries in pg_class with an entry in pg_rewrite, but we avoid
    -- a seq scan on pg_rewrite by leveraging the fact there is an "internal" row in pg_depend for
    -- the view...
    from pg_class as dependent_class
    join pg_namespace as dependent_namespace on dependent_namespace.oid = dependent_class.relnamespace
    join pg_depend as dependent_depend on dependent_depend.refobjid = dependent_class.oid
        and dependent_depend.classid = 'pg_rewrite'::regclass
        and dependent_depend.refclassid = 'pg_class'::regclass
        and dependent_depend.deptype = 'i'

    -- ... and via pg_depend (that has a row per column, hence the need for "distinct" above, and
    -- making sure to exclude the internal row to avoid a view appearing to depend on itself)...
    join pg_depend as joining_depend on joining_depend.objid = dependent_depend.objid
        and joining_depend.classid = 'pg_rewrite'::regclass
        and joining_depend.refclassid = 'pg_class'::regclass
        and joining_depend.refobjid != dependent_depend.refobjid

    -- ... we can find the tables they query from in pg_class, but excluding system tables. Note we
    -- don't need need to exclude _dependent_ system tables, because they only query from other
    -- system tables, and so are automatically excluded by excluding _referenced_ system tables
    join pg_class as referenced_class on referenced_class.oid = joining_depend.refobjid
    join pg_namespace as referenced_namespace on referenced_namespace.oid = referenced_class.relnamespace
        and referenced_namespace.nspname != 'information_schema'
        and referenced_namespace.nspname not like 'pg\_%'

    order by
        dependent_schema, dependent_name, referenced_schema, referenced_name;
[0m15:55:35.373378 [debug] [MainThread]: Opening a new connection, currently in state init
[0m15:55:35.446189 [debug] [MainThread]: SQL status: SELECT 0 in 0.073 seconds
[0m15:55:35.448979 [debug] [MainThread]: Sending event: {'category': 'dbt', 'action': 'runnable_timing', 'label': '48da013a-ec25-48e3-84e0-ede9e74bc91c', 'context': [<snowplow_tracker.self_describing_json.SelfDescribingJson object at 0x0000012F881654A0>]}
[0m15:55:35.450928 [debug] [MainThread]: On master: ROLLBACK
[0m15:55:35.451857 [debug] [MainThread]: On master: COMMIT
[0m15:55:35.452579 [debug] [MainThread]: Using postgres connection "master"
[0m15:55:35.453264 [debug] [MainThread]: On master: COMMIT
[0m15:55:35.454139 [debug] [MainThread]: SQL status: COMMIT in 0.000 seconds
[0m15:55:35.454848 [debug] [MainThread]: On master: Close
[0m15:55:35.463634 [debug] [Thread-1 (]: Began running node model.sales_project.pareto_analysis
[0m15:55:35.465094 [info ] [Thread-1 (]: 1 of 1 START sql table model public.pareto_analysis ............................ [RUN]
[0m15:55:35.468300 [debug] [Thread-1 (]: Acquiring new postgres connection 'model.sales_project.pareto_analysis'
[0m15:55:35.469260 [debug] [Thread-1 (]: Began compiling node model.sales_project.pareto_analysis
[0m15:55:35.486802 [debug] [Thread-1 (]: Writing injected SQL for node "model.sales_project.pareto_analysis"
[0m15:55:35.488811 [debug] [Thread-1 (]: Began executing node model.sales_project.pareto_analysis
[0m15:55:35.602768 [debug] [Thread-1 (]: Writing runtime sql for node "model.sales_project.pareto_analysis"
[0m15:55:35.605248 [debug] [Thread-1 (]: Using postgres connection "model.sales_project.pareto_analysis"
[0m15:55:35.606466 [debug] [Thread-1 (]: On model.sales_project.pareto_analysis: /* {"app": "dbt", "dbt_version": "1.12.0b3", "profile_name": "sales_project", "target_name": "dev", "node_id": "model.sales_project.pareto_analysis"} */

  
    

  create  table "sales_db"."public"."pareto_analysis__dbt_tmp"
  
  
    as
  
  (
    WITH customer_revenue AS (
    SELECT
        customer_id,
        SUM(unit_price * quantity) AS total_spent
    FROM "sales_db"."public"."stg_sales"
    GROUP BY customer_id    
),
renked AS (
    SELECT
        customer_id,
        total_spent,
        SUM(total_spent) OVER (ORDER BY total_spent DESC) AS cumulative_revenue,
        SUM(total_spent) OVER() AS total_revenue,
        ROW_NUMBER() OVER(ORDER BY total_spent DESC) AS rank,
        COUNT(*) OVER() AS total_customers
    FROM customer_revenue    
)
SELECT
    customer_id,
    total_spent,
    ROUND(100.0 * rank / total_customers , 2) AS customer_percentile,
    ROUND(100.0 * cumulative_revenue / total_revenue, 2) AS revenue_percentage
FROM ranked
WHERE rank <= ROUND(0.2 * total_customers, 2)
  );
  
[0m15:55:35.607463 [debug] [Thread-1 (]: Opening a new connection, currently in state init
[0m15:55:35.685234 [debug] [Thread-1 (]: Postgres adapter: Postgres error: relation "ranked" does not exist
LINE 34: FROM ranked
              ^

[0m15:55:35.686269 [debug] [Thread-1 (]: On model.sales_project.pareto_analysis: ROLLBACK
[0m15:55:35.687493 [debug] [Thread-1 (]: On model.sales_project.pareto_analysis: Close
[0m15:55:35.843264 [debug] [Thread-1 (]: Database Error in model pareto_analysis (models\marts\pareto_analysis.sql)
  relation "ranked" does not exist
  LINE 34: FROM ranked
                ^
  compiled code at target\run\sales_project\models\marts\pareto_analysis.sql
[0m15:55:35.847776 [debug] [Thread-1 (]: Sending event: {'category': 'dbt', 'action': 'run_model', 'label': '48da013a-ec25-48e3-84e0-ede9e74bc91c', 'context': [<snowplow_tracker.self_describing_json.SelfDescribingJson object at 0x0000012F88131C10>]}
[0m15:55:35.850190 [error] [Thread-1 (]: 1 of 1 ERROR creating sql table model public.pareto_analysis ................... [[31mERROR[0m in 0.38s]
[0m15:55:35.852139 [debug] [Thread-1 (]: Finished running node model.sales_project.pareto_analysis
[0m15:55:35.853485 [debug] [Thread-7 (]: Marking all children of 'model.sales_project.pareto_analysis' to be skipped because of status 'error'.  Reason: Database Error in model pareto_analysis (models\marts\pareto_analysis.sql)
  relation "ranked" does not exist
  LINE 34: FROM ranked
                ^
  compiled code at target\run\sales_project\models\marts\pareto_analysis.sql.
[0m15:55:35.857134 [debug] [MainThread]: On master: COMMIT
[0m15:55:35.857973 [debug] [MainThread]: Using postgres connection "master"
[0m15:55:35.858673 [debug] [MainThread]: On master: COMMIT
[0m15:55:35.859344 [debug] [MainThread]: Opening a new connection, currently in state closed
[0m15:55:36.043678 [debug] [MainThread]: SQL status: COMMIT in 0.184 seconds
[0m15:55:36.044558 [debug] [MainThread]: On master: Close
[0m15:55:36.045538 [debug] [MainThread]: Connection 'master' was properly closed.
[0m15:55:36.046273 [debug] [MainThread]: Connection 'list_sales_db' was properly closed.
[0m15:55:36.046939 [debug] [MainThread]: Connection 'list_sales_db_public' was properly closed.
[0m15:55:36.047616 [debug] [MainThread]: Connection 'model.sales_project.pareto_analysis' was properly closed.
[0m15:55:36.048516 [info ] [MainThread]: 
[0m15:55:36.051145 [info ] [MainThread]: Finished running 1 table model in 0 hours 0 minutes and 1.33 seconds (1.33s).
[0m15:55:36.053169 [debug] [MainThread]: Command end result
[0m15:55:36.138930 [debug] [MainThread]: Wrote artifact WritableManifest to D:\Data Analyst\Python\sales_project\target\manifest.json
[0m15:55:36.148301 [debug] [MainThread]: Wrote artifact SemanticManifest to D:\Data Analyst\Python\sales_project\target\semantic_manifest.json
[0m15:55:36.157988 [debug] [MainThread]: Wrote artifact OsiDocument to D:\Data Analyst\Python\sales_project\target\osi_document.json
[0m15:55:36.176957 [debug] [MainThread]: Wrote artifact RunExecutionResult to D:\Data Analyst\Python\sales_project\target\run_results.json
[0m15:55:36.178565 [info ] [MainThread]: 
[0m15:55:36.235968 [info ] [MainThread]: [31mCompleted with 1 error, 0 partial successes, and 0 warnings:[0m
[0m15:55:36.241260 [info ] [MainThread]: 
[0m15:55:36.243083 [error] [MainThread]: [[31mERROR[0m]: in model pareto_analysis (models\marts\pareto_analysis.sql)
[0m15:55:36.244557 [error] [MainThread]:   Database Error in model pareto_analysis (models\marts\pareto_analysis.sql)
  relation "ranked" does not exist
  LINE 34: FROM ranked
                ^
  compiled code at target\run\sales_project\models\marts\pareto_analysis.sql
[0m15:55:36.246221 [info ] [MainThread]: 
[0m15:55:36.247960 [info ] [MainThread]:   compiled code at target\compiled\sales_project\models\marts\pareto_analysis.sql
[0m15:55:36.250792 [info ] [MainThread]: 
[0m15:55:36.256139 [info ] [MainThread]: Done. PASS=0 WARN=0 ERROR=1 SKIP=0 NO-OP=0 REUSED=0 TOTAL=1
[0m15:55:36.258886 [debug] [MainThread]: Command `dbt run` failed at 15:55:36.258594 after 4.67 seconds
[0m15:55:36.259767 [debug] [MainThread]: Sending event: {'category': 'dbt', 'action': 'invocation', 'label': 'end', 'context': [<snowplow_tracker.self_describing_json.SelfDescribingJson object at 0x0000012F87BDFB70>, <snowplow_tracker.self_describing_json.SelfDescribingJson object at 0x0000012F87F7E8F0>, <snowplow_tracker.self_describing_json.SelfDescribingJson object at 0x0000012F87F7D590>]}
[0m15:55:36.260588 [debug] [MainThread]: Flushing usage events
[0m15:55:36.271784 [debug] [MainThread]: An error was encountered while trying to flush usage events
[0m15:56:44.356644 [debug] [MainThread]: Sending event: {'category': 'dbt', 'action': 'invocation', 'label': 'start', 'context': [<snowplow_tracker.self_describing_json.SelfDescribingJson object at 0x000002E6400DF8C0>, <snowplow_tracker.self_describing_json.SelfDescribingJson object at 0x000002E64274BD90>, <snowplow_tracker.self_describing_json.SelfDescribingJson object at 0x000002E64274B9D0>]}


============================== 15:56:44.366312 | 27ae228b-d60f-4f19-a179-297087beffcc ==============================
[0m15:56:44.366312 [info ] [MainThread]: Running with dbt=1.12.0-b3
[0m15:56:44.368300 [debug] [MainThread]: running dbt with arguments {'version_check': 'True', 'no_print': 'None', 'maximum_seed_size_mib': '1', 'target_path': 'None', 'warn_error_options': 'WarnErrorOptionsV2(error=[], warn=[], silence=[])', 'static_parser': 'True', 'printer_width': '80', 'write_json': 'True', 'empty': 'False', 'log_cache_events': 'False', 'introspect': 'True', 'cache_selected_only': 'False', 'log_format': 'default', 'debug': 'False', 'fail_fast': 'False', 'profiles_dir': 'C:\\Users\\Toranj\\.dbt', 'send_anonymous_usage_stats': 'True', 'quiet': 'False', 'warn_error': 'None', 'partial_parse': 'True', 'use_colors': 'True', 'indirect_selection': 'eager', 'invocation_command': 'dbt run --select pareto_analysis', 'use_experimental_parser': 'False', 'log_path': 'D:\\Data Analyst\\Python\\sales_project\\logs'}
[0m15:56:45.021705 [debug] [MainThread]: Sending event: {'category': 'dbt', 'action': 'project_id', 'label': '27ae228b-d60f-4f19-a179-297087beffcc', 'context': [<snowplow_tracker.self_describing_json.SelfDescribingJson object at 0x000002E6406676F0>]}
[0m15:56:45.193167 [debug] [MainThread]: Sending event: {'category': 'dbt', 'action': 'adapter_info', 'label': '27ae228b-d60f-4f19-a179-297087beffcc', 'context': [<snowplow_tracker.self_describing_json.SelfDescribingJson object at 0x000002E642547680>]}
[0m15:56:45.197432 [info ] [MainThread]: Registered adapter: postgres=1.10.1
[0m15:56:45.729908 [debug] [MainThread]: checksum: 1422b360ba387c4a32c0f6c7d0628301536a3df5895ffefc77e86256980727b7, vars: {}, profile: sales_project, target: dev, version: 1.12.0b3
[0m15:56:46.217811 [debug] [MainThread]: Partial parsing enabled: 0 files deleted, 0 files added, 1 files changed.
[0m15:56:46.219067 [debug] [MainThread]: Partial parsing: updated file: sales_project://models\marts\pareto_analysis.sql
[0m15:56:46.966796 [debug] [MainThread]: Sending event: {'category': 'dbt', 'action': 'load_project', 'label': '27ae228b-d60f-4f19-a179-297087beffcc', 'context': [<snowplow_tracker.self_describing_json.SelfDescribingJson object at 0x000002E642841650>]}
[0m15:56:47.145972 [debug] [MainThread]: Wrote artifact WritableManifest to D:\Data Analyst\Python\sales_project\target\manifest.json
[0m15:56:47.156441 [debug] [MainThread]: Wrote artifact SemanticManifest to D:\Data Analyst\Python\sales_project\target\semantic_manifest.json
[0m15:56:47.215650 [debug] [MainThread]: Wrote artifact OsiDocument to D:\Data Analyst\Python\sales_project\target\osi_document.json
[0m15:56:47.242509 [debug] [MainThread]: Sending event: {'category': 'dbt', 'action': 'resource_counts', 'label': '27ae228b-d60f-4f19-a179-297087beffcc', 'context': [<snowplow_tracker.self_describing_json.SelfDescribingJson object at 0x000002E642C93110>]}
[0m15:56:47.243634 [info ] [MainThread]: Found 10 models, 475 macros
[0m15:56:47.246492 [debug] [MainThread]: Sending event: {'category': 'dbt', 'action': 'runnable_timing', 'label': '27ae228b-d60f-4f19-a179-297087beffcc', 'context': [<snowplow_tracker.self_describing_json.SelfDescribingJson object at 0x000002E642DC6270>]}
[0m15:56:47.250876 [info ] [MainThread]: 
[0m15:56:47.252566 [info ] [MainThread]: Concurrency: 4 threads (target='dev')
[0m15:56:47.254048 [info ] [MainThread]: 
[0m15:56:47.255419 [debug] [MainThread]: Acquiring new postgres connection 'master'
[0m15:56:47.257286 [debug] [ThreadPool]: Acquiring new postgres connection 'list_sales_db'
[0m15:56:47.693015 [debug] [ThreadPool]: Using postgres connection "list_sales_db"
[0m15:56:47.693897 [debug] [ThreadPool]: On list_sales_db: /* {"app": "dbt", "dbt_version": "1.12.0b3", "profile_name": "sales_project", "target_name": "dev", "connection_name": "list_sales_db"} */

    select distinct nspname from pg_namespace
  
[0m15:56:47.694702 [debug] [ThreadPool]: Opening a new connection, currently in state init
[0m15:56:47.878646 [debug] [ThreadPool]: SQL status: SELECT 4 in 0.184 seconds
[0m15:56:47.881564 [debug] [ThreadPool]: On list_sales_db: Close
[0m15:56:47.893817 [debug] [ThreadPool]: Acquiring new postgres connection 'list_sales_db_public'
[0m15:56:47.907518 [debug] [ThreadPool]: Using postgres connection "list_sales_db_public"
[0m15:56:47.908442 [debug] [ThreadPool]: On list_sales_db_public: /* {"app": "dbt", "dbt_version": "1.12.0b3", "profile_name": "sales_project", "target_name": "dev", "connection_name": "list_sales_db_public"} */
select
      'sales_db' as database,
      tablename as name,
      schemaname as schema,
      'table' as type
    from pg_tables
    where schemaname ilike 'public'
    union all
    select
      'sales_db' as database,
      viewname as name,
      schemaname as schema,
      'view' as type
    from pg_views
    where schemaname ilike 'public'
    union all
    select
      'sales_db' as database,
      matviewname as name,
      schemaname as schema,
      'materialized_view' as type
    from pg_matviews
    where schemaname ilike 'public'
  
[0m15:56:47.909208 [debug] [ThreadPool]: Opening a new connection, currently in state init
[0m15:56:48.089395 [debug] [ThreadPool]: SQL status: SELECT 12 in 0.180 seconds
[0m15:56:48.092487 [debug] [ThreadPool]: On list_sales_db_public: ROLLBACK
[0m15:56:48.093448 [debug] [ThreadPool]: On list_sales_db_public: Close
[0m15:56:48.109122 [debug] [MainThread]: Using postgres connection "master"
[0m15:56:48.110176 [debug] [MainThread]: On master: /* {"app": "dbt", "dbt_version": "1.12.0b3", "profile_name": "sales_project", "target_name": "dev", "connection_name": "master"} */
select distinct
        dependent_namespace.nspname as dependent_schema,
        dependent_class.relname as dependent_name,
        referenced_namespace.nspname as referenced_schema,
        referenced_class.relname as referenced_name

    -- Query for views: views are entries in pg_class with an entry in pg_rewrite, but we avoid
    -- a seq scan on pg_rewrite by leveraging the fact there is an "internal" row in pg_depend for
    -- the view...
    from pg_class as dependent_class
    join pg_namespace as dependent_namespace on dependent_namespace.oid = dependent_class.relnamespace
    join pg_depend as dependent_depend on dependent_depend.refobjid = dependent_class.oid
        and dependent_depend.classid = 'pg_rewrite'::regclass
        and dependent_depend.refclassid = 'pg_class'::regclass
        and dependent_depend.deptype = 'i'

    -- ... and via pg_depend (that has a row per column, hence the need for "distinct" above, and
    -- making sure to exclude the internal row to avoid a view appearing to depend on itself)...
    join pg_depend as joining_depend on joining_depend.objid = dependent_depend.objid
        and joining_depend.classid = 'pg_rewrite'::regclass
        and joining_depend.refclassid = 'pg_class'::regclass
        and joining_depend.refobjid != dependent_depend.refobjid

    -- ... we can find the tables they query from in pg_class, but excluding system tables. Note we
    -- don't need need to exclude _dependent_ system tables, because they only query from other
    -- system tables, and so are automatically excluded by excluding _referenced_ system tables
    join pg_class as referenced_class on referenced_class.oid = joining_depend.refobjid
    join pg_namespace as referenced_namespace on referenced_namespace.oid = referenced_class.relnamespace
        and referenced_namespace.nspname != 'information_schema'
        and referenced_namespace.nspname not like 'pg\_%'

    order by
        dependent_schema, dependent_name, referenced_schema, referenced_name;
[0m15:56:48.111069 [debug] [MainThread]: Opening a new connection, currently in state init
[0m15:56:48.194031 [debug] [MainThread]: SQL status: SELECT 0 in 0.083 seconds
[0m15:56:48.196578 [debug] [MainThread]: Sending event: {'category': 'dbt', 'action': 'runnable_timing', 'label': '27ae228b-d60f-4f19-a179-297087beffcc', 'context': [<snowplow_tracker.self_describing_json.SelfDescribingJson object at 0x000002E6431B53D0>]}
[0m15:56:48.197510 [debug] [MainThread]: On master: ROLLBACK
[0m15:56:48.199488 [debug] [MainThread]: On master: COMMIT
[0m15:56:48.200271 [debug] [MainThread]: Using postgres connection "master"
[0m15:56:48.200963 [debug] [MainThread]: On master: COMMIT
[0m15:56:48.201853 [debug] [MainThread]: SQL status: COMMIT in 0.000 seconds
[0m15:56:48.202579 [debug] [MainThread]: On master: Close
[0m15:56:48.216492 [debug] [Thread-1 (]: Began running node model.sales_project.pareto_analysis
[0m15:56:48.217767 [info ] [Thread-1 (]: 1 of 1 START sql table model public.pareto_analysis ............................ [RUN]
[0m15:56:48.219580 [debug] [Thread-1 (]: Acquiring new postgres connection 'model.sales_project.pareto_analysis'
[0m15:56:48.220496 [debug] [Thread-1 (]: Began compiling node model.sales_project.pareto_analysis
[0m15:56:48.237965 [debug] [Thread-1 (]: Writing injected SQL for node "model.sales_project.pareto_analysis"
[0m15:56:48.239707 [debug] [Thread-1 (]: Began executing node model.sales_project.pareto_analysis
[0m15:56:48.347380 [debug] [Thread-1 (]: Writing runtime sql for node "model.sales_project.pareto_analysis"
[0m15:56:48.350196 [debug] [Thread-1 (]: Using postgres connection "model.sales_project.pareto_analysis"
[0m15:56:48.351318 [debug] [Thread-1 (]: On model.sales_project.pareto_analysis: /* {"app": "dbt", "dbt_version": "1.12.0b3", "profile_name": "sales_project", "target_name": "dev", "node_id": "model.sales_project.pareto_analysis"} */

  
    

  create  table "sales_db"."public"."pareto_analysis__dbt_tmp"
  
  
    as
  
  (
    WITH customer_revenue AS (
    SELECT
        customer_id,
        SUM(unit_price * quantity) AS total_spent
    FROM "sales_db"."public"."stg_sales"
    GROUP BY customer_id    
),
ranked AS (
    SELECT
        customer_id,
        total_spent,
        SUM(total_spent) OVER (ORDER BY total_spent DESC) AS cumulative_revenue,
        SUM(total_spent) OVER() AS total_revenue,
        ROW_NUMBER() OVER(ORDER BY total_spent DESC) AS rank,
        COUNT(*) OVER() AS total_customers
    FROM customer_revenue    
)
SELECT
    customer_id,
    total_spent,
    ROUND(100.0 * rank / total_customers , 2) AS customer_percentile,
    ROUND(100.0 * cumulative_revenue / total_revenue, 2) AS revenue_percentage
FROM ranked
WHERE rank <= ROUND(0.2 * total_customers, 2)
  );
  
[0m15:56:48.352270 [debug] [Thread-1 (]: Opening a new connection, currently in state init
[0m15:56:48.576366 [debug] [Thread-1 (]: SQL status: SELECT 121 in 0.224 seconds
[0m15:56:48.600024 [debug] [Thread-1 (]: Using postgres connection "model.sales_project.pareto_analysis"
[0m15:56:48.601058 [debug] [Thread-1 (]: On model.sales_project.pareto_analysis: /* {"app": "dbt", "dbt_version": "1.12.0b3", "profile_name": "sales_project", "target_name": "dev", "node_id": "model.sales_project.pareto_analysis"} */
alter table "sales_db"."public"."pareto_analysis__dbt_tmp" rename to "pareto_analysis"
[0m15:56:48.602813 [debug] [Thread-1 (]: SQL status: ALTER TABLE in 0.001 seconds
[0m15:56:48.645313 [debug] [Thread-1 (]: On model.sales_project.pareto_analysis: COMMIT
[0m15:56:48.646356 [debug] [Thread-1 (]: Using postgres connection "model.sales_project.pareto_analysis"
[0m15:56:48.647216 [debug] [Thread-1 (]: On model.sales_project.pareto_analysis: COMMIT
[0m15:56:48.650495 [debug] [Thread-1 (]: SQL status: COMMIT in 0.001 seconds
[0m15:56:48.664220 [debug] [Thread-1 (]: Applying DROP to: "sales_db"."public"."pareto_analysis__dbt_backup"
[0m15:56:48.678410 [debug] [Thread-1 (]: Using postgres connection "model.sales_project.pareto_analysis"
[0m15:56:48.679426 [debug] [Thread-1 (]: On model.sales_project.pareto_analysis: /* {"app": "dbt", "dbt_version": "1.12.0b3", "profile_name": "sales_project", "target_name": "dev", "node_id": "model.sales_project.pareto_analysis"} */
drop table if exists "sales_db"."public"."pareto_analysis__dbt_backup" cascade
[0m15:56:48.681022 [debug] [Thread-1 (]: SQL status: DROP TABLE in 0.001 seconds
[0m15:56:48.688293 [debug] [Thread-1 (]: On model.sales_project.pareto_analysis: Close
[0m15:56:48.692964 [debug] [Thread-1 (]: Sending event: {'category': 'dbt', 'action': 'run_model', 'label': '27ae228b-d60f-4f19-a179-297087beffcc', 'context': [<snowplow_tracker.self_describing_json.SelfDescribingJson object at 0x000002E643185790>]}
[0m15:56:48.694547 [info ] [Thread-1 (]: 1 of 1 OK created sql table model public.pareto_analysis ....................... [[32mSELECT 121[0m in 0.47s]
[0m15:56:48.696702 [debug] [Thread-1 (]: Finished running node model.sales_project.pareto_analysis
[0m15:56:48.700092 [debug] [MainThread]: On master: COMMIT
[0m15:56:48.700955 [debug] [MainThread]: Using postgres connection "master"
[0m15:56:48.701660 [debug] [MainThread]: On master: COMMIT
[0m15:56:48.702332 [debug] [MainThread]: Opening a new connection, currently in state closed
[0m15:56:48.770645 [debug] [MainThread]: SQL status: COMMIT in 0.068 seconds
[0m15:56:48.771535 [debug] [MainThread]: On master: Close
[0m15:56:48.772524 [debug] [MainThread]: Connection 'master' was properly closed.
[0m15:56:48.773270 [debug] [MainThread]: Connection 'list_sales_db' was properly closed.
[0m15:56:48.774021 [debug] [MainThread]: Connection 'list_sales_db_public' was properly closed.
[0m15:56:48.774701 [debug] [MainThread]: Connection 'model.sales_project.pareto_analysis' was properly closed.
[0m15:56:48.775423 [info ] [MainThread]: 
[0m15:56:48.777124 [info ] [MainThread]: Finished running 1 table model in 0 hours 0 minutes and 1.52 seconds (1.52s).
[0m15:56:48.780390 [debug] [MainThread]: Command end result
[0m15:56:48.866524 [debug] [MainThread]: Wrote artifact WritableManifest to D:\Data Analyst\Python\sales_project\target\manifest.json
[0m15:56:48.875883 [debug] [MainThread]: Wrote artifact SemanticManifest to D:\Data Analyst\Python\sales_project\target\semantic_manifest.json
[0m15:56:48.886358 [debug] [MainThread]: Wrote artifact OsiDocument to D:\Data Analyst\Python\sales_project\target\osi_document.json
[0m15:56:48.907286 [debug] [MainThread]: Wrote artifact RunExecutionResult to D:\Data Analyst\Python\sales_project\target\run_results.json
[0m15:56:48.908250 [info ] [MainThread]: 
[0m15:56:48.911032 [info ] [MainThread]: [32mCompleted successfully[0m
[0m15:56:48.912612 [info ] [MainThread]: 
[0m15:56:48.914106 [info ] [MainThread]: Done. PASS=1 WARN=0 ERROR=0 SKIP=0 NO-OP=0 REUSED=0 TOTAL=1
[0m15:56:48.933121 [debug] [MainThread]: Command `dbt run` succeeded at 15:56:48.932773 after 4.90 seconds
[0m15:56:48.936522 [debug] [MainThread]: Sending event: {'category': 'dbt', 'action': 'invocation', 'label': 'end', 'context': [<snowplow_tracker.self_describing_json.SelfDescribingJson object at 0x000002E642DE2C50>, <snowplow_tracker.self_describing_json.SelfDescribingJson object at 0x000002E643332670>, <snowplow_tracker.self_describing_json.SelfDescribingJson object at 0x000002E643332990>]}
[0m15:56:48.937422 [debug] [MainThread]: Flushing usage events
[0m15:56:48.943935 [debug] [MainThread]: An error was encountered while trying to flush usage events
[0m16:09:23.812929 [debug] [MainThread]: Sending event: {'category': 'dbt', 'action': 'invocation', 'label': 'start', 'context': [<snowplow_tracker.self_describing_json.SelfDescribingJson object at 0x000001EDD36CF8C0>, <snowplow_tracker.self_describing_json.SelfDescribingJson object at 0x000001EDD5D4BD90>, <snowplow_tracker.self_describing_json.SelfDescribingJson object at 0x000001EDD5D4B9D0>]}


============================== 16:09:23.822526 | f845a0eb-0e0a-47fa-93e6-41dddedb2df6 ==============================
[0m16:09:23.822526 [info ] [MainThread]: Running with dbt=1.12.0-b3
[0m16:09:23.823944 [debug] [MainThread]: running dbt with arguments {'maximum_seed_size_mib': '1', 'no_print': 'None', 'static_parser': 'True', 'warn_error_options': 'WarnErrorOptionsV2(error=[], warn=[], silence=[])', 'target_path': 'None', 'version_check': 'True', 'printer_width': '80', 'write_json': 'True', 'introspect': 'True', 'log_cache_events': 'False', 'empty': 'False', 'cache_selected_only': 'False', 'log_format': 'default', 'debug': 'False', 'fail_fast': 'False', 'partial_parse': 'True', 'send_anonymous_usage_stats': 'True', 'quiet': 'False', 'warn_error': 'None', 'profiles_dir': 'C:\\Users\\Toranj\\.dbt', 'invocation_command': 'dbt run --select clv_analysis', 'use_colors': 'True', 'indirect_selection': 'eager', 'use_experimental_parser': 'False', 'log_path': 'D:\\Data Analyst\\Python\\sales_project\\logs'}
[0m16:09:24.458583 [debug] [MainThread]: Sending event: {'category': 'dbt', 'action': 'project_id', 'label': 'f845a0eb-0e0a-47fa-93e6-41dddedb2df6', 'context': [<snowplow_tracker.self_describing_json.SelfDescribingJson object at 0x000001EDD3C536F0>]}
[0m16:09:24.628254 [debug] [MainThread]: Sending event: {'category': 'dbt', 'action': 'adapter_info', 'label': 'f845a0eb-0e0a-47fa-93e6-41dddedb2df6', 'context': [<snowplow_tracker.self_describing_json.SelfDescribingJson object at 0x000001EDD5B47680>]}
[0m16:09:24.631041 [info ] [MainThread]: Registered adapter: postgres=1.10.1
[0m16:09:25.153215 [debug] [MainThread]: checksum: 1422b360ba387c4a32c0f6c7d0628301536a3df5895ffefc77e86256980727b7, vars: {}, profile: sales_project, target: dev, version: 1.12.0b3
[0m16:09:25.598783 [debug] [MainThread]: Partial parsing enabled: 0 files deleted, 1 files added, 0 files changed.
[0m16:09:25.600936 [debug] [MainThread]: Partial parsing: added file: sales_project://models\marts\clv_analysis.sql
[0m16:09:26.300726 [debug] [MainThread]: Sending event: {'category': 'dbt', 'action': 'load_project', 'label': 'f845a0eb-0e0a-47fa-93e6-41dddedb2df6', 'context': [<snowplow_tracker.self_describing_json.SelfDescribingJson object at 0x000001EDD5E40F50>]}
[0m16:09:26.480748 [debug] [MainThread]: Wrote artifact WritableManifest to D:\Data Analyst\Python\sales_project\target\manifest.json
[0m16:09:26.491363 [debug] [MainThread]: Wrote artifact SemanticManifest to D:\Data Analyst\Python\sales_project\target\semantic_manifest.json
[0m16:09:26.549074 [debug] [MainThread]: Wrote artifact OsiDocument to D:\Data Analyst\Python\sales_project\target\osi_document.json
[0m16:09:26.575979 [debug] [MainThread]: Sending event: {'category': 'dbt', 'action': 'resource_counts', 'label': 'f845a0eb-0e0a-47fa-93e6-41dddedb2df6', 'context': [<snowplow_tracker.self_describing_json.SelfDescribingJson object at 0x000001EDD6283110>]}
[0m16:09:26.577091 [info ] [MainThread]: Found 11 models, 475 macros
[0m16:09:26.579520 [debug] [MainThread]: Sending event: {'category': 'dbt', 'action': 'runnable_timing', 'label': 'f845a0eb-0e0a-47fa-93e6-41dddedb2df6', 'context': [<snowplow_tracker.self_describing_json.SelfDescribingJson object at 0x000001EDD63B6270>]}
[0m16:09:26.583058 [info ] [MainThread]: 
[0m16:09:26.586812 [info ] [MainThread]: Concurrency: 4 threads (target='dev')
[0m16:09:26.587890 [info ] [MainThread]: 
[0m16:09:26.589131 [debug] [MainThread]: Acquiring new postgres connection 'master'
[0m16:09:26.590942 [debug] [ThreadPool]: Acquiring new postgres connection 'list_sales_db'
[0m16:09:27.044346 [debug] [ThreadPool]: Using postgres connection "list_sales_db"
[0m16:09:27.045223 [debug] [ThreadPool]: On list_sales_db: /* {"app": "dbt", "dbt_version": "1.12.0b3", "profile_name": "sales_project", "target_name": "dev", "connection_name": "list_sales_db"} */

    select distinct nspname from pg_namespace
  
[0m16:09:27.045930 [debug] [ThreadPool]: Opening a new connection, currently in state init
[0m16:09:27.121727 [debug] [ThreadPool]: SQL status: SELECT 4 in 0.076 seconds
[0m16:09:27.124415 [debug] [ThreadPool]: On list_sales_db: Close
[0m16:09:27.137201 [debug] [ThreadPool]: Acquiring new postgres connection 'list_sales_db_public'
[0m16:09:27.151020 [debug] [ThreadPool]: Using postgres connection "list_sales_db_public"
[0m16:09:27.151955 [debug] [ThreadPool]: On list_sales_db_public: /* {"app": "dbt", "dbt_version": "1.12.0b3", "profile_name": "sales_project", "target_name": "dev", "connection_name": "list_sales_db_public"} */
select
      'sales_db' as database,
      tablename as name,
      schemaname as schema,
      'table' as type
    from pg_tables
    where schemaname ilike 'public'
    union all
    select
      'sales_db' as database,
      viewname as name,
      schemaname as schema,
      'view' as type
    from pg_views
    where schemaname ilike 'public'
    union all
    select
      'sales_db' as database,
      matviewname as name,
      schemaname as schema,
      'materialized_view' as type
    from pg_matviews
    where schemaname ilike 'public'
  
[0m16:09:27.152709 [debug] [ThreadPool]: Opening a new connection, currently in state init
[0m16:09:27.224443 [debug] [ThreadPool]: SQL status: SELECT 13 in 0.072 seconds
[0m16:09:27.227594 [debug] [ThreadPool]: On list_sales_db_public: ROLLBACK
[0m16:09:27.228502 [debug] [ThreadPool]: On list_sales_db_public: Close
[0m16:09:27.245733 [debug] [MainThread]: Using postgres connection "master"
[0m16:09:27.246815 [debug] [MainThread]: On master: /* {"app": "dbt", "dbt_version": "1.12.0b3", "profile_name": "sales_project", "target_name": "dev", "connection_name": "master"} */
select distinct
        dependent_namespace.nspname as dependent_schema,
        dependent_class.relname as dependent_name,
        referenced_namespace.nspname as referenced_schema,
        referenced_class.relname as referenced_name

    -- Query for views: views are entries in pg_class with an entry in pg_rewrite, but we avoid
    -- a seq scan on pg_rewrite by leveraging the fact there is an "internal" row in pg_depend for
    -- the view...
    from pg_class as dependent_class
    join pg_namespace as dependent_namespace on dependent_namespace.oid = dependent_class.relnamespace
    join pg_depend as dependent_depend on dependent_depend.refobjid = dependent_class.oid
        and dependent_depend.classid = 'pg_rewrite'::regclass
        and dependent_depend.refclassid = 'pg_class'::regclass
        and dependent_depend.deptype = 'i'

    -- ... and via pg_depend (that has a row per column, hence the need for "distinct" above, and
    -- making sure to exclude the internal row to avoid a view appearing to depend on itself)...
    join pg_depend as joining_depend on joining_depend.objid = dependent_depend.objid
        and joining_depend.classid = 'pg_rewrite'::regclass
        and joining_depend.refclassid = 'pg_class'::regclass
        and joining_depend.refobjid != dependent_depend.refobjid

    -- ... we can find the tables they query from in pg_class, but excluding system tables. Note we
    -- don't need need to exclude _dependent_ system tables, because they only query from other
    -- system tables, and so are automatically excluded by excluding _referenced_ system tables
    join pg_class as referenced_class on referenced_class.oid = joining_depend.refobjid
    join pg_namespace as referenced_namespace on referenced_namespace.oid = referenced_class.relnamespace
        and referenced_namespace.nspname != 'information_schema'
        and referenced_namespace.nspname not like 'pg\_%'

    order by
        dependent_schema, dependent_name, referenced_schema, referenced_name;
[0m16:09:27.247737 [debug] [MainThread]: Opening a new connection, currently in state init
[0m16:09:27.443998 [debug] [MainThread]: SQL status: SELECT 0 in 0.196 seconds
[0m16:09:27.446509 [debug] [MainThread]: Sending event: {'category': 'dbt', 'action': 'runnable_timing', 'label': 'f845a0eb-0e0a-47fa-93e6-41dddedb2df6', 'context': [<snowplow_tracker.self_describing_json.SelfDescribingJson object at 0x000001EDD68D0D50>]}
[0m16:09:27.447433 [debug] [MainThread]: On master: ROLLBACK
[0m16:09:27.448354 [debug] [MainThread]: On master: COMMIT
[0m16:09:27.449116 [debug] [MainThread]: Using postgres connection "master"
[0m16:09:27.450989 [debug] [MainThread]: On master: COMMIT
[0m16:09:27.452099 [debug] [MainThread]: SQL status: COMMIT in 0.000 seconds
[0m16:09:27.452825 [debug] [MainThread]: On master: Close
[0m16:09:27.461865 [debug] [Thread-1 (]: Began running node model.sales_project.clv_analysis
[0m16:09:27.463114 [info ] [Thread-1 (]: 1 of 1 START sql table model public.clv_analysis ............................... [RUN]
[0m16:09:27.464543 [debug] [Thread-1 (]: Acquiring new postgres connection 'model.sales_project.clv_analysis'
[0m16:09:27.465463 [debug] [Thread-1 (]: Began compiling node model.sales_project.clv_analysis
[0m16:09:27.481333 [debug] [Thread-1 (]: Writing injected SQL for node "model.sales_project.clv_analysis"
[0m16:09:27.491970 [debug] [Thread-1 (]: Began executing node model.sales_project.clv_analysis
[0m16:09:27.608204 [debug] [Thread-1 (]: Writing runtime sql for node "model.sales_project.clv_analysis"
[0m16:09:27.610381 [debug] [Thread-1 (]: Using postgres connection "model.sales_project.clv_analysis"
[0m16:09:27.611529 [debug] [Thread-1 (]: On model.sales_project.clv_analysis: /* {"app": "dbt", "dbt_version": "1.12.0b3", "profile_name": "sales_project", "target_name": "dev", "node_id": "model.sales_project.clv_analysis"} */

  
    

  create  table "sales_db"."public"."clv_analysis__dbt_tmp"
  
  
    as
  
  (
    WITH customer_clv AS (
    SELECT
        customer_id,
        COUNT(DISTINCT sale_id) AS frequency,
        AVG(unit_price * quantity) AS avg_order_value,
        COUNT(DISTINCT DATE_TRUNC('month', sale_date)) AS active_months,
        (COUNT(DISTINCT DATE_TRUNC('month', sale_date)) * AVG(unit_price * quantity)) AS clv
    FROM "sales_db"."public"."stg_sales"
    GROUP BY customer_id    
)
SELECT
    customer_id,
    frequency,
    avg_order_value,
    active_months,
    clv,
    CASE 
        WHEN clv >= PERCENTILE_CONT(0.80) WITHIN GROUP (ORDER BY clv) OVER () 
        THEN 'High CLV'
        WHEN clv >= PERCENTILE_CONT(0.50) WITHIN GROUP (ORDER BY clv) OVER ()
        THEN 'Medium CLV'  
        ELSE 'Low CLV' 
    END AS clv_segment
FROM customer_clv
  );
  
[0m16:09:27.612499 [debug] [Thread-1 (]: Opening a new connection, currently in state init
[0m16:09:27.786227 [debug] [Thread-1 (]: Postgres adapter: Postgres error: OVER is not supported for ordered-set aggregate percentile_cont
LINE 29:         WHEN clv >= PERCENTILE_CONT(0.80) WITHIN GROUP (ORDE...
                             ^

[0m16:09:27.787577 [debug] [Thread-1 (]: On model.sales_project.clv_analysis: ROLLBACK
[0m16:09:27.788834 [debug] [Thread-1 (]: On model.sales_project.clv_analysis: Close
[0m16:09:27.811032 [debug] [Thread-1 (]: Database Error in model clv_analysis (models\marts\clv_analysis.sql)
  OVER is not supported for ordered-set aggregate percentile_cont
  LINE 29:         WHEN clv >= PERCENTILE_CONT(0.80) WITHIN GROUP (ORDE...
                               ^
  compiled code at target\run\sales_project\models\marts\clv_analysis.sql
[0m16:09:27.815500 [debug] [Thread-1 (]: Sending event: {'category': 'dbt', 'action': 'run_model', 'label': 'f845a0eb-0e0a-47fa-93e6-41dddedb2df6', 'context': [<snowplow_tracker.self_describing_json.SelfDescribingJson object at 0x000001EDD6775C10>]}
[0m16:09:27.817669 [error] [Thread-1 (]: 1 of 1 ERROR creating sql table model public.clv_analysis ...................... [[31mERROR[0m in 0.35s]
[0m16:09:27.819506 [debug] [Thread-1 (]: Finished running node model.sales_project.clv_analysis
[0m16:09:27.820905 [debug] [Thread-7 (]: Marking all children of 'model.sales_project.clv_analysis' to be skipped because of status 'error'.  Reason: Database Error in model clv_analysis (models\marts\clv_analysis.sql)
  OVER is not supported for ordered-set aggregate percentile_cont
  LINE 29:         WHEN clv >= PERCENTILE_CONT(0.80) WITHIN GROUP (ORDE...
                               ^
  compiled code at target\run\sales_project\models\marts\clv_analysis.sql.
[0m16:09:27.824623 [debug] [MainThread]: On master: COMMIT
[0m16:09:27.825525 [debug] [MainThread]: Using postgres connection "master"
[0m16:09:27.826408 [debug] [MainThread]: On master: COMMIT
[0m16:09:27.827435 [debug] [MainThread]: Opening a new connection, currently in state closed
[0m16:09:27.900720 [debug] [MainThread]: SQL status: COMMIT in 0.073 seconds
[0m16:09:27.901631 [debug] [MainThread]: On master: Close
[0m16:09:27.902638 [debug] [MainThread]: Connection 'master' was properly closed.
[0m16:09:27.903436 [debug] [MainThread]: Connection 'list_sales_db' was properly closed.
[0m16:09:27.904225 [debug] [MainThread]: Connection 'list_sales_db_public' was properly closed.
[0m16:09:27.905032 [debug] [MainThread]: Connection 'model.sales_project.clv_analysis' was properly closed.
[0m16:09:27.905872 [info ] [MainThread]: 
[0m16:09:27.907698 [info ] [MainThread]: Finished running 1 table model in 0 hours 0 minutes and 1.32 seconds (1.32s).
[0m16:09:27.909645 [debug] [MainThread]: Command end result
[0m16:09:27.997466 [debug] [MainThread]: Wrote artifact WritableManifest to D:\Data Analyst\Python\sales_project\target\manifest.json
[0m16:09:28.008721 [debug] [MainThread]: Wrote artifact SemanticManifest to D:\Data Analyst\Python\sales_project\target\semantic_manifest.json
[0m16:09:28.017739 [debug] [MainThread]: Wrote artifact OsiDocument to D:\Data Analyst\Python\sales_project\target\osi_document.json
[0m16:09:28.043965 [debug] [MainThread]: Wrote artifact RunExecutionResult to D:\Data Analyst\Python\sales_project\target\run_results.json
[0m16:09:28.045364 [info ] [MainThread]: 
[0m16:09:28.046636 [info ] [MainThread]: [31mCompleted with 1 error, 0 partial successes, and 0 warnings:[0m
[0m16:09:28.047598 [info ] [MainThread]: 
[0m16:09:28.048702 [error] [MainThread]: [[31mERROR[0m]: in model clv_analysis (models\marts\clv_analysis.sql)
[0m16:09:28.051484 [error] [MainThread]:   Database Error in model clv_analysis (models\marts\clv_analysis.sql)
  OVER is not supported for ordered-set aggregate percentile_cont
  LINE 29:         WHEN clv >= PERCENTILE_CONT(0.80) WITHIN GROUP (ORDE...
                               ^
  compiled code at target\run\sales_project\models\marts\clv_analysis.sql
[0m16:09:28.054899 [info ] [MainThread]: 
[0m16:09:28.058485 [info ] [MainThread]:   compiled code at target\compiled\sales_project\models\marts\clv_analysis.sql
[0m16:09:28.059569 [info ] [MainThread]: 
[0m16:09:28.060579 [info ] [MainThread]: Done. PASS=0 WARN=0 ERROR=1 SKIP=0 NO-OP=0 REUSED=0 TOTAL=1
[0m16:09:28.063980 [debug] [MainThread]: Command `dbt run` failed at 16:09:28.063644 after 4.60 seconds
[0m16:09:28.065002 [debug] [MainThread]: Sending event: {'category': 'dbt', 'action': 'invocation', 'label': 'end', 'context': [<snowplow_tracker.self_describing_json.SelfDescribingJson object at 0x000001EDD628F960>, <snowplow_tracker.self_describing_json.SelfDescribingJson object at 0x000001EDD65BE850>, <snowplow_tracker.self_describing_json.SelfDescribingJson object at 0x000001EDD65BECB0>]}
[0m16:09:28.071039 [debug] [MainThread]: Flushing usage events
[0m16:09:28.077648 [debug] [MainThread]: An error was encountered while trying to flush usage events
[0m16:16:56.493330 [debug] [MainThread]: Sending event: {'category': 'dbt', 'action': 'invocation', 'label': 'start', 'context': [<snowplow_tracker.self_describing_json.SelfDescribingJson object at 0x000001C44D92F8C0>, <snowplow_tracker.self_describing_json.SelfDescribingJson object at 0x000001C44FF9BD90>, <snowplow_tracker.self_describing_json.SelfDescribingJson object at 0x000001C44FF9B9D0>]}


============================== 16:16:56.502811 | e089eaa9-ebb1-4d43-bc73-5d33b38e4634 ==============================
[0m16:16:56.502811 [info ] [MainThread]: Running with dbt=1.12.0-b3
[0m16:16:56.504340 [debug] [MainThread]: running dbt with arguments {'static_parser': 'True', 'no_print': 'None', 'maximum_seed_size_mib': '1', 'target_path': 'None', 'warn_error_options': 'WarnErrorOptionsV2(error=[], warn=[], silence=[])', 'version_check': 'True', 'printer_width': '80', 'write_json': 'True', 'introspect': 'True', 'log_cache_events': 'False', 'empty': 'False', 'cache_selected_only': 'False', 'fail_fast': 'False', 'debug': 'False', 'log_format': 'default', 'profiles_dir': 'C:\\Users\\Toranj\\.dbt', 'send_anonymous_usage_stats': 'True', 'quiet': 'False', 'warn_error': 'None', 'partial_parse': 'True', 'use_colors': 'True', 'indirect_selection': 'eager', 'invocation_command': 'dbt run --select peroduct_performance', 'use_experimental_parser': 'False', 'log_path': 'D:\\Data Analyst\\Python\\sales_project\\logs'}
[0m16:16:57.151506 [debug] [MainThread]: Sending event: {'category': 'dbt', 'action': 'project_id', 'label': 'e089eaa9-ebb1-4d43-bc73-5d33b38e4634', 'context': [<snowplow_tracker.self_describing_json.SelfDescribingJson object at 0x000001C44DEB76F0>]}
[0m16:16:57.336759 [debug] [MainThread]: Sending event: {'category': 'dbt', 'action': 'adapter_info', 'label': 'e089eaa9-ebb1-4d43-bc73-5d33b38e4634', 'context': [<snowplow_tracker.self_describing_json.SelfDescribingJson object at 0x000001C44FD97680>]}
[0m16:16:57.339545 [info ] [MainThread]: Registered adapter: postgres=1.10.1
[0m16:16:57.871666 [debug] [MainThread]: checksum: 1422b360ba387c4a32c0f6c7d0628301536a3df5895ffefc77e86256980727b7, vars: {}, profile: sales_project, target: dev, version: 1.12.0b3
[0m16:16:58.372202 [debug] [MainThread]: Partial parsing enabled: 0 files deleted, 1 files added, 0 files changed.
[0m16:16:58.373351 [debug] [MainThread]: Partial parsing: added file: sales_project://models\marts\product_performance.sql
[0m16:16:59.100031 [debug] [MainThread]: Sending event: {'category': 'dbt', 'action': 'load_project', 'label': 'e089eaa9-ebb1-4d43-bc73-5d33b38e4634', 'context': [<snowplow_tracker.self_describing_json.SelfDescribingJson object at 0x000001C450090F50>]}
[0m16:16:59.282185 [debug] [MainThread]: Wrote artifact WritableManifest to D:\Data Analyst\Python\sales_project\target\manifest.json
[0m16:16:59.294470 [debug] [MainThread]: Wrote artifact SemanticManifest to D:\Data Analyst\Python\sales_project\target\semantic_manifest.json
[0m16:16:59.352126 [debug] [MainThread]: Wrote artifact OsiDocument to D:\Data Analyst\Python\sales_project\target\osi_document.json
[0m16:16:59.380105 [debug] [MainThread]: Sending event: {'category': 'dbt', 'action': 'resource_counts', 'label': 'e089eaa9-ebb1-4d43-bc73-5d33b38e4634', 'context': [<snowplow_tracker.self_describing_json.SelfDescribingJson object at 0x000001C4504F36B0>]}
[0m16:16:59.381236 [info ] [MainThread]: Found 12 models, 475 macros
[0m16:16:59.383799 [debug] [MainThread]: Sending event: {'category': 'dbt', 'action': 'runnable_timing', 'label': 'e089eaa9-ebb1-4d43-bc73-5d33b38e4634', 'context': [<snowplow_tracker.self_describing_json.SelfDescribingJson object at 0x000001C450626270>]}
[0m16:16:59.385381 [warn ] [MainThread]: [[33mWARNING[0m]: The selection criterion 'peroduct_performance' does not match any enabled nodes
[0m16:16:59.388202 [warn ] [MainThread]: [[33mWARNING[0m]: Nothing to do. Try checking your model configs and model specification args
[0m16:16:59.390988 [debug] [MainThread]: Command end result
[0m16:16:59.484904 [debug] [MainThread]: Wrote artifact WritableManifest to D:\Data Analyst\Python\sales_project\target\manifest.json
[0m16:16:59.496100 [debug] [MainThread]: Wrote artifact SemanticManifest to D:\Data Analyst\Python\sales_project\target\semantic_manifest.json
[0m16:16:59.505986 [debug] [MainThread]: Wrote artifact OsiDocument to D:\Data Analyst\Python\sales_project\target\osi_document.json
[0m16:16:59.516100 [debug] [MainThread]: Wrote artifact RunExecutionResult to D:\Data Analyst\Python\sales_project\target\run_results.json
[0m16:16:59.518431 [debug] [MainThread]: Command `dbt run` succeeded at 16:16:59.518113 after 3.37 seconds
[0m16:16:59.519390 [debug] [MainThread]: Sending event: {'category': 'dbt', 'action': 'invocation', 'label': 'end', 'context': [<snowplow_tracker.self_describing_json.SelfDescribingJson object at 0x000001C4501D4FC0>, <snowplow_tracker.self_describing_json.SelfDescribingJson object at 0x000001C44FDF90D0>, <snowplow_tracker.self_describing_json.SelfDescribingJson object at 0x000001C4506D3C50>]}
[0m16:16:59.520445 [debug] [MainThread]: Flushing usage events
[0m16:16:59.533722 [debug] [MainThread]: An error was encountered while trying to flush usage events
[0m16:17:44.933466 [debug] [MainThread]: Sending event: {'category': 'dbt', 'action': 'invocation', 'label': 'start', 'context': [<snowplow_tracker.self_describing_json.SelfDescribingJson object at 0x000001BCE3DC38C0>, <snowplow_tracker.self_describing_json.SelfDescribingJson object at 0x000001BCE643BD90>, <snowplow_tracker.self_describing_json.SelfDescribingJson object at 0x000001BCE643B9D0>]}


============================== 16:17:44.943992 | 5486788e-c8e0-4f8b-82bb-9dda5907fab6 ==============================
[0m16:17:44.943992 [info ] [MainThread]: Running with dbt=1.12.0-b3
[0m16:17:44.946002 [debug] [MainThread]: running dbt with arguments {'static_parser': 'True', 'no_print': 'None', 'version_check': 'True', 'warn_error_options': 'WarnErrorOptionsV2(error=[], warn=[], silence=[])', 'maximum_seed_size_mib': '1', 'target_path': 'None', 'printer_width': '80', 'write_json': 'True', 'introspect': 'True', 'log_cache_events': 'False', 'empty': 'False', 'cache_selected_only': 'False', 'log_format': 'default', 'debug': 'False', 'fail_fast': 'False', 'profiles_dir': 'C:\\Users\\Toranj\\.dbt', 'send_anonymous_usage_stats': 'True', 'quiet': 'False', 'warn_error': 'None', 'partial_parse': 'True', 'indirect_selection': 'eager', 'invocation_command': 'dbt run --select product_performance', 'use_colors': 'True', 'use_experimental_parser': 'False', 'log_path': 'D:\\Data Analyst\\Python\\sales_project\\logs'}
[0m16:17:45.603726 [debug] [MainThread]: Sending event: {'category': 'dbt', 'action': 'project_id', 'label': '5486788e-c8e0-4f8b-82bb-9dda5907fab6', 'context': [<snowplow_tracker.self_describing_json.SelfDescribingJson object at 0x000001BCE43436F0>]}
[0m16:17:45.777413 [debug] [MainThread]: Sending event: {'category': 'dbt', 'action': 'adapter_info', 'label': '5486788e-c8e0-4f8b-82bb-9dda5907fab6', 'context': [<snowplow_tracker.self_describing_json.SelfDescribingJson object at 0x000001BCE6237680>]}
[0m16:17:45.785282 [info ] [MainThread]: Registered adapter: postgres=1.10.1
[0m16:17:46.349349 [debug] [MainThread]: checksum: 1422b360ba387c4a32c0f6c7d0628301536a3df5895ffefc77e86256980727b7, vars: {}, profile: sales_project, target: dev, version: 1.12.0b3
[0m16:17:46.834545 [debug] [MainThread]: Partial parsing enabled: 0 files deleted, 0 files added, 0 files changed.
[0m16:17:46.835401 [debug] [MainThread]: Nothing changed, skipping partial parsing.
[0m16:17:46.836059 [debug] [MainThread]: Partial parsing enabled, no changes found, skipping parsing
[0m16:17:46.914897 [debug] [MainThread]: Sending event: {'category': 'dbt', 'action': 'load_project', 'label': '5486788e-c8e0-4f8b-82bb-9dda5907fab6', 'context': [<snowplow_tracker.self_describing_json.SelfDescribingJson object at 0x000001BCE6531650>]}
[0m16:17:47.109832 [debug] [MainThread]: Wrote artifact WritableManifest to D:\Data Analyst\Python\sales_project\target\manifest.json
[0m16:17:47.122541 [debug] [MainThread]: Wrote artifact SemanticManifest to D:\Data Analyst\Python\sales_project\target\semantic_manifest.json
[0m16:17:47.185184 [debug] [MainThread]: Wrote artifact OsiDocument to D:\Data Analyst\Python\sales_project\target\osi_document.json
[0m16:17:47.216408 [debug] [MainThread]: Sending event: {'category': 'dbt', 'action': 'resource_counts', 'label': '5486788e-c8e0-4f8b-82bb-9dda5907fab6', 'context': [<snowplow_tracker.self_describing_json.SelfDescribingJson object at 0x000001BCE6A13110>]}
[0m16:17:47.217451 [info ] [MainThread]: Found 12 models, 475 macros
[0m16:17:47.228528 [debug] [MainThread]: Sending event: {'category': 'dbt', 'action': 'runnable_timing', 'label': '5486788e-c8e0-4f8b-82bb-9dda5907fab6', 'context': [<snowplow_tracker.self_describing_json.SelfDescribingJson object at 0x000001BCE6C10BB0>]}
[0m16:17:47.231910 [info ] [MainThread]: 
[0m16:17:47.234616 [info ] [MainThread]: Concurrency: 4 threads (target='dev')
[0m16:17:47.236071 [info ] [MainThread]: 
[0m16:17:47.237484 [debug] [MainThread]: Acquiring new postgres connection 'master'
[0m16:17:47.239313 [debug] [ThreadPool]: Acquiring new postgres connection 'list_sales_db'
[0m16:17:47.797756 [debug] [ThreadPool]: Using postgres connection "list_sales_db"
[0m16:17:47.798652 [debug] [ThreadPool]: On list_sales_db: /* {"app": "dbt", "dbt_version": "1.12.0b3", "profile_name": "sales_project", "target_name": "dev", "connection_name": "list_sales_db"} */

    select distinct nspname from pg_namespace
  
[0m16:17:47.799378 [debug] [ThreadPool]: Opening a new connection, currently in state init
[0m16:17:47.880644 [debug] [ThreadPool]: SQL status: SELECT 4 in 0.081 seconds
[0m16:17:47.883344 [debug] [ThreadPool]: On list_sales_db: Close
[0m16:17:47.920988 [debug] [ThreadPool]: Acquiring new postgres connection 'list_sales_db_public'
[0m16:17:47.934329 [debug] [ThreadPool]: Using postgres connection "list_sales_db_public"
[0m16:17:47.935250 [debug] [ThreadPool]: On list_sales_db_public: /* {"app": "dbt", "dbt_version": "1.12.0b3", "profile_name": "sales_project", "target_name": "dev", "connection_name": "list_sales_db_public"} */
select
      'sales_db' as database,
      tablename as name,
      schemaname as schema,
      'table' as type
    from pg_tables
    where schemaname ilike 'public'
    union all
    select
      'sales_db' as database,
      viewname as name,
      schemaname as schema,
      'view' as type
    from pg_views
    where schemaname ilike 'public'
    union all
    select
      'sales_db' as database,
      matviewname as name,
      schemaname as schema,
      'materialized_view' as type
    from pg_matviews
    where schemaname ilike 'public'
  
[0m16:17:47.936003 [debug] [ThreadPool]: Opening a new connection, currently in state init
[0m16:17:48.012652 [debug] [ThreadPool]: SQL status: SELECT 13 in 0.077 seconds
[0m16:17:48.015762 [debug] [ThreadPool]: On list_sales_db_public: ROLLBACK
[0m16:17:48.016694 [debug] [ThreadPool]: On list_sales_db_public: Close
[0m16:17:48.031960 [debug] [MainThread]: Using postgres connection "master"
[0m16:17:48.033020 [debug] [MainThread]: On master: /* {"app": "dbt", "dbt_version": "1.12.0b3", "profile_name": "sales_project", "target_name": "dev", "connection_name": "master"} */
select distinct
        dependent_namespace.nspname as dependent_schema,
        dependent_class.relname as dependent_name,
        referenced_namespace.nspname as referenced_schema,
        referenced_class.relname as referenced_name

    -- Query for views: views are entries in pg_class with an entry in pg_rewrite, but we avoid
    -- a seq scan on pg_rewrite by leveraging the fact there is an "internal" row in pg_depend for
    -- the view...
    from pg_class as dependent_class
    join pg_namespace as dependent_namespace on dependent_namespace.oid = dependent_class.relnamespace
    join pg_depend as dependent_depend on dependent_depend.refobjid = dependent_class.oid
        and dependent_depend.classid = 'pg_rewrite'::regclass
        and dependent_depend.refclassid = 'pg_class'::regclass
        and dependent_depend.deptype = 'i'

    -- ... and via pg_depend (that has a row per column, hence the need for "distinct" above, and
    -- making sure to exclude the internal row to avoid a view appearing to depend on itself)...
    join pg_depend as joining_depend on joining_depend.objid = dependent_depend.objid
        and joining_depend.classid = 'pg_rewrite'::regclass
        and joining_depend.refclassid = 'pg_class'::regclass
        and joining_depend.refobjid != dependent_depend.refobjid

    -- ... we can find the tables they query from in pg_class, but excluding system tables. Note we
    -- don't need need to exclude _dependent_ system tables, because they only query from other
    -- system tables, and so are automatically excluded by excluding _referenced_ system tables
    join pg_class as referenced_class on referenced_class.oid = joining_depend.refobjid
    join pg_namespace as referenced_namespace on referenced_namespace.oid = referenced_class.relnamespace
        and referenced_namespace.nspname != 'information_schema'
        and referenced_namespace.nspname not like 'pg\_%'

    order by
        dependent_schema, dependent_name, referenced_schema, referenced_name;
[0m16:17:48.034015 [debug] [MainThread]: Opening a new connection, currently in state init
[0m16:17:48.131514 [debug] [MainThread]: SQL status: SELECT 0 in 0.097 seconds
[0m16:17:48.134015 [debug] [MainThread]: Sending event: {'category': 'dbt', 'action': 'runnable_timing', 'label': '5486788e-c8e0-4f8b-82bb-9dda5907fab6', 'context': [<snowplow_tracker.self_describing_json.SelfDescribingJson object at 0x000001BCE6DC5230>]}
[0m16:17:48.134968 [debug] [MainThread]: On master: ROLLBACK
[0m16:17:48.135836 [debug] [MainThread]: On master: COMMIT
[0m16:17:48.136566 [debug] [MainThread]: Using postgres connection "master"
[0m16:17:48.137248 [debug] [MainThread]: On master: COMMIT
[0m16:17:48.138113 [debug] [MainThread]: SQL status: COMMIT in 0.000 seconds
[0m16:17:48.138818 [debug] [MainThread]: On master: Close
[0m16:17:48.160280 [debug] [Thread-1 (]: Began running node model.sales_project.product_performance
[0m16:17:48.161524 [info ] [Thread-1 (]: 1 of 1 START sql table model public.product_performance ........................ [RUN]
[0m16:17:48.163247 [debug] [Thread-1 (]: Acquiring new postgres connection 'model.sales_project.product_performance'
[0m16:17:48.164152 [debug] [Thread-1 (]: Began compiling node model.sales_project.product_performance
[0m16:17:48.181266 [debug] [Thread-1 (]: Writing injected SQL for node "model.sales_project.product_performance"
[0m16:17:48.183292 [debug] [Thread-1 (]: Began executing node model.sales_project.product_performance
[0m16:17:48.301606 [debug] [Thread-1 (]: Writing runtime sql for node "model.sales_project.product_performance"
[0m16:17:48.316698 [debug] [Thread-1 (]: Using postgres connection "model.sales_project.product_performance"
[0m16:17:48.317810 [debug] [Thread-1 (]: On model.sales_project.product_performance: /* {"app": "dbt", "dbt_version": "1.12.0b3", "profile_name": "sales_project", "target_name": "dev", "node_id": "model.sales_project.product_performance"} */

  
    

  create  table "sales_db"."public"."product_performance__dbt_tmp"
  
  
    as
  
  (
    SELECT
    p.product_name,
    p.category,
    COUNT(DISTINCT s.sale_id) AS total_orders,
    SUM(s.quantity) AS total_quantity_sold,
    SUM(s.unit_price * s.quantity) AS total_revenue,
    ROUND(AVG(s.unit_price), 2) AS avg_price
FROM "sales_db"."public"."stg_sales" s 
LEFT JOIN "sales_db"."public"."stg_products" p USING (product_id)
GROUP BY p.product_name, p.category
ORDER BY total_revenue DESC
  );
  
[0m16:17:48.318741 [debug] [Thread-1 (]: Opening a new connection, currently in state init
[0m16:17:48.708256 [debug] [Thread-1 (]: SQL status: SELECT 137 in 0.389 seconds
[0m16:17:48.731130 [debug] [Thread-1 (]: Using postgres connection "model.sales_project.product_performance"
[0m16:17:48.732161 [debug] [Thread-1 (]: On model.sales_project.product_performance: /* {"app": "dbt", "dbt_version": "1.12.0b3", "profile_name": "sales_project", "target_name": "dev", "node_id": "model.sales_project.product_performance"} */
alter table "sales_db"."public"."product_performance__dbt_tmp" rename to "product_performance"
[0m16:17:48.733763 [debug] [Thread-1 (]: SQL status: ALTER TABLE in 0.001 seconds
[0m16:17:48.780151 [debug] [Thread-1 (]: On model.sales_project.product_performance: COMMIT
[0m16:17:48.781193 [debug] [Thread-1 (]: Using postgres connection "model.sales_project.product_performance"
[0m16:17:48.782043 [debug] [Thread-1 (]: On model.sales_project.product_performance: COMMIT
[0m16:17:48.784589 [debug] [Thread-1 (]: SQL status: COMMIT in 0.002 seconds
[0m16:17:48.799763 [debug] [Thread-1 (]: Applying DROP to: "sales_db"."public"."product_performance__dbt_backup"
[0m16:17:48.813009 [debug] [Thread-1 (]: Using postgres connection "model.sales_project.product_performance"
[0m16:17:48.814026 [debug] [Thread-1 (]: On model.sales_project.product_performance: /* {"app": "dbt", "dbt_version": "1.12.0b3", "profile_name": "sales_project", "target_name": "dev", "node_id": "model.sales_project.product_performance"} */
drop table if exists "sales_db"."public"."product_performance__dbt_backup" cascade
[0m16:17:48.815622 [debug] [Thread-1 (]: SQL status: DROP TABLE in 0.001 seconds
[0m16:17:48.820777 [debug] [Thread-1 (]: On model.sales_project.product_performance: Close
[0m16:17:48.826818 [debug] [Thread-1 (]: Sending event: {'category': 'dbt', 'action': 'run_model', 'label': '5486788e-c8e0-4f8b-82bb-9dda5907fab6', 'context': [<snowplow_tracker.self_describing_json.SelfDescribingJson object at 0x000001BCE6E29190>]}
[0m16:17:48.828461 [info ] [Thread-1 (]: 1 of 1 OK created sql table model public.product_performance ................... [[32mSELECT 137[0m in 0.66s]
[0m16:17:48.832435 [debug] [Thread-1 (]: Finished running node model.sales_project.product_performance
[0m16:17:48.834833 [debug] [MainThread]: On master: COMMIT
[0m16:17:48.835637 [debug] [MainThread]: Using postgres connection "master"
[0m16:17:48.836337 [debug] [MainThread]: On master: COMMIT
[0m16:17:48.837014 [debug] [MainThread]: Opening a new connection, currently in state closed
[0m16:17:48.919256 [debug] [MainThread]: SQL status: COMMIT in 0.082 seconds
[0m16:17:48.920132 [debug] [MainThread]: On master: Close
[0m16:17:48.921079 [debug] [MainThread]: Connection 'master' was properly closed.
[0m16:17:48.921778 [debug] [MainThread]: Connection 'list_sales_db' was properly closed.
[0m16:17:48.922414 [debug] [MainThread]: Connection 'list_sales_db_public' was properly closed.
[0m16:17:48.923687 [debug] [MainThread]: Connection 'model.sales_project.product_performance' was properly closed.
[0m16:17:48.924488 [info ] [MainThread]: 
[0m16:17:48.932118 [info ] [MainThread]: Finished running 1 table model in 0 hours 0 minutes and 1.69 seconds (1.69s).
[0m16:17:48.940014 [debug] [MainThread]: Command end result
[0m16:17:49.028517 [debug] [MainThread]: Wrote artifact WritableManifest to D:\Data Analyst\Python\sales_project\target\manifest.json
[0m16:17:49.038452 [debug] [MainThread]: Wrote artifact SemanticManifest to D:\Data Analyst\Python\sales_project\target\semantic_manifest.json
[0m16:17:49.050034 [debug] [MainThread]: Wrote artifact OsiDocument to D:\Data Analyst\Python\sales_project\target\osi_document.json
[0m16:17:49.079817 [debug] [MainThread]: Wrote artifact RunExecutionResult to D:\Data Analyst\Python\sales_project\target\run_results.json
[0m16:17:49.083138 [info ] [MainThread]: 
[0m16:17:49.084674 [info ] [MainThread]: [32mCompleted successfully[0m
[0m16:17:49.085899 [info ] [MainThread]: 
[0m16:17:49.087046 [info ] [MainThread]: Done. PASS=1 WARN=0 ERROR=0 SKIP=0 NO-OP=0 REUSED=0 TOTAL=1
[0m16:17:49.091241 [debug] [MainThread]: Command `dbt run` succeeded at 16:17:49.090738 after 4.46 seconds
[0m16:17:49.092574 [debug] [MainThread]: Sending event: {'category': 'dbt', 'action': 'invocation', 'label': 'end', 'context': [<snowplow_tracker.self_describing_json.SelfDescribingJson object at 0x000001BCE6B98D60>, <snowplow_tracker.self_describing_json.SelfDescribingJson object at 0x000001BCE18EB2F0>, <snowplow_tracker.self_describing_json.SelfDescribingJson object at 0x000001BCE72ADA90>]}
[0m16:17:49.093418 [debug] [MainThread]: Flushing usage events
[0m16:17:49.100884 [debug] [MainThread]: An error was encountered while trying to flush usage events
[0m16:36:07.062305 [debug] [MainThread]: Sending event: {'category': 'dbt', 'action': 'invocation', 'label': 'start', 'context': [<snowplow_tracker.self_describing_json.SelfDescribingJson object at 0x000001DB337FF8C0>, <snowplow_tracker.self_describing_json.SelfDescribingJson object at 0x000001DB35E7BD90>, <snowplow_tracker.self_describing_json.SelfDescribingJson object at 0x000001DB35E7B9D0>]}


============================== 16:36:07.072780 | fbea18ae-8833-4df0-9567-92863d2e149c ==============================
[0m16:36:07.072780 [info ] [MainThread]: Running with dbt=1.12.0-b3
[0m16:36:07.074217 [debug] [MainThread]: running dbt with arguments {'static_parser': 'True', 'no_print': 'None', 'version_check': 'True', 'warn_error_options': 'WarnErrorOptionsV2(error=[], warn=[], silence=[])', 'target_path': 'None', 'maximum_seed_size_mib': '1', 'printer_width': '80', 'write_json': 'True', 'empty': 'False', 'log_cache_events': 'False', 'introspect': 'True', 'cache_selected_only': 'False', 'fail_fast': 'False', 'debug': 'False', 'log_format': 'default', 'partial_parse': 'True', 'send_anonymous_usage_stats': 'True', 'quiet': 'False', 'warn_error': 'None', 'profiles_dir': 'C:\\Users\\Toranj\\.dbt', 'use_colors': 'True', 'invocation_command': 'dbt run --select cohort_analysis', 'indirect_selection': 'eager', 'use_experimental_parser': 'False', 'log_path': 'D:\\Data Analyst\\Python\\sales_project\\logs'}
[0m16:36:07.710086 [debug] [MainThread]: Sending event: {'category': 'dbt', 'action': 'project_id', 'label': 'fbea18ae-8833-4df0-9567-92863d2e149c', 'context': [<snowplow_tracker.self_describing_json.SelfDescribingJson object at 0x000001DB33D836F0>]}
[0m16:36:07.880076 [debug] [MainThread]: Sending event: {'category': 'dbt', 'action': 'adapter_info', 'label': 'fbea18ae-8833-4df0-9567-92863d2e149c', 'context': [<snowplow_tracker.self_describing_json.SelfDescribingJson object at 0x000001DB35C77680>]}
[0m16:36:07.883541 [info ] [MainThread]: Registered adapter: postgres=1.10.1
[0m16:36:08.412735 [debug] [MainThread]: checksum: 1422b360ba387c4a32c0f6c7d0628301536a3df5895ffefc77e86256980727b7, vars: {}, profile: sales_project, target: dev, version: 1.12.0b3
[0m16:36:08.865122 [debug] [MainThread]: Partial parsing enabled: 0 files deleted, 1 files added, 0 files changed.
[0m16:36:08.866240 [debug] [MainThread]: Partial parsing: added file: sales_project://models\marts\cohort_analysis.sql
[0m16:36:09.572457 [debug] [MainThread]: Sending event: {'category': 'dbt', 'action': 'load_project', 'label': 'fbea18ae-8833-4df0-9567-92863d2e149c', 'context': [<snowplow_tracker.self_describing_json.SelfDescribingJson object at 0x000001DB35F6CF50>]}
[0m16:36:09.771261 [debug] [MainThread]: Wrote artifact WritableManifest to D:\Data Analyst\Python\sales_project\target\manifest.json
[0m16:36:09.783341 [debug] [MainThread]: Wrote artifact SemanticManifest to D:\Data Analyst\Python\sales_project\target\semantic_manifest.json
[0m16:36:09.857325 [debug] [MainThread]: Wrote artifact OsiDocument to D:\Data Analyst\Python\sales_project\target\osi_document.json
[0m16:36:09.889027 [debug] [MainThread]: Sending event: {'category': 'dbt', 'action': 'resource_counts', 'label': 'fbea18ae-8833-4df0-9567-92863d2e149c', 'context': [<snowplow_tracker.self_describing_json.SelfDescribingJson object at 0x000001DB363B3A70>]}
[0m16:36:09.890051 [info ] [MainThread]: Found 13 models, 475 macros
[0m16:36:09.896816 [debug] [MainThread]: Sending event: {'category': 'dbt', 'action': 'runnable_timing', 'label': 'fbea18ae-8833-4df0-9567-92863d2e149c', 'context': [<snowplow_tracker.self_describing_json.SelfDescribingJson object at 0x000001DB364E5E10>]}
[0m16:36:09.900185 [info ] [MainThread]: 
[0m16:36:09.903999 [info ] [MainThread]: Concurrency: 4 threads (target='dev')
[0m16:36:09.905237 [info ] [MainThread]: 
[0m16:36:09.906609 [debug] [MainThread]: Acquiring new postgres connection 'master'
[0m16:36:09.909168 [debug] [ThreadPool]: Acquiring new postgres connection 'list_sales_db'
[0m16:36:10.448888 [debug] [ThreadPool]: Using postgres connection "list_sales_db"
[0m16:36:10.449757 [debug] [ThreadPool]: On list_sales_db: /* {"app": "dbt", "dbt_version": "1.12.0b3", "profile_name": "sales_project", "target_name": "dev", "connection_name": "list_sales_db"} */

    select distinct nspname from pg_namespace
  
[0m16:36:10.450463 [debug] [ThreadPool]: Opening a new connection, currently in state init
[0m16:36:10.534585 [debug] [ThreadPool]: SQL status: SELECT 4 in 0.084 seconds
[0m16:36:10.538630 [debug] [ThreadPool]: On list_sales_db: Close
[0m16:36:10.564552 [debug] [ThreadPool]: Acquiring new postgres connection 'list_sales_db_public'
[0m16:36:10.579526 [debug] [ThreadPool]: Using postgres connection "list_sales_db_public"
[0m16:36:10.580468 [debug] [ThreadPool]: On list_sales_db_public: /* {"app": "dbt", "dbt_version": "1.12.0b3", "profile_name": "sales_project", "target_name": "dev", "connection_name": "list_sales_db_public"} */
select
      'sales_db' as database,
      tablename as name,
      schemaname as schema,
      'table' as type
    from pg_tables
    where schemaname ilike 'public'
    union all
    select
      'sales_db' as database,
      viewname as name,
      schemaname as schema,
      'view' as type
    from pg_views
    where schemaname ilike 'public'
    union all
    select
      'sales_db' as database,
      matviewname as name,
      schemaname as schema,
      'materialized_view' as type
    from pg_matviews
    where schemaname ilike 'public'
  
[0m16:36:10.581254 [debug] [ThreadPool]: Opening a new connection, currently in state init
[0m16:36:10.662006 [debug] [ThreadPool]: SQL status: SELECT 14 in 0.081 seconds
[0m16:36:10.665356 [debug] [ThreadPool]: On list_sales_db_public: ROLLBACK
[0m16:36:10.666389 [debug] [ThreadPool]: On list_sales_db_public: Close
[0m16:36:10.682261 [debug] [MainThread]: Using postgres connection "master"
[0m16:36:10.683307 [debug] [MainThread]: On master: /* {"app": "dbt", "dbt_version": "1.12.0b3", "profile_name": "sales_project", "target_name": "dev", "connection_name": "master"} */
select distinct
        dependent_namespace.nspname as dependent_schema,
        dependent_class.relname as dependent_name,
        referenced_namespace.nspname as referenced_schema,
        referenced_class.relname as referenced_name

    -- Query for views: views are entries in pg_class with an entry in pg_rewrite, but we avoid
    -- a seq scan on pg_rewrite by leveraging the fact there is an "internal" row in pg_depend for
    -- the view...
    from pg_class as dependent_class
    join pg_namespace as dependent_namespace on dependent_namespace.oid = dependent_class.relnamespace
    join pg_depend as dependent_depend on dependent_depend.refobjid = dependent_class.oid
        and dependent_depend.classid = 'pg_rewrite'::regclass
        and dependent_depend.refclassid = 'pg_class'::regclass
        and dependent_depend.deptype = 'i'

    -- ... and via pg_depend (that has a row per column, hence the need for "distinct" above, and
    -- making sure to exclude the internal row to avoid a view appearing to depend on itself)...
    join pg_depend as joining_depend on joining_depend.objid = dependent_depend.objid
        and joining_depend.classid = 'pg_rewrite'::regclass
        and joining_depend.refclassid = 'pg_class'::regclass
        and joining_depend.refobjid != dependent_depend.refobjid

    -- ... we can find the tables they query from in pg_class, but excluding system tables. Note we
    -- don't need need to exclude _dependent_ system tables, because they only query from other
    -- system tables, and so are automatically excluded by excluding _referenced_ system tables
    join pg_class as referenced_class on referenced_class.oid = joining_depend.refobjid
    join pg_namespace as referenced_namespace on referenced_namespace.oid = referenced_class.relnamespace
        and referenced_namespace.nspname != 'information_schema'
        and referenced_namespace.nspname not like 'pg\_%'

    order by
        dependent_schema, dependent_name, referenced_schema, referenced_name;
[0m16:36:10.684200 [debug] [MainThread]: Opening a new connection, currently in state init
[0m16:36:10.785955 [debug] [MainThread]: SQL status: SELECT 0 in 0.100 seconds
[0m16:36:10.789061 [debug] [MainThread]: Sending event: {'category': 'dbt', 'action': 'runnable_timing', 'label': 'fbea18ae-8833-4df0-9567-92863d2e149c', 'context': [<snowplow_tracker.self_describing_json.SelfDescribingJson object at 0x000001DB36A0CC80>]}
[0m16:36:10.790045 [debug] [MainThread]: On master: ROLLBACK
[0m16:36:10.790949 [debug] [MainThread]: On master: COMMIT
[0m16:36:10.791667 [debug] [MainThread]: Using postgres connection "master"
[0m16:36:10.792360 [debug] [MainThread]: On master: COMMIT
[0m16:36:10.793226 [debug] [MainThread]: SQL status: COMMIT in 0.000 seconds
[0m16:36:10.793932 [debug] [MainThread]: On master: Close
[0m16:36:10.812382 [debug] [Thread-1 (]: Began running node model.sales_project.cohort_analysis
[0m16:36:10.813628 [info ] [Thread-1 (]: 1 of 1 START sql table model public.cohort_analysis ............................ [RUN]
[0m16:36:10.815364 [debug] [Thread-1 (]: Acquiring new postgres connection 'model.sales_project.cohort_analysis'
[0m16:36:10.816248 [debug] [Thread-1 (]: Began compiling node model.sales_project.cohort_analysis
[0m16:36:10.833866 [debug] [Thread-1 (]: Writing injected SQL for node "model.sales_project.cohort_analysis"
[0m16:36:10.836124 [debug] [Thread-1 (]: Began executing node model.sales_project.cohort_analysis
[0m16:36:10.948950 [debug] [Thread-1 (]: Writing runtime sql for node "model.sales_project.cohort_analysis"
[0m16:36:10.952443 [debug] [Thread-1 (]: Using postgres connection "model.sales_project.cohort_analysis"
[0m16:36:10.958559 [debug] [Thread-1 (]: On model.sales_project.cohort_analysis: /* {"app": "dbt", "dbt_version": "1.12.0b3", "profile_name": "sales_project", "target_name": "dev", "node_id": "model.sales_project.cohort_analysis"} */

  
    

  create  table "sales_db"."public"."cohort_analysis__dbt_tmp"
  
  
    as
  
  (
    WITH first_purchase AS (
    SELECT
        customer_id,
        DATE_TRUNC('month', MIN(sale_date)) AS cohort_month
    FROM "sales_db"."public"."stg_sales"
    GROUP BY customer_id    
),
customer_activity AS (
    SELECT
        s.customer_id,
        DATE_TRUNC('month', s.sale_date) AS activity_month,
        f.cohort_month,
        EXTRACT(YEAR FROM s.sale_date) * 12 + EXTRACT(MONTH FROM s.sale_date) -
        (EXTRACT(YEAR FROM f.cohort_month) * 12 + EXTRACT(MONTH FROM f.cohort_month)) AS month_number
    FROM "sales_db"."public"."stg_sales" s 
    LEFT JOIN first_purchase f ON s.customer_id = f.customer_id
),
cohort_data AS (
    SELECT
        cohort_month,
        month_number,
        COUNT(DISTINCT customer_id) AS customers
    FROM customer_activity
    GROUP BY cohort_month, month_number    
),
cohort_size AS (
    SELECT
        cohort_month,
        customers AS cohort_size
    FROM cohort_data
    WHERE month_number = 0    
)
SELECT
    c.cohort_month,
    c.month_number,
    c.customers,
    cs.cohort_size,
    ROUND(100.0 * c.customers / NULLIF(cs.cohort_size, 0), 2) AS retention_rate
FROM cohort_data c 
LEFT JOIN cohort_size cs ON c.cohort_month = cs.cohort_month
ORDER BY c.cohort_month, c.month_number
  );
  
[0m16:36:10.959615 [debug] [Thread-1 (]: Opening a new connection, currently in state init
[0m16:36:11.326873 [debug] [Thread-1 (]: SQL status: SELECT 62 in 0.367 seconds
[0m16:36:11.350191 [debug] [Thread-1 (]: Using postgres connection "model.sales_project.cohort_analysis"
[0m16:36:11.352535 [debug] [Thread-1 (]: On model.sales_project.cohort_analysis: /* {"app": "dbt", "dbt_version": "1.12.0b3", "profile_name": "sales_project", "target_name": "dev", "node_id": "model.sales_project.cohort_analysis"} */
alter table "sales_db"."public"."cohort_analysis__dbt_tmp" rename to "cohort_analysis"
[0m16:36:11.354201 [debug] [Thread-1 (]: SQL status: ALTER TABLE in 0.001 seconds
[0m16:36:11.403294 [debug] [Thread-1 (]: On model.sales_project.cohort_analysis: COMMIT
[0m16:36:11.404355 [debug] [Thread-1 (]: Using postgres connection "model.sales_project.cohort_analysis"
[0m16:36:11.405227 [debug] [Thread-1 (]: On model.sales_project.cohort_analysis: COMMIT
[0m16:36:11.407515 [debug] [Thread-1 (]: SQL status: COMMIT in 0.001 seconds
[0m16:36:11.422020 [debug] [Thread-1 (]: Applying DROP to: "sales_db"."public"."cohort_analysis__dbt_backup"
[0m16:36:11.434019 [debug] [Thread-1 (]: Using postgres connection "model.sales_project.cohort_analysis"
[0m16:36:11.437263 [debug] [Thread-1 (]: On model.sales_project.cohort_analysis: /* {"app": "dbt", "dbt_version": "1.12.0b3", "profile_name": "sales_project", "target_name": "dev", "node_id": "model.sales_project.cohort_analysis"} */
drop table if exists "sales_db"."public"."cohort_analysis__dbt_backup" cascade
[0m16:36:11.438966 [debug] [Thread-1 (]: SQL status: DROP TABLE in 0.001 seconds
[0m16:36:11.444295 [debug] [Thread-1 (]: On model.sales_project.cohort_analysis: Close
[0m16:36:11.448869 [debug] [Thread-1 (]: Sending event: {'category': 'dbt', 'action': 'run_model', 'label': 'fbea18ae-8833-4df0-9567-92863d2e149c', 'context': [<snowplow_tracker.self_describing_json.SelfDescribingJson object at 0x000001DB368A1790>]}
[0m16:36:11.450447 [info ] [Thread-1 (]: 1 of 1 OK created sql table model public.cohort_analysis ....................... [[32mSELECT 62[0m in 0.63s]
[0m16:36:11.457104 [debug] [Thread-1 (]: Finished running node model.sales_project.cohort_analysis
[0m16:36:11.459452 [debug] [MainThread]: On master: COMMIT
[0m16:36:11.460258 [debug] [MainThread]: Using postgres connection "master"
[0m16:36:11.460948 [debug] [MainThread]: On master: COMMIT
[0m16:36:11.461615 [debug] [MainThread]: Opening a new connection, currently in state closed
[0m16:36:11.546037 [debug] [MainThread]: SQL status: COMMIT in 0.084 seconds
[0m16:36:11.546905 [debug] [MainThread]: On master: Close
[0m16:36:11.547837 [debug] [MainThread]: Connection 'master' was properly closed.
[0m16:36:11.548499 [debug] [MainThread]: Connection 'list_sales_db' was properly closed.
[0m16:36:11.549122 [debug] [MainThread]: Connection 'list_sales_db_public' was properly closed.
[0m16:36:11.549746 [debug] [MainThread]: Connection 'model.sales_project.cohort_analysis' was properly closed.
[0m16:36:11.550448 [info ] [MainThread]: 
[0m16:36:11.553708 [info ] [MainThread]: Finished running 1 table model in 0 hours 0 minutes and 1.64 seconds (1.64s).
[0m16:36:11.557795 [debug] [MainThread]: Command end result
[0m16:36:11.658215 [debug] [MainThread]: Wrote artifact WritableManifest to D:\Data Analyst\Python\sales_project\target\manifest.json
[0m16:36:11.670664 [debug] [MainThread]: Wrote artifact SemanticManifest to D:\Data Analyst\Python\sales_project\target\semantic_manifest.json
[0m16:36:11.680665 [debug] [MainThread]: Wrote artifact OsiDocument to D:\Data Analyst\Python\sales_project\target\osi_document.json
[0m16:36:11.722589 [debug] [MainThread]: Wrote artifact RunExecutionResult to D:\Data Analyst\Python\sales_project\target\run_results.json
[0m16:36:11.723484 [info ] [MainThread]: 
[0m16:36:11.731549 [info ] [MainThread]: [32mCompleted successfully[0m
[0m16:36:11.732679 [info ] [MainThread]: 
[0m16:36:11.733775 [info ] [MainThread]: Done. PASS=1 WARN=0 ERROR=0 SKIP=0 NO-OP=0 REUSED=0 TOTAL=1
[0m16:36:11.740323 [debug] [MainThread]: Command `dbt run` succeeded at 16:36:11.740027 after 5.02 seconds
[0m16:36:11.741177 [debug] [MainThread]: Sending event: {'category': 'dbt', 'action': 'invocation', 'label': 'end', 'context': [<snowplow_tracker.self_describing_json.SelfDescribingJson object at 0x000001DB3650EFC0>, <snowplow_tracker.self_describing_json.SelfDescribingJson object at 0x000001DB36996530>, <snowplow_tracker.self_describing_json.SelfDescribingJson object at 0x000001DB36996B70>]}
[0m16:36:11.741991 [debug] [MainThread]: Flushing usage events
[0m16:36:11.747520 [debug] [MainThread]: An error was encountered while trying to flush usage events
[0m12:08:38.660759 [debug] [MainThread]: Sending event: {'category': 'dbt', 'action': 'invocation', 'label': 'start', 'context': [<snowplow_tracker.self_describing_json.SelfDescribingJson object at 0x0000024D8FE1F620>, <snowplow_tracker.self_describing_json.SelfDescribingJson object at 0x0000024D9242FD90>, <snowplow_tracker.self_describing_json.SelfDescribingJson object at 0x0000024D9242F9D0>]}


============================== 12:08:38.670261 | 38a9fda1-f9ab-45af-ae16-5d59859f99be ==============================
[0m12:08:38.670261 [info ] [MainThread]: Running with dbt=1.12.0-b3
[0m12:08:38.671728 [debug] [MainThread]: running dbt with arguments {'maximum_seed_size_mib': '1', 'no_print': 'None', 'version_check': 'True', 'warn_error_options': 'WarnErrorOptionsV2(error=[], warn=[], silence=[])', 'static_parser': 'True', 'target_path': 'None', 'printer_width': '80', 'write_json': 'True', 'introspect': 'True', 'log_cache_events': 'False', 'empty': 'None', 'cache_selected_only': 'False', 'log_format': 'default', 'debug': 'False', 'fail_fast': 'False', 'profiles_dir': 'C:\\Users\\Toranj\\.dbt', 'send_anonymous_usage_stats': 'True', 'quiet': 'False', 'warn_error': 'None', 'partial_parse': 'True', 'invocation_command': 'dbt ', 'indirect_selection': 'eager', 'use_colors': 'True', 'use_experimental_parser': 'False', 'log_path': 'd:\\Data Analyst\\Python\\sales_project\\logs'}
[0m12:08:39.236237 [debug] [MainThread]: Sending event: {'category': 'dbt', 'action': 'project_id', 'label': '38a9fda1-f9ab-45af-ae16-5d59859f99be', 'context': [<snowplow_tracker.self_describing_json.SelfDescribingJson object at 0x0000024D903975C0>]}
[0m12:08:39.317070 [info ] [MainThread]: Warning: No packages were found in packages.yml
[0m12:08:39.321877 [info ] [MainThread]: Warning: No packages were found in packages.yml
[0m12:08:39.328939 [debug] [MainThread]: Command `cli deps` succeeded at 12:08:39.328527 after 1.02 seconds
[0m12:08:39.329918 [debug] [MainThread]: Sending event: {'category': 'dbt', 'action': 'invocation', 'label': 'end', 'context': [<snowplow_tracker.self_describing_json.SelfDescribingJson object at 0x0000024D8F5627A0>, <snowplow_tracker.self_describing_json.SelfDescribingJson object at 0x0000024D92623130>, <snowplow_tracker.self_describing_json.SelfDescribingJson object at 0x0000024D9228D150>]}
[0m12:08:39.330873 [debug] [MainThread]: Flushing usage events
[0m12:08:39.340915 [debug] [MainThread]: An error was encountered while trying to flush usage events
[0m12:33:09.488454 [debug] [MainThread]: Sending event: {'category': 'dbt', 'action': 'invocation', 'label': 'start', 'context': [<snowplow_tracker.self_describing_json.SelfDescribingJson object at 0x00000266F970F8C0>, <snowplow_tracker.self_describing_json.SelfDescribingJson object at 0x00000266FBD7BD90>, <snowplow_tracker.self_describing_json.SelfDescribingJson object at 0x00000266FBD7B9D0>]}


============================== 12:33:09.499005 | aa351612-d67e-4291-af77-9b6f366812c4 ==============================
[0m12:33:09.499005 [info ] [MainThread]: Running with dbt=1.12.0-b3
[0m12:33:09.502650 [debug] [MainThread]: running dbt with arguments {'version_check': 'True', 'no_print': 'None', 'static_parser': 'True', 'target_path': 'None', 'warn_error_options': 'WarnErrorOptionsV2(error=[], warn=[], silence=[])', 'maximum_seed_size_mib': '1', 'printer_width': '80', 'write_json': 'True', 'introspect': 'True', 'log_cache_events': 'False', 'empty': 'False', 'cache_selected_only': 'False', 'log_format': 'default', 'debug': 'False', 'fail_fast': 'False', 'partial_parse': 'True', 'send_anonymous_usage_stats': 'True', 'quiet': 'False', 'warn_error': 'None', 'profiles_dir': 'C:\\Users\\Toranj\\.dbt', 'use_colors': 'True', 'invocation_command': 'dbt run --select scl_analysis', 'indirect_selection': 'eager', 'use_experimental_parser': 'False', 'log_path': 'D:\\Data Analyst\\Python\\sales_project\\logs'}
[0m12:33:10.135994 [debug] [MainThread]: Sending event: {'category': 'dbt', 'action': 'project_id', 'label': 'aa351612-d67e-4291-af77-9b6f366812c4', 'context': [<snowplow_tracker.self_describing_json.SelfDescribingJson object at 0x00000266F9C976F0>]}
[0m12:33:10.307575 [debug] [MainThread]: Sending event: {'category': 'dbt', 'action': 'adapter_info', 'label': 'aa351612-d67e-4291-af77-9b6f366812c4', 'context': [<snowplow_tracker.self_describing_json.SelfDescribingJson object at 0x00000266FBB77680>]}
[0m12:33:10.310514 [info ] [MainThread]: Registered adapter: postgres=1.10.1
[0m12:33:10.858601 [debug] [MainThread]: checksum: 1422b360ba387c4a32c0f6c7d0628301536a3df5895ffefc77e86256980727b7, vars: {}, profile: sales_project, target: dev, version: 1.12.0b3
[0m12:33:11.321216 [debug] [MainThread]: Partial parsing enabled: 0 files deleted, 1 files added, 0 files changed.
[0m12:33:11.322356 [debug] [MainThread]: Partial parsing: added file: sales_project://models\marts\scl_analysis.sql
[0m12:33:12.042671 [debug] [MainThread]: Sending event: {'category': 'dbt', 'action': 'load_project', 'label': 'aa351612-d67e-4291-af77-9b6f366812c4', 'context': [<snowplow_tracker.self_describing_json.SelfDescribingJson object at 0x00000266FBE70F50>]}
[0m12:33:12.236935 [debug] [MainThread]: Wrote artifact WritableManifest to D:\Data Analyst\Python\sales_project\target\manifest.json
[0m12:33:12.248144 [debug] [MainThread]: Wrote artifact SemanticManifest to D:\Data Analyst\Python\sales_project\target\semantic_manifest.json
[0m12:33:12.321607 [debug] [MainThread]: Wrote artifact OsiDocument to D:\Data Analyst\Python\sales_project\target\osi_document.json
[0m12:33:12.352765 [debug] [MainThread]: Sending event: {'category': 'dbt', 'action': 'resource_counts', 'label': 'aa351612-d67e-4291-af77-9b6f366812c4', 'context': [<snowplow_tracker.self_describing_json.SelfDescribingJson object at 0x00000266FC337890>]}
[0m12:33:12.353918 [info ] [MainThread]: Found 14 models, 475 macros
[0m12:33:12.356424 [debug] [MainThread]: Sending event: {'category': 'dbt', 'action': 'runnable_timing', 'label': 'aa351612-d67e-4291-af77-9b6f366812c4', 'context': [<snowplow_tracker.self_describing_json.SelfDescribingJson object at 0x00000266FC4B19B0>]}
[0m12:33:12.359878 [info ] [MainThread]: 
[0m12:33:12.363754 [info ] [MainThread]: Concurrency: 4 threads (target='dev')
[0m12:33:12.379816 [info ] [MainThread]: 
[0m12:33:12.382558 [debug] [MainThread]: Acquiring new postgres connection 'master'
[0m12:33:12.385394 [debug] [ThreadPool]: Acquiring new postgres connection 'list_sales_db'
[0m12:33:13.290733 [debug] [ThreadPool]: Using postgres connection "list_sales_db"
[0m12:33:13.291649 [debug] [ThreadPool]: On list_sales_db: /* {"app": "dbt", "dbt_version": "1.12.0b3", "profile_name": "sales_project", "target_name": "dev", "connection_name": "list_sales_db"} */

    select distinct nspname from pg_namespace
  
[0m12:33:13.292358 [debug] [ThreadPool]: Opening a new connection, currently in state init
[0m12:33:13.376436 [debug] [ThreadPool]: SQL status: SELECT 4 in 0.084 seconds
[0m12:33:13.381089 [debug] [ThreadPool]: On list_sales_db: Close
[0m12:33:13.393310 [debug] [ThreadPool]: Acquiring new postgres connection 'list_sales_db_public'
[0m12:33:13.408492 [debug] [ThreadPool]: Using postgres connection "list_sales_db_public"
[0m12:33:13.409416 [debug] [ThreadPool]: On list_sales_db_public: /* {"app": "dbt", "dbt_version": "1.12.0b3", "profile_name": "sales_project", "target_name": "dev", "connection_name": "list_sales_db_public"} */
select
      'sales_db' as database,
      tablename as name,
      schemaname as schema,
      'table' as type
    from pg_tables
    where schemaname ilike 'public'
    union all
    select
      'sales_db' as database,
      viewname as name,
      schemaname as schema,
      'view' as type
    from pg_views
    where schemaname ilike 'public'
    union all
    select
      'sales_db' as database,
      matviewname as name,
      schemaname as schema,
      'materialized_view' as type
    from pg_matviews
    where schemaname ilike 'public'
  
[0m12:33:13.410203 [debug] [ThreadPool]: Opening a new connection, currently in state init
[0m12:33:13.630802 [debug] [ThreadPool]: SQL status: SELECT 15 in 0.220 seconds
[0m12:33:13.634484 [debug] [ThreadPool]: On list_sales_db_public: ROLLBACK
[0m12:33:13.635497 [debug] [ThreadPool]: On list_sales_db_public: Close
[0m12:33:13.654711 [debug] [MainThread]: Using postgres connection "master"
[0m12:33:13.655898 [debug] [MainThread]: On master: /* {"app": "dbt", "dbt_version": "1.12.0b3", "profile_name": "sales_project", "target_name": "dev", "connection_name": "master"} */
select distinct
        dependent_namespace.nspname as dependent_schema,
        dependent_class.relname as dependent_name,
        referenced_namespace.nspname as referenced_schema,
        referenced_class.relname as referenced_name

    -- Query for views: views are entries in pg_class with an entry in pg_rewrite, but we avoid
    -- a seq scan on pg_rewrite by leveraging the fact there is an "internal" row in pg_depend for
    -- the view...
    from pg_class as dependent_class
    join pg_namespace as dependent_namespace on dependent_namespace.oid = dependent_class.relnamespace
    join pg_depend as dependent_depend on dependent_depend.refobjid = dependent_class.oid
        and dependent_depend.classid = 'pg_rewrite'::regclass
        and dependent_depend.refclassid = 'pg_class'::regclass
        and dependent_depend.deptype = 'i'

    -- ... and via pg_depend (that has a row per column, hence the need for "distinct" above, and
    -- making sure to exclude the internal row to avoid a view appearing to depend on itself)...
    join pg_depend as joining_depend on joining_depend.objid = dependent_depend.objid
        and joining_depend.classid = 'pg_rewrite'::regclass
        and joining_depend.refclassid = 'pg_class'::regclass
        and joining_depend.refobjid != dependent_depend.refobjid

    -- ... we can find the tables they query from in pg_class, but excluding system tables. Note we
    -- don't need need to exclude _dependent_ system tables, because they only query from other
    -- system tables, and so are automatically excluded by excluding _referenced_ system tables
    join pg_class as referenced_class on referenced_class.oid = joining_depend.refobjid
    join pg_namespace as referenced_namespace on referenced_namespace.oid = referenced_class.relnamespace
        and referenced_namespace.nspname != 'information_schema'
        and referenced_namespace.nspname not like 'pg\_%'

    order by
        dependent_schema, dependent_name, referenced_schema, referenced_name;
[0m12:33:13.656826 [debug] [MainThread]: Opening a new connection, currently in state init
[0m12:33:13.766207 [debug] [MainThread]: SQL status: SELECT 0 in 0.109 seconds
[0m12:33:13.769778 [debug] [MainThread]: Sending event: {'category': 'dbt', 'action': 'runnable_timing', 'label': 'aa351612-d67e-4291-af77-9b6f366812c4', 'context': [<snowplow_tracker.self_describing_json.SelfDescribingJson object at 0x00000266FBFB4FC0>]}
[0m12:33:13.770867 [debug] [MainThread]: On master: ROLLBACK
[0m12:33:13.771830 [debug] [MainThread]: On master: COMMIT
[0m12:33:13.772605 [debug] [MainThread]: Using postgres connection "master"
[0m12:33:13.773324 [debug] [MainThread]: On master: COMMIT
[0m12:33:13.774210 [debug] [MainThread]: SQL status: COMMIT in 0.000 seconds
[0m12:33:13.774960 [debug] [MainThread]: On master: Close
[0m12:33:13.784563 [debug] [Thread-1 (]: Began running node model.sales_project.scl_analysis
[0m12:33:13.785916 [info ] [Thread-1 (]: 1 of 1 START sql table model public.scl_analysis ............................... [RUN]
[0m12:33:13.787473 [debug] [Thread-1 (]: Acquiring new postgres connection 'model.sales_project.scl_analysis'
[0m12:33:13.788468 [debug] [Thread-1 (]: Began compiling node model.sales_project.scl_analysis
[0m12:33:13.808469 [debug] [Thread-1 (]: Writing injected SQL for node "model.sales_project.scl_analysis"
[0m12:33:13.810347 [debug] [Thread-1 (]: Began executing node model.sales_project.scl_analysis
[0m12:33:13.940632 [debug] [Thread-1 (]: Writing runtime sql for node "model.sales_project.scl_analysis"
[0m12:33:13.942839 [debug] [Thread-1 (]: Using postgres connection "model.sales_project.scl_analysis"
[0m12:33:13.944060 [debug] [Thread-1 (]: On model.sales_project.scl_analysis: /* {"app": "dbt", "dbt_version": "1.12.0b3", "profile_name": "sales_project", "target_name": "dev", "node_id": "model.sales_project.scl_analysis"} */

  
    

  create  table "sales_db"."public"."scl_analysis__dbt_tmp"
  
  
    as
  
  (
    WITH product_pairs AS (
    SELECT
        a.invoice_id,
        a.product_id AS product_a,
        b.product_id AS product_b
    FROM "sales_db"."public"."stg_sales" a 
    JOIN "sales_db"."public"."stg_sales" b 
        ON a.invoice_id = b.invoice_id
        AND a.product_id < b.product_id  
),

pair_counts AS (
    SELECT
        product_a,
        product_b,
        COUNT(*) AS pair_frequency
    FROM product_pairs
    GROUP BY product_a, product_b    
),

product_count AS (
    SELECT
        product_id,
        COUNT(DISTINCT invoice_id) AS product_frequency
    FROM "sales_db"."public"."stg_sales"
    GROUP BY product_id    
),

total_invoices AS (
    SELECT COUNT(DISTINCT invoice_id) AS total_count
    FROM "sales_db"."public"."stg_sales"
)

SELECT
    pc.product_a,
    pc.product_b,
    pc.pair_frequency,
    ti.total_count,
    ROUND(pc.pair_frequency * 1.0 /ti.total_count, 3) AS support,
    ROUND(pc.pair_frequency * 1.0 /pa.product_frequency, 3) AS confidence,
    ROUND(
        (pc.pair_frequency * 1.0 / pa.product_frequency) / 
        (pb.product_frequency *1.0 / ti.total_count), 3
    ) AS lift
FROM pair_counts pc 
JOIN product_counts pa ON pc.product_a = pa.product_id
JOIN product_counts pb ON pc.product_b = pb.product_id
CROSS JOIN total_invoices ti 
ORDER BY lift DESC, support DESC
  );
  
[0m12:33:13.946341 [debug] [Thread-1 (]: Opening a new connection, currently in state init
[0m12:33:14.022343 [debug] [Thread-1 (]: Postgres adapter: Postgres error: column a.invoice_id does not exist
LINE 19:         ON a.invoice_id = b.invoice_id
                    ^

[0m12:33:14.023397 [debug] [Thread-1 (]: On model.sales_project.scl_analysis: ROLLBACK
[0m12:33:14.024624 [debug] [Thread-1 (]: On model.sales_project.scl_analysis: Close
[0m12:33:14.179141 [debug] [Thread-1 (]: Database Error in model scl_analysis (models\marts\scl_analysis.sql)
  column a.invoice_id does not exist
  LINE 19:         ON a.invoice_id = b.invoice_id
                      ^
  compiled code at target\run\sales_project\models\marts\scl_analysis.sql
[0m12:33:14.187321 [debug] [Thread-1 (]: Sending event: {'category': 'dbt', 'action': 'run_model', 'label': 'aa351612-d67e-4291-af77-9b6f366812c4', 'context': [<snowplow_tracker.self_describing_json.SelfDescribingJson object at 0x00000266FC8219D0>]}
[0m12:33:14.189707 [error] [Thread-1 (]: 1 of 1 ERROR creating sql table model public.scl_analysis ...................... [[31mERROR[0m in 0.39s]
[0m12:33:14.192730 [debug] [Thread-1 (]: Finished running node model.sales_project.scl_analysis
[0m12:33:14.194963 [debug] [Thread-7 (]: Marking all children of 'model.sales_project.scl_analysis' to be skipped because of status 'error'.  Reason: Database Error in model scl_analysis (models\marts\scl_analysis.sql)
  column a.invoice_id does not exist
  LINE 19:         ON a.invoice_id = b.invoice_id
                      ^
  compiled code at target\run\sales_project\models\marts\scl_analysis.sql.
[0m12:33:14.202019 [debug] [MainThread]: On master: COMMIT
[0m12:33:14.203368 [debug] [MainThread]: Using postgres connection "master"
[0m12:33:14.204544 [debug] [MainThread]: On master: COMMIT
[0m12:33:14.206599 [debug] [MainThread]: Opening a new connection, currently in state closed
[0m12:33:14.287346 [debug] [MainThread]: SQL status: COMMIT in 0.081 seconds
[0m12:33:14.288258 [debug] [MainThread]: On master: Close
[0m12:33:14.289257 [debug] [MainThread]: Connection 'master' was properly closed.
[0m12:33:14.290053 [debug] [MainThread]: Connection 'list_sales_db' was properly closed.
[0m12:33:14.290803 [debug] [MainThread]: Connection 'list_sales_db_public' was properly closed.
[0m12:33:14.291614 [debug] [MainThread]: Connection 'model.sales_project.scl_analysis' was properly closed.
[0m12:33:14.292470 [info ] [MainThread]: 
[0m12:33:14.293904 [info ] [MainThread]: Finished running 1 table model in 0 hours 0 minutes and 1.91 seconds (1.91s).
[0m12:33:14.296963 [debug] [MainThread]: Command end result
[0m12:33:14.391005 [debug] [MainThread]: Wrote artifact WritableManifest to D:\Data Analyst\Python\sales_project\target\manifest.json
[0m12:33:14.401662 [debug] [MainThread]: Wrote artifact SemanticManifest to D:\Data Analyst\Python\sales_project\target\semantic_manifest.json
[0m12:33:14.410544 [debug] [MainThread]: Wrote artifact OsiDocument to D:\Data Analyst\Python\sales_project\target\osi_document.json
[0m12:33:14.431932 [debug] [MainThread]: Wrote artifact RunExecutionResult to D:\Data Analyst\Python\sales_project\target\run_results.json
[0m12:33:14.433535 [info ] [MainThread]: 
[0m12:33:14.440250 [info ] [MainThread]: [31mCompleted with 1 error, 0 partial successes, and 0 warnings:[0m
[0m12:33:14.441908 [info ] [MainThread]: 
[0m12:33:14.443642 [error] [MainThread]: [[31mERROR[0m]: in model scl_analysis (models\marts\scl_analysis.sql)
[0m12:33:14.452028 [error] [MainThread]:   Database Error in model scl_analysis (models\marts\scl_analysis.sql)
  column a.invoice_id does not exist
  LINE 19:         ON a.invoice_id = b.invoice_id
                      ^
  compiled code at target\run\sales_project\models\marts\scl_analysis.sql
[0m12:33:14.453891 [info ] [MainThread]: 
[0m12:33:14.460029 [info ] [MainThread]:   compiled code at target\compiled\sales_project\models\marts\scl_analysis.sql
[0m12:33:14.461016 [info ] [MainThread]: 
[0m12:33:14.467921 [info ] [MainThread]: Done. PASS=0 WARN=0 ERROR=1 SKIP=0 NO-OP=0 REUSED=0 TOTAL=1
[0m12:33:14.474341 [debug] [MainThread]: Command `dbt run` failed at 12:33:14.473995 after 5.35 seconds
[0m12:33:14.475400 [debug] [MainThread]: Sending event: {'category': 'dbt', 'action': 'invocation', 'label': 'end', 'context': [<snowplow_tracker.self_describing_json.SelfDescribingJson object at 0x00000266FC48FB70>, <snowplow_tracker.self_describing_json.SelfDescribingJson object at 0x00000266FC98F750>, <snowplow_tracker.self_describing_json.SelfDescribingJson object at 0x00000266FC98FBB0>]}
[0m12:33:14.476383 [debug] [MainThread]: Flushing usage events
[0m12:33:14.483703 [debug] [MainThread]: An error was encountered while trying to flush usage events
[0m12:39:44.069301 [debug] [MainThread]: Sending event: {'category': 'dbt', 'action': 'invocation', 'label': 'start', 'context': [<snowplow_tracker.self_describing_json.SelfDescribingJson object at 0x000001EB70FA38C0>, <snowplow_tracker.self_describing_json.SelfDescribingJson object at 0x000001EB7360BD90>, <snowplow_tracker.self_describing_json.SelfDescribingJson object at 0x000001EB7360B9D0>]}


============================== 12:39:44.081487 | 2287313e-1c29-4b94-affa-ef0700b93c9c ==============================
[0m12:39:44.081487 [info ] [MainThread]: Running with dbt=1.12.0-b3
[0m12:39:44.083065 [debug] [MainThread]: running dbt with arguments {'static_parser': 'True', 'no_print': 'None', 'version_check': 'True', 'target_path': 'None', 'warn_error_options': 'WarnErrorOptionsV2(error=[], warn=[], silence=[])', 'maximum_seed_size_mib': '1', 'printer_width': '80', 'write_json': 'True', 'empty': 'False', 'log_cache_events': 'False', 'introspect': 'True', 'cache_selected_only': 'False', 'fail_fast': 'False', 'debug': 'False', 'log_format': 'default', 'partial_parse': 'True', 'send_anonymous_usage_stats': 'True', 'quiet': 'False', 'warn_error': 'None', 'profiles_dir': 'C:\\Users\\Toranj\\.dbt', 'indirect_selection': 'eager', 'invocation_command': 'dbt run --select scl_analysis', 'use_colors': 'True', 'use_experimental_parser': 'False', 'log_path': 'D:\\Data Analyst\\Python\\sales_project\\logs'}
[0m12:39:44.727290 [debug] [MainThread]: Sending event: {'category': 'dbt', 'action': 'project_id', 'label': '2287313e-1c29-4b94-affa-ef0700b93c9c', 'context': [<snowplow_tracker.self_describing_json.SelfDescribingJson object at 0x000001EB715276F0>]}
[0m12:39:44.904910 [debug] [MainThread]: Sending event: {'category': 'dbt', 'action': 'adapter_info', 'label': '2287313e-1c29-4b94-affa-ef0700b93c9c', 'context': [<snowplow_tracker.self_describing_json.SelfDescribingJson object at 0x000001EB73407680>]}
[0m12:39:44.909413 [info ] [MainThread]: Registered adapter: postgres=1.10.1
[0m12:39:45.438549 [debug] [MainThread]: checksum: 1422b360ba387c4a32c0f6c7d0628301536a3df5895ffefc77e86256980727b7, vars: {}, profile: sales_project, target: dev, version: 1.12.0b3
[0m12:39:45.904446 [debug] [MainThread]: Partial parsing enabled: 0 files deleted, 0 files added, 1 files changed.
[0m12:39:45.905963 [debug] [MainThread]: Partial parsing: updated file: sales_project://models\marts\scl_analysis.sql
[0m12:39:46.618615 [debug] [MainThread]: Sending event: {'category': 'dbt', 'action': 'load_project', 'label': '2287313e-1c29-4b94-affa-ef0700b93c9c', 'context': [<snowplow_tracker.self_describing_json.SelfDescribingJson object at 0x000001EB73700F50>]}
[0m12:39:46.808023 [debug] [MainThread]: Wrote artifact WritableManifest to D:\Data Analyst\Python\sales_project\target\manifest.json
[0m12:39:46.818105 [debug] [MainThread]: Wrote artifact SemanticManifest to D:\Data Analyst\Python\sales_project\target\semantic_manifest.json
[0m12:39:46.881454 [debug] [MainThread]: Wrote artifact OsiDocument to D:\Data Analyst\Python\sales_project\target\osi_document.json
[0m12:39:46.910035 [debug] [MainThread]: Sending event: {'category': 'dbt', 'action': 'resource_counts', 'label': '2287313e-1c29-4b94-affa-ef0700b93c9c', 'context': [<snowplow_tracker.self_describing_json.SelfDescribingJson object at 0x000001EB73B57890>]}
[0m12:39:46.911167 [info ] [MainThread]: Found 14 models, 475 macros
[0m12:39:46.913602 [debug] [MainThread]: Sending event: {'category': 'dbt', 'action': 'runnable_timing', 'label': '2287313e-1c29-4b94-affa-ef0700b93c9c', 'context': [<snowplow_tracker.self_describing_json.SelfDescribingJson object at 0x000001EB73CD5010>]}
[0m12:39:46.917236 [info ] [MainThread]: 
[0m12:39:46.918906 [info ] [MainThread]: Concurrency: 4 threads (target='dev')
[0m12:39:46.920408 [info ] [MainThread]: 
[0m12:39:46.922492 [debug] [MainThread]: Acquiring new postgres connection 'master'
[0m12:39:46.925617 [debug] [ThreadPool]: Acquiring new postgres connection 'list_sales_db'
[0m12:39:47.383383 [debug] [ThreadPool]: Using postgres connection "list_sales_db"
[0m12:39:47.384283 [debug] [ThreadPool]: On list_sales_db: /* {"app": "dbt", "dbt_version": "1.12.0b3", "profile_name": "sales_project", "target_name": "dev", "connection_name": "list_sales_db"} */

    select distinct nspname from pg_namespace
  
[0m12:39:47.385018 [debug] [ThreadPool]: Opening a new connection, currently in state init
[0m12:39:47.577621 [debug] [ThreadPool]: SQL status: SELECT 4 in 0.192 seconds
[0m12:39:47.580379 [debug] [ThreadPool]: On list_sales_db: Close
[0m12:39:47.593983 [debug] [ThreadPool]: Acquiring new postgres connection 'list_sales_db_public'
[0m12:39:47.607685 [debug] [ThreadPool]: Using postgres connection "list_sales_db_public"
[0m12:39:47.608646 [debug] [ThreadPool]: On list_sales_db_public: /* {"app": "dbt", "dbt_version": "1.12.0b3", "profile_name": "sales_project", "target_name": "dev", "connection_name": "list_sales_db_public"} */
select
      'sales_db' as database,
      tablename as name,
      schemaname as schema,
      'table' as type
    from pg_tables
    where schemaname ilike 'public'
    union all
    select
      'sales_db' as database,
      viewname as name,
      schemaname as schema,
      'view' as type
    from pg_views
    where schemaname ilike 'public'
    union all
    select
      'sales_db' as database,
      matviewname as name,
      schemaname as schema,
      'materialized_view' as type
    from pg_matviews
    where schemaname ilike 'public'
  
[0m12:39:47.609454 [debug] [ThreadPool]: Opening a new connection, currently in state init
[0m12:39:47.684778 [debug] [ThreadPool]: SQL status: SELECT 15 in 0.075 seconds
[0m12:39:47.689050 [debug] [ThreadPool]: On list_sales_db_public: ROLLBACK
[0m12:39:47.690291 [debug] [ThreadPool]: On list_sales_db_public: Close
[0m12:39:47.707192 [debug] [MainThread]: Using postgres connection "master"
[0m12:39:47.708289 [debug] [MainThread]: On master: /* {"app": "dbt", "dbt_version": "1.12.0b3", "profile_name": "sales_project", "target_name": "dev", "connection_name": "master"} */
select distinct
        dependent_namespace.nspname as dependent_schema,
        dependent_class.relname as dependent_name,
        referenced_namespace.nspname as referenced_schema,
        referenced_class.relname as referenced_name

    -- Query for views: views are entries in pg_class with an entry in pg_rewrite, but we avoid
    -- a seq scan on pg_rewrite by leveraging the fact there is an "internal" row in pg_depend for
    -- the view...
    from pg_class as dependent_class
    join pg_namespace as dependent_namespace on dependent_namespace.oid = dependent_class.relnamespace
    join pg_depend as dependent_depend on dependent_depend.refobjid = dependent_class.oid
        and dependent_depend.classid = 'pg_rewrite'::regclass
        and dependent_depend.refclassid = 'pg_class'::regclass
        and dependent_depend.deptype = 'i'

    -- ... and via pg_depend (that has a row per column, hence the need for "distinct" above, and
    -- making sure to exclude the internal row to avoid a view appearing to depend on itself)...
    join pg_depend as joining_depend on joining_depend.objid = dependent_depend.objid
        and joining_depend.classid = 'pg_rewrite'::regclass
        and joining_depend.refclassid = 'pg_class'::regclass
        and joining_depend.refobjid != dependent_depend.refobjid

    -- ... we can find the tables they query from in pg_class, but excluding system tables. Note we
    -- don't need need to exclude _dependent_ system tables, because they only query from other
    -- system tables, and so are automatically excluded by excluding _referenced_ system tables
    join pg_class as referenced_class on referenced_class.oid = joining_depend.refobjid
    join pg_namespace as referenced_namespace on referenced_namespace.oid = referenced_class.relnamespace
        and referenced_namespace.nspname != 'information_schema'
        and referenced_namespace.nspname not like 'pg\_%'

    order by
        dependent_schema, dependent_name, referenced_schema, referenced_name;
[0m12:39:47.709188 [debug] [MainThread]: Opening a new connection, currently in state init
[0m12:39:47.789694 [debug] [MainThread]: SQL status: SELECT 0 in 0.080 seconds
[0m12:39:47.793433 [debug] [MainThread]: Sending event: {'category': 'dbt', 'action': 'runnable_timing', 'label': '2287313e-1c29-4b94-affa-ef0700b93c9c', 'context': [<snowplow_tracker.self_describing_json.SelfDescribingJson object at 0x000001EB73854FC0>]}
[0m12:39:47.794579 [debug] [MainThread]: On master: ROLLBACK
[0m12:39:47.795548 [debug] [MainThread]: On master: COMMIT
[0m12:39:47.796341 [debug] [MainThread]: Using postgres connection "master"
[0m12:39:47.797041 [debug] [MainThread]: On master: COMMIT
[0m12:39:47.797997 [debug] [MainThread]: SQL status: COMMIT in 0.000 seconds
[0m12:39:47.798764 [debug] [MainThread]: On master: Close
[0m12:39:47.807032 [debug] [Thread-1 (]: Began running node model.sales_project.scl_analysis
[0m12:39:47.808358 [info ] [Thread-1 (]: 1 of 1 START sql table model public.scl_analysis ............................... [RUN]
[0m12:39:47.809791 [debug] [Thread-1 (]: Acquiring new postgres connection 'model.sales_project.scl_analysis'
[0m12:39:47.810752 [debug] [Thread-1 (]: Began compiling node model.sales_project.scl_analysis
[0m12:39:47.830495 [debug] [Thread-1 (]: Writing injected SQL for node "model.sales_project.scl_analysis"
[0m12:39:47.832530 [debug] [Thread-1 (]: Began executing node model.sales_project.scl_analysis
[0m12:39:47.953886 [debug] [Thread-1 (]: Writing runtime sql for node "model.sales_project.scl_analysis"
[0m12:39:47.956283 [debug] [Thread-1 (]: Using postgres connection "model.sales_project.scl_analysis"
[0m12:39:47.957476 [debug] [Thread-1 (]: On model.sales_project.scl_analysis: /* {"app": "dbt", "dbt_version": "1.12.0b3", "profile_name": "sales_project", "target_name": "dev", "node_id": "model.sales_project.scl_analysis"} */

  
    

  create  table "sales_db"."public"."scl_analysis__dbt_tmp"
  
  
    as
  
  (
    WITH product_pairs AS (
    SELECT
        a.invoice_id,
        a.product_id AS product_a,
        b.product_id AS product_b
    FROM "sales_db"."public"."stg_sales" a  
    JOIN "sales_db"."public"."stg_sales" b 
        ON a.sale_id = b.sale_id
        AND a.product_id < b.product_id  
),

pair_counts AS (
    SELECT
        product_a,
        product_b,
        COUNT(*) AS pair_frequency
    FROM product_pairs
    GROUP BY product_a, product_b    
),

product_count AS (
    SELECT
        product_id,
        COUNT(DISTINCT sale_id) AS product_frequency
    FROM "sales_db"."public"."stg_sales"
    GROUP BY product_id    
),

total_invoices AS (
    SELECT COUNT(DISTINCT sale_id) AS total_count
    FROM "sales_db"."public"."stg_sales"
)

SELECT
    pc.product_a,
    pc.product_b,
    pc.pair_frequency,
    ti.total_count,
    ROUND(pc.pair_frequency * 1.0 /ti.total_count, 3) AS support,
    ROUND(pc.pair_frequency * 1.0 /pa.product_frequency, 3) AS confidence,
    ROUND(
        (pc.pair_frequency * 1.0 / pa.product_frequency) / 
        (pb.product_frequency *1.0 / ti.total_count), 3
    ) AS lift
FROM pair_counts pc 
JOIN product_counts pa ON pc.product_a = pa.product_id
JOIN product_counts pb ON pc.product_b = pb.product_id
CROSS JOIN total_invoices ti 
ORDER BY lift DESC, support DESC
  );
  
[0m12:39:47.958533 [debug] [Thread-1 (]: Opening a new connection, currently in state init
[0m12:39:48.165581 [debug] [Thread-1 (]: Postgres adapter: Postgres error: column a.invoice_id does not exist
LINE 14:         a.invoice_id,
                 ^

[0m12:39:48.166645 [debug] [Thread-1 (]: On model.sales_project.scl_analysis: ROLLBACK
[0m12:39:48.167883 [debug] [Thread-1 (]: On model.sales_project.scl_analysis: Close
[0m12:39:48.192506 [debug] [Thread-1 (]: Database Error in model scl_analysis (models\marts\scl_analysis.sql)
  column a.invoice_id does not exist
  LINE 14:         a.invoice_id,
                   ^
  compiled code at target\run\sales_project\models\marts\scl_analysis.sql
[0m12:39:48.197048 [debug] [Thread-1 (]: Sending event: {'category': 'dbt', 'action': 'run_model', 'label': '2287313e-1c29-4b94-affa-ef0700b93c9c', 'context': [<snowplow_tracker.self_describing_json.SelfDescribingJson object at 0x000001EB74041E50>]}
[0m12:39:48.198565 [error] [Thread-1 (]: 1 of 1 ERROR creating sql table model public.scl_analysis ...................... [[31mERROR[0m in 0.38s]
[0m12:39:48.200471 [debug] [Thread-1 (]: Finished running node model.sales_project.scl_analysis
[0m12:39:48.201865 [debug] [Thread-7 (]: Marking all children of 'model.sales_project.scl_analysis' to be skipped because of status 'error'.  Reason: Database Error in model scl_analysis (models\marts\scl_analysis.sql)
  column a.invoice_id does not exist
  LINE 14:         a.invoice_id,
                   ^
  compiled code at target\run\sales_project\models\marts\scl_analysis.sql.
[0m12:39:48.206074 [debug] [MainThread]: On master: COMMIT
[0m12:39:48.206950 [debug] [MainThread]: Using postgres connection "master"
[0m12:39:48.207645 [debug] [MainThread]: On master: COMMIT
[0m12:39:48.208339 [debug] [MainThread]: Opening a new connection, currently in state closed
[0m12:39:48.285246 [debug] [MainThread]: SQL status: COMMIT in 0.077 seconds
[0m12:39:48.286167 [debug] [MainThread]: On master: Close
[0m12:39:48.287171 [debug] [MainThread]: Connection 'master' was properly closed.
[0m12:39:48.289205 [debug] [MainThread]: Connection 'list_sales_db' was properly closed.
[0m12:39:48.289984 [debug] [MainThread]: Connection 'list_sales_db_public' was properly closed.
[0m12:39:48.290758 [debug] [MainThread]: Connection 'model.sales_project.scl_analysis' was properly closed.
[0m12:39:48.291603 [info ] [MainThread]: 
[0m12:39:48.293047 [info ] [MainThread]: Finished running 1 table model in 0 hours 0 minutes and 1.37 seconds (1.37s).
[0m12:39:48.295118 [debug] [MainThread]: Command end result
[0m12:39:48.385559 [debug] [MainThread]: Wrote artifact WritableManifest to D:\Data Analyst\Python\sales_project\target\manifest.json
[0m12:39:48.396210 [debug] [MainThread]: Wrote artifact SemanticManifest to D:\Data Analyst\Python\sales_project\target\semantic_manifest.json
[0m12:39:48.405979 [debug] [MainThread]: Wrote artifact OsiDocument to D:\Data Analyst\Python\sales_project\target\osi_document.json
[0m12:39:48.427395 [debug] [MainThread]: Wrote artifact RunExecutionResult to D:\Data Analyst\Python\sales_project\target\run_results.json
[0m12:39:48.428363 [info ] [MainThread]: 
[0m12:39:48.431208 [info ] [MainThread]: [31mCompleted with 1 error, 0 partial successes, and 0 warnings:[0m
[0m12:39:48.432851 [info ] [MainThread]: 
[0m12:39:48.434614 [error] [MainThread]: [[31mERROR[0m]: in model scl_analysis (models\marts\scl_analysis.sql)
[0m12:39:48.457420 [error] [MainThread]:   Database Error in model scl_analysis (models\marts\scl_analysis.sql)
  column a.invoice_id does not exist
  LINE 14:         a.invoice_id,
                   ^
  compiled code at target\run\sales_project\models\marts\scl_analysis.sql
[0m12:39:48.459270 [info ] [MainThread]: 
[0m12:39:48.461042 [info ] [MainThread]:   compiled code at target\compiled\sales_project\models\marts\scl_analysis.sql
[0m12:39:48.462606 [info ] [MainThread]: 
[0m12:39:48.465305 [info ] [MainThread]: Done. PASS=0 WARN=0 ERROR=1 SKIP=0 NO-OP=0 REUSED=0 TOTAL=1
[0m12:39:48.468951 [debug] [MainThread]: Command `dbt run` failed at 12:39:48.468521 after 4.75 seconds
[0m12:39:48.470010 [debug] [MainThread]: Sending event: {'category': 'dbt', 'action': 'invocation', 'label': 'end', 'context': [<snowplow_tracker.self_describing_json.SelfDescribingJson object at 0x000001EB73CB7EE0>, <snowplow_tracker.self_describing_json.SelfDescribingJson object at 0x000001EB7410B7F0>, <snowplow_tracker.self_describing_json.SelfDescribingJson object at 0x000001EB7410BC50>]}
[0m12:39:48.473248 [debug] [MainThread]: Flushing usage events
[0m12:39:48.479935 [debug] [MainThread]: An error was encountered while trying to flush usage events
[0m12:43:02.436769 [debug] [MainThread]: Sending event: {'category': 'dbt', 'action': 'invocation', 'label': 'start', 'context': [<snowplow_tracker.self_describing_json.SelfDescribingJson object at 0x00000293209DF8C0>, <snowplow_tracker.self_describing_json.SelfDescribingJson object at 0x000002932304BD90>, <snowplow_tracker.self_describing_json.SelfDescribingJson object at 0x000002932304B9D0>]}


============================== 12:43:02.446232 | d3622945-8a86-4069-a580-b2049a676d63 ==============================
[0m12:43:02.446232 [info ] [MainThread]: Running with dbt=1.12.0-b3
[0m12:43:02.447695 [debug] [MainThread]: running dbt with arguments {'version_check': 'True', 'no_print': 'None', 'maximum_seed_size_mib': '1', 'warn_error_options': 'WarnErrorOptionsV2(error=[], warn=[], silence=[])', 'target_path': 'None', 'static_parser': 'True', 'printer_width': '80', 'write_json': 'True', 'introspect': 'True', 'log_cache_events': 'False', 'empty': 'False', 'cache_selected_only': 'False', 'log_format': 'default', 'debug': 'False', 'fail_fast': 'False', 'partial_parse': 'True', 'send_anonymous_usage_stats': 'True', 'quiet': 'False', 'warn_error': 'None', 'profiles_dir': 'C:\\Users\\Toranj\\.dbt', 'indirect_selection': 'eager', 'invocation_command': 'dbt run --select scl_analysis', 'use_colors': 'True', 'use_experimental_parser': 'False', 'log_path': 'D:\\Data Analyst\\Python\\sales_project\\logs'}
[0m12:43:03.081903 [debug] [MainThread]: Sending event: {'category': 'dbt', 'action': 'project_id', 'label': 'd3622945-8a86-4069-a580-b2049a676d63', 'context': [<snowplow_tracker.self_describing_json.SelfDescribingJson object at 0x0000029320F636F0>]}
[0m12:43:03.262750 [debug] [MainThread]: Sending event: {'category': 'dbt', 'action': 'adapter_info', 'label': 'd3622945-8a86-4069-a580-b2049a676d63', 'context': [<snowplow_tracker.self_describing_json.SelfDescribingJson object at 0x0000029322E47680>]}
[0m12:43:03.265933 [info ] [MainThread]: Registered adapter: postgres=1.10.1
[0m12:43:03.790045 [debug] [MainThread]: checksum: 1422b360ba387c4a32c0f6c7d0628301536a3df5895ffefc77e86256980727b7, vars: {}, profile: sales_project, target: dev, version: 1.12.0b3
[0m12:43:04.269446 [debug] [MainThread]: Partial parsing enabled: 0 files deleted, 0 files added, 1 files changed.
[0m12:43:04.270807 [debug] [MainThread]: Partial parsing: updated file: sales_project://models\marts\scl_analysis.sql
[0m12:43:04.986474 [debug] [MainThread]: Sending event: {'category': 'dbt', 'action': 'load_project', 'label': 'd3622945-8a86-4069-a580-b2049a676d63', 'context': [<snowplow_tracker.self_describing_json.SelfDescribingJson object at 0x0000029323140F50>]}
[0m12:43:05.170331 [debug] [MainThread]: Wrote artifact WritableManifest to D:\Data Analyst\Python\sales_project\target\manifest.json
[0m12:43:05.179688 [debug] [MainThread]: Wrote artifact SemanticManifest to D:\Data Analyst\Python\sales_project\target\semantic_manifest.json
[0m12:43:05.241754 [debug] [MainThread]: Wrote artifact OsiDocument to D:\Data Analyst\Python\sales_project\target\osi_document.json
[0m12:43:05.270218 [debug] [MainThread]: Sending event: {'category': 'dbt', 'action': 'resource_counts', 'label': 'd3622945-8a86-4069-a580-b2049a676d63', 'context': [<snowplow_tracker.self_describing_json.SelfDescribingJson object at 0x0000029323597890>]}
[0m12:43:05.271381 [info ] [MainThread]: Found 14 models, 475 macros
[0m12:43:05.274401 [debug] [MainThread]: Sending event: {'category': 'dbt', 'action': 'runnable_timing', 'label': 'd3622945-8a86-4069-a580-b2049a676d63', 'context': [<snowplow_tracker.self_describing_json.SelfDescribingJson object at 0x0000029323711010>]}
[0m12:43:05.277966 [info ] [MainThread]: 
[0m12:43:05.279979 [info ] [MainThread]: Concurrency: 4 threads (target='dev')
[0m12:43:05.281410 [info ] [MainThread]: 
[0m12:43:05.282948 [debug] [MainThread]: Acquiring new postgres connection 'master'
[0m12:43:05.286566 [debug] [ThreadPool]: Acquiring new postgres connection 'list_sales_db'
[0m12:43:05.744678 [debug] [ThreadPool]: Using postgres connection "list_sales_db"
[0m12:43:05.745684 [debug] [ThreadPool]: On list_sales_db: /* {"app": "dbt", "dbt_version": "1.12.0b3", "profile_name": "sales_project", "target_name": "dev", "connection_name": "list_sales_db"} */

    select distinct nspname from pg_namespace
  
[0m12:43:05.746452 [debug] [ThreadPool]: Opening a new connection, currently in state init
[0m12:43:05.823692 [debug] [ThreadPool]: SQL status: SELECT 4 in 0.077 seconds
[0m12:43:05.826520 [debug] [ThreadPool]: On list_sales_db: Close
[0m12:43:05.839861 [debug] [ThreadPool]: Acquiring new postgres connection 'list_sales_db_public'
[0m12:43:05.854552 [debug] [ThreadPool]: Using postgres connection "list_sales_db_public"
[0m12:43:05.855573 [debug] [ThreadPool]: On list_sales_db_public: /* {"app": "dbt", "dbt_version": "1.12.0b3", "profile_name": "sales_project", "target_name": "dev", "connection_name": "list_sales_db_public"} */
select
      'sales_db' as database,
      tablename as name,
      schemaname as schema,
      'table' as type
    from pg_tables
    where schemaname ilike 'public'
    union all
    select
      'sales_db' as database,
      viewname as name,
      schemaname as schema,
      'view' as type
    from pg_views
    where schemaname ilike 'public'
    union all
    select
      'sales_db' as database,
      matviewname as name,
      schemaname as schema,
      'materialized_view' as type
    from pg_matviews
    where schemaname ilike 'public'
  
[0m12:43:05.856391 [debug] [ThreadPool]: Opening a new connection, currently in state init
[0m12:43:06.036326 [debug] [ThreadPool]: SQL status: SELECT 15 in 0.180 seconds
[0m12:43:06.039578 [debug] [ThreadPool]: On list_sales_db_public: ROLLBACK
[0m12:43:06.040680 [debug] [ThreadPool]: On list_sales_db_public: Close
[0m12:43:06.057816 [debug] [MainThread]: Using postgres connection "master"
[0m12:43:06.058969 [debug] [MainThread]: On master: /* {"app": "dbt", "dbt_version": "1.12.0b3", "profile_name": "sales_project", "target_name": "dev", "connection_name": "master"} */
select distinct
        dependent_namespace.nspname as dependent_schema,
        dependent_class.relname as dependent_name,
        referenced_namespace.nspname as referenced_schema,
        referenced_class.relname as referenced_name

    -- Query for views: views are entries in pg_class with an entry in pg_rewrite, but we avoid
    -- a seq scan on pg_rewrite by leveraging the fact there is an "internal" row in pg_depend for
    -- the view...
    from pg_class as dependent_class
    join pg_namespace as dependent_namespace on dependent_namespace.oid = dependent_class.relnamespace
    join pg_depend as dependent_depend on dependent_depend.refobjid = dependent_class.oid
        and dependent_depend.classid = 'pg_rewrite'::regclass
        and dependent_depend.refclassid = 'pg_class'::regclass
        and dependent_depend.deptype = 'i'

    -- ... and via pg_depend (that has a row per column, hence the need for "distinct" above, and
    -- making sure to exclude the internal row to avoid a view appearing to depend on itself)...
    join pg_depend as joining_depend on joining_depend.objid = dependent_depend.objid
        and joining_depend.classid = 'pg_rewrite'::regclass
        and joining_depend.refclassid = 'pg_class'::regclass
        and joining_depend.refobjid != dependent_depend.refobjid

    -- ... we can find the tables they query from in pg_class, but excluding system tables. Note we
    -- don't need need to exclude _dependent_ system tables, because they only query from other
    -- system tables, and so are automatically excluded by excluding _referenced_ system tables
    join pg_class as referenced_class on referenced_class.oid = joining_depend.refobjid
    join pg_namespace as referenced_namespace on referenced_namespace.oid = referenced_class.relnamespace
        and referenced_namespace.nspname != 'information_schema'
        and referenced_namespace.nspname not like 'pg\_%'

    order by
        dependent_schema, dependent_name, referenced_schema, referenced_name;
[0m12:43:06.059997 [debug] [MainThread]: Opening a new connection, currently in state init
[0m12:43:06.135455 [debug] [MainThread]: SQL status: SELECT 0 in 0.075 seconds
[0m12:43:06.138983 [debug] [MainThread]: Sending event: {'category': 'dbt', 'action': 'runnable_timing', 'label': 'd3622945-8a86-4069-a580-b2049a676d63', 'context': [<snowplow_tracker.self_describing_json.SelfDescribingJson object at 0x0000029323294FC0>]}
[0m12:43:06.140037 [debug] [MainThread]: On master: ROLLBACK
[0m12:43:06.141015 [debug] [MainThread]: On master: COMMIT
[0m12:43:06.141759 [debug] [MainThread]: Using postgres connection "master"
[0m12:43:06.142498 [debug] [MainThread]: On master: COMMIT
[0m12:43:06.143442 [debug] [MainThread]: SQL status: COMMIT in 0.000 seconds
[0m12:43:06.144192 [debug] [MainThread]: On master: Close
[0m12:43:06.152408 [debug] [Thread-1 (]: Began running node model.sales_project.scl_analysis
[0m12:43:06.153681 [info ] [Thread-1 (]: 1 of 1 START sql table model public.scl_analysis ............................... [RUN]
[0m12:43:06.155134 [debug] [Thread-1 (]: Acquiring new postgres connection 'model.sales_project.scl_analysis'
[0m12:43:06.156083 [debug] [Thread-1 (]: Began compiling node model.sales_project.scl_analysis
[0m12:43:06.175323 [debug] [Thread-1 (]: Writing injected SQL for node "model.sales_project.scl_analysis"
[0m12:43:06.177447 [debug] [Thread-1 (]: Began executing node model.sales_project.scl_analysis
[0m12:43:06.295893 [debug] [Thread-1 (]: Writing runtime sql for node "model.sales_project.scl_analysis"
[0m12:43:06.297862 [debug] [Thread-1 (]: Using postgres connection "model.sales_project.scl_analysis"
[0m12:43:06.299098 [debug] [Thread-1 (]: On model.sales_project.scl_analysis: /* {"app": "dbt", "dbt_version": "1.12.0b3", "profile_name": "sales_project", "target_name": "dev", "node_id": "model.sales_project.scl_analysis"} */

  
    

  create  table "sales_db"."public"."scl_analysis__dbt_tmp"
  
  
    as
  
  (
    WITH product_pairs AS (
    SELECT
        a.sale_id AS invoice_id,
        a.product_id AS product_a,
        b.product_id AS product_b
    FROM "sales_db"."public"."stg_sales" a  
    JOIN "sales_db"."public"."stg_sales" b 
        ON a.sale_id = b.sale_id
        AND a.product_id < b.product_id  
),

pair_counts AS (
    SELECT
        product_a,
        product_b,
        COUNT(*) AS pair_frequency
    FROM product_pairs
    GROUP BY product_a, product_b    
),

product_counts AS (
    SELECT
        product_id,
        COUNT(DISTINCT sale_id) AS product_frequency
    FROM "sales_db"."public"."stg_sales"
    GROUP BY product_id    
),

total_invoices AS (
    SELECT COUNT(DISTINCT sale_id) AS total_count
    FROM "sales_db"."public"."stg_sales"
)

SELECT
    pc.product_a,
    pc.product_b,
    pc.pair_frequency,
    ti.total_count,
    ROUND(pc.pair_frequency * 1.0 /ti.total_count, 3) AS support,
    ROUND(pc.pair_frequency * 1.0 /pa.product_frequency, 3) AS confidence,
    ROUND(
        (pc.pair_frequency * 1.0 / pa.product_frequency) / 
        (pb.product_frequency *1.0 / ti.total_count), 3
    ) AS lift
FROM pair_counts pc 
JOIN product_counts pa ON pc.product_a = pa.product_id
JOIN product_counts pb ON pc.product_b = pb.product_id
CROSS JOIN total_invoices ti 
ORDER BY lift DESC, support DESC
  );
  
[0m12:43:06.300428 [debug] [Thread-1 (]: Opening a new connection, currently in state init
[0m12:43:07.086821 [debug] [Thread-1 (]: SQL status: SELECT 9398 in 0.787 seconds
[0m12:43:07.109166 [debug] [Thread-1 (]: Using postgres connection "model.sales_project.scl_analysis"
[0m12:43:07.110765 [debug] [Thread-1 (]: On model.sales_project.scl_analysis: /* {"app": "dbt", "dbt_version": "1.12.0b3", "profile_name": "sales_project", "target_name": "dev", "node_id": "model.sales_project.scl_analysis"} */
alter table "sales_db"."public"."scl_analysis__dbt_tmp" rename to "scl_analysis"
[0m12:43:07.112550 [debug] [Thread-1 (]: SQL status: ALTER TABLE in 0.001 seconds
[0m12:43:07.155813 [debug] [Thread-1 (]: On model.sales_project.scl_analysis: COMMIT
[0m12:43:07.156880 [debug] [Thread-1 (]: Using postgres connection "model.sales_project.scl_analysis"
[0m12:43:07.157769 [debug] [Thread-1 (]: On model.sales_project.scl_analysis: COMMIT
[0m12:43:07.165908 [debug] [Thread-1 (]: SQL status: COMMIT in 0.007 seconds
[0m12:43:07.180865 [debug] [Thread-1 (]: Applying DROP to: "sales_db"."public"."scl_analysis__dbt_backup"
[0m12:43:07.194061 [debug] [Thread-1 (]: Using postgres connection "model.sales_project.scl_analysis"
[0m12:43:07.195115 [debug] [Thread-1 (]: On model.sales_project.scl_analysis: /* {"app": "dbt", "dbt_version": "1.12.0b3", "profile_name": "sales_project", "target_name": "dev", "node_id": "model.sales_project.scl_analysis"} */
drop table if exists "sales_db"."public"."scl_analysis__dbt_backup" cascade
[0m12:43:07.196960 [debug] [Thread-1 (]: SQL status: DROP TABLE in 0.001 seconds
[0m12:43:07.202740 [debug] [Thread-1 (]: On model.sales_project.scl_analysis: Close
[0m12:43:07.207559 [debug] [Thread-1 (]: Sending event: {'category': 'dbt', 'action': 'run_model', 'label': 'd3622945-8a86-4069-a580-b2049a676d63', 'context': [<snowplow_tracker.self_describing_json.SelfDescribingJson object at 0x0000029323A81910>]}
[0m12:43:07.209271 [info ] [Thread-1 (]: 1 of 1 OK created sql table model public.scl_analysis .......................... [[32mSELECT 9398[0m in 1.05s]
[0m12:43:07.212393 [debug] [Thread-1 (]: Finished running node model.sales_project.scl_analysis
[0m12:43:07.214973 [debug] [MainThread]: On master: COMMIT
[0m12:43:07.215875 [debug] [MainThread]: Using postgres connection "master"
[0m12:43:07.216764 [debug] [MainThread]: On master: COMMIT
[0m12:43:07.217966 [debug] [MainThread]: Opening a new connection, currently in state closed
[0m12:43:07.295881 [debug] [MainThread]: SQL status: COMMIT in 0.078 seconds
[0m12:43:07.296821 [debug] [MainThread]: On master: Close
[0m12:43:07.297823 [debug] [MainThread]: Connection 'master' was properly closed.
[0m12:43:07.298648 [debug] [MainThread]: Connection 'list_sales_db' was properly closed.
[0m12:43:07.299401 [debug] [MainThread]: Connection 'list_sales_db_public' was properly closed.
[0m12:43:07.300418 [debug] [MainThread]: Connection 'model.sales_project.scl_analysis' was properly closed.
[0m12:43:07.301461 [info ] [MainThread]: 
[0m12:43:07.303000 [info ] [MainThread]: Finished running 1 table model in 0 hours 0 minutes and 2.02 seconds (2.02s).
[0m12:43:07.304893 [debug] [MainThread]: Command end result
[0m12:43:07.394738 [debug] [MainThread]: Wrote artifact WritableManifest to D:\Data Analyst\Python\sales_project\target\manifest.json
[0m12:43:07.405270 [debug] [MainThread]: Wrote artifact SemanticManifest to D:\Data Analyst\Python\sales_project\target\semantic_manifest.json
[0m12:43:07.414424 [debug] [MainThread]: Wrote artifact OsiDocument to D:\Data Analyst\Python\sales_project\target\osi_document.json
[0m12:43:07.447543 [debug] [MainThread]: Wrote artifact RunExecutionResult to D:\Data Analyst\Python\sales_project\target\run_results.json
[0m12:43:07.448546 [info ] [MainThread]: 
[0m12:43:07.454166 [info ] [MainThread]: [32mCompleted successfully[0m
[0m12:43:07.455794 [info ] [MainThread]: 
[0m12:43:07.463771 [info ] [MainThread]: Done. PASS=1 WARN=0 ERROR=0 SKIP=0 NO-OP=0 REUSED=0 TOTAL=1
[0m12:43:07.467801 [debug] [MainThread]: Command `dbt run` succeeded at 12:43:07.467450 after 5.38 seconds
[0m12:43:07.468837 [debug] [MainThread]: Sending event: {'category': 'dbt', 'action': 'invocation', 'label': 'end', 'context': [<snowplow_tracker.self_describing_json.SelfDescribingJson object at 0x000002932353BCD0>, <snowplow_tracker.self_describing_json.SelfDescribingJson object at 0x0000029323C6B570>, <snowplow_tracker.self_describing_json.SelfDescribingJson object at 0x0000029323C6B390>]}
[0m12:43:07.469787 [debug] [MainThread]: Flushing usage events
[0m12:43:07.478391 [debug] [MainThread]: An error was encountered while trying to flush usage events
[0m12:56:11.218229 [debug] [MainThread]: Sending event: {'category': 'dbt', 'action': 'invocation', 'label': 'start', 'context': [<snowplow_tracker.self_describing_json.SelfDescribingJson object at 0x000002858E53F8C0>, <snowplow_tracker.self_describing_json.SelfDescribingJson object at 0x0000028590BBBD90>, <snowplow_tracker.self_describing_json.SelfDescribingJson object at 0x0000028590BBB9D0>]}


============================== 12:56:11.231294 | e589393a-3bdc-42c1-a3fa-b4e9530417b2 ==============================
[0m12:56:11.231294 [info ] [MainThread]: Running with dbt=1.12.0-b3
[0m12:56:11.232906 [debug] [MainThread]: running dbt with arguments {'static_parser': 'True', 'no_print': 'None', 'version_check': 'True', 'warn_error_options': 'WarnErrorOptionsV2(error=[], warn=[], silence=[])', 'target_path': 'None', 'maximum_seed_size_mib': '1', 'printer_width': '80', 'write_json': 'True', 'introspect': 'True', 'log_cache_events': 'False', 'empty': 'False', 'cache_selected_only': 'False', 'log_format': 'default', 'debug': 'False', 'fail_fast': 'False', 'partial_parse': 'True', 'send_anonymous_usage_stats': 'True', 'quiet': 'False', 'warn_error': 'None', 'profiles_dir': 'C:\\Users\\Toranj\\.dbt', 'indirect_selection': 'eager', 'use_colors': 'True', 'invocation_command': 'dbt run --select discount_analysis', 'use_experimental_parser': 'False', 'log_path': 'D:\\Data Analyst\\Python\\sales_project\\logs'}
[0m12:56:11.867437 [debug] [MainThread]: Sending event: {'category': 'dbt', 'action': 'project_id', 'label': 'e589393a-3bdc-42c1-a3fa-b4e9530417b2', 'context': [<snowplow_tracker.self_describing_json.SelfDescribingJson object at 0x000002858EAC36F0>]}
[0m12:56:12.038961 [debug] [MainThread]: Sending event: {'category': 'dbt', 'action': 'adapter_info', 'label': 'e589393a-3bdc-42c1-a3fa-b4e9530417b2', 'context': [<snowplow_tracker.self_describing_json.SelfDescribingJson object at 0x00000285909B7680>]}
[0m12:56:12.041873 [info ] [MainThread]: Registered adapter: postgres=1.10.1
[0m12:56:12.583537 [debug] [MainThread]: checksum: 1422b360ba387c4a32c0f6c7d0628301536a3df5895ffefc77e86256980727b7, vars: {}, profile: sales_project, target: dev, version: 1.12.0b3
[0m12:56:13.049676 [debug] [MainThread]: Partial parsing enabled: 0 files deleted, 1 files added, 0 files changed.
[0m12:56:13.050822 [debug] [MainThread]: Partial parsing: added file: sales_project://models\marts\discount_analysis.sql
[0m12:56:13.765181 [debug] [MainThread]: Sending event: {'category': 'dbt', 'action': 'load_project', 'label': 'e589393a-3bdc-42c1-a3fa-b4e9530417b2', 'context': [<snowplow_tracker.self_describing_json.SelfDescribingJson object at 0x0000028590CB0F50>]}
[0m12:56:13.953383 [debug] [MainThread]: Wrote artifact WritableManifest to D:\Data Analyst\Python\sales_project\target\manifest.json
[0m12:56:13.962730 [debug] [MainThread]: Wrote artifact SemanticManifest to D:\Data Analyst\Python\sales_project\target\semantic_manifest.json
[0m12:56:14.027180 [debug] [MainThread]: Wrote artifact OsiDocument to D:\Data Analyst\Python\sales_project\target\osi_document.json
[0m12:56:14.057767 [debug] [MainThread]: Sending event: {'category': 'dbt', 'action': 'resource_counts', 'label': 'e589393a-3bdc-42c1-a3fa-b4e9530417b2', 'context': [<snowplow_tracker.self_describing_json.SelfDescribingJson object at 0x00000285910F7890>]}
[0m12:56:14.058936 [info ] [MainThread]: Found 15 models, 475 macros
[0m12:56:14.062261 [debug] [MainThread]: Sending event: {'category': 'dbt', 'action': 'runnable_timing', 'label': 'e589393a-3bdc-42c1-a3fa-b4e9530417b2', 'context': [<snowplow_tracker.self_describing_json.SelfDescribingJson object at 0x0000028591274830>]}
[0m12:56:14.066184 [info ] [MainThread]: 
[0m12:56:14.069324 [info ] [MainThread]: Concurrency: 4 threads (target='dev')
[0m12:56:14.071004 [info ] [MainThread]: 
[0m12:56:14.072316 [debug] [MainThread]: Acquiring new postgres connection 'master'
[0m12:56:14.074547 [debug] [ThreadPool]: Acquiring new postgres connection 'list_sales_db'
[0m12:56:14.522954 [debug] [ThreadPool]: Using postgres connection "list_sales_db"
[0m12:56:14.523854 [debug] [ThreadPool]: On list_sales_db: /* {"app": "dbt", "dbt_version": "1.12.0b3", "profile_name": "sales_project", "target_name": "dev", "connection_name": "list_sales_db"} */

    select distinct nspname from pg_namespace
  
[0m12:56:14.524581 [debug] [ThreadPool]: Opening a new connection, currently in state init
[0m12:56:14.596166 [debug] [ThreadPool]: SQL status: SELECT 4 in 0.071 seconds
[0m12:56:14.598947 [debug] [ThreadPool]: On list_sales_db: Close
[0m12:56:14.612067 [debug] [ThreadPool]: Acquiring new postgres connection 'list_sales_db_public'
[0m12:56:14.626127 [debug] [ThreadPool]: Using postgres connection "list_sales_db_public"
[0m12:56:14.627079 [debug] [ThreadPool]: On list_sales_db_public: /* {"app": "dbt", "dbt_version": "1.12.0b3", "profile_name": "sales_project", "target_name": "dev", "connection_name": "list_sales_db_public"} */
select
      'sales_db' as database,
      tablename as name,
      schemaname as schema,
      'table' as type
    from pg_tables
    where schemaname ilike 'public'
    union all
    select
      'sales_db' as database,
      viewname as name,
      schemaname as schema,
      'view' as type
    from pg_views
    where schemaname ilike 'public'
    union all
    select
      'sales_db' as database,
      matviewname as name,
      schemaname as schema,
      'materialized_view' as type
    from pg_matviews
    where schemaname ilike 'public'
  
[0m12:56:14.627863 [debug] [ThreadPool]: Opening a new connection, currently in state init
[0m12:56:14.698775 [debug] [ThreadPool]: SQL status: SELECT 16 in 0.071 seconds
[0m12:56:14.702793 [debug] [ThreadPool]: On list_sales_db_public: ROLLBACK
[0m12:56:14.703944 [debug] [ThreadPool]: On list_sales_db_public: Close
[0m12:56:14.724827 [debug] [MainThread]: Using postgres connection "master"
[0m12:56:14.725967 [debug] [MainThread]: On master: /* {"app": "dbt", "dbt_version": "1.12.0b3", "profile_name": "sales_project", "target_name": "dev", "connection_name": "master"} */
select distinct
        dependent_namespace.nspname as dependent_schema,
        dependent_class.relname as dependent_name,
        referenced_namespace.nspname as referenced_schema,
        referenced_class.relname as referenced_name

    -- Query for views: views are entries in pg_class with an entry in pg_rewrite, but we avoid
    -- a seq scan on pg_rewrite by leveraging the fact there is an "internal" row in pg_depend for
    -- the view...
    from pg_class as dependent_class
    join pg_namespace as dependent_namespace on dependent_namespace.oid = dependent_class.relnamespace
    join pg_depend as dependent_depend on dependent_depend.refobjid = dependent_class.oid
        and dependent_depend.classid = 'pg_rewrite'::regclass
        and dependent_depend.refclassid = 'pg_class'::regclass
        and dependent_depend.deptype = 'i'

    -- ... and via pg_depend (that has a row per column, hence the need for "distinct" above, and
    -- making sure to exclude the internal row to avoid a view appearing to depend on itself)...
    join pg_depend as joining_depend on joining_depend.objid = dependent_depend.objid
        and joining_depend.classid = 'pg_rewrite'::regclass
        and joining_depend.refclassid = 'pg_class'::regclass
        and joining_depend.refobjid != dependent_depend.refobjid

    -- ... we can find the tables they query from in pg_class, but excluding system tables. Note we
    -- don't need need to exclude _dependent_ system tables, because they only query from other
    -- system tables, and so are automatically excluded by excluding _referenced_ system tables
    join pg_class as referenced_class on referenced_class.oid = joining_depend.refobjid
    join pg_namespace as referenced_namespace on referenced_namespace.oid = referenced_class.relnamespace
        and referenced_namespace.nspname != 'information_schema'
        and referenced_namespace.nspname not like 'pg\_%'

    order by
        dependent_schema, dependent_name, referenced_schema, referenced_name;
[0m12:56:14.726974 [debug] [MainThread]: Opening a new connection, currently in state init
[0m12:56:14.799202 [debug] [MainThread]: SQL status: SELECT 0 in 0.072 seconds
[0m12:56:14.803146 [debug] [MainThread]: Sending event: {'category': 'dbt', 'action': 'runnable_timing', 'label': 'e589393a-3bdc-42c1-a3fa-b4e9530417b2', 'context': [<snowplow_tracker.self_describing_json.SelfDescribingJson object at 0x0000028590C85230>]}
[0m12:56:14.804277 [debug] [MainThread]: On master: ROLLBACK
[0m12:56:14.805230 [debug] [MainThread]: On master: COMMIT
[0m12:56:14.805988 [debug] [MainThread]: Using postgres connection "master"
[0m12:56:14.806714 [debug] [MainThread]: On master: COMMIT
[0m12:56:14.807628 [debug] [MainThread]: SQL status: COMMIT in 0.000 seconds
[0m12:56:14.808368 [debug] [MainThread]: On master: Close
[0m12:56:14.816337 [debug] [Thread-1 (]: Began running node model.sales_project.discount_analysis
[0m12:56:14.817636 [info ] [Thread-1 (]: 1 of 1 START sql table model public.discount_analysis .......................... [RUN]
[0m12:56:14.820530 [debug] [Thread-1 (]: Acquiring new postgres connection 'model.sales_project.discount_analysis'
[0m12:56:14.821541 [debug] [Thread-1 (]: Began compiling node model.sales_project.discount_analysis
[0m12:56:14.841135 [debug] [Thread-1 (]: Writing injected SQL for node "model.sales_project.discount_analysis"
[0m12:56:14.860616 [debug] [Thread-1 (]: Began executing node model.sales_project.discount_analysis
[0m12:56:14.967730 [debug] [Thread-1 (]: Writing runtime sql for node "model.sales_project.discount_analysis"
[0m12:56:14.970824 [debug] [Thread-1 (]: Using postgres connection "model.sales_project.discount_analysis"
[0m12:56:14.972026 [debug] [Thread-1 (]: On model.sales_project.discount_analysis: /* {"app": "dbt", "dbt_version": "1.12.0b3", "profile_name": "sales_project", "target_name": "dev", "node_id": "model.sales_project.discount_analysis"} */

  
    

  create  table "sales_db"."public"."discount_analysis__dbt_tmp"
  
  
    as
  
  (
    WITH discount_stats AS (
    SELECT
        product_id,
        AVG(discount_percent) AS avg_discount,
        COUNT(*) AS total_sales,
        SUM(quantity) AS total_quantity_sold,
        SUM(unit_price * quantity) AS total_revenue
    FROM "sales_db"."public"."stg_sales"
    GROUP BY product_id    
)

SELECT
    p.product_name,
    p.category,
    ds.avg_discount,
    ds.total_sales,
    ds.total_quantity_sold,
    ds.total_revenue,
    CASE 
        WHEN ds.avg_discount > 20 THEN 'High Discount'
        WHEN ds.avg_discount > 10 THEN 'Medium Discount'  
        ELSE 'Low Discount' 
    END AS discount_category
FROM discount_stats ds 
LEFT JOIN "sales_db"."public"."stg_products" p USING (product_id)
ORDER BY ds.avg_discount DESC
  );
  
[0m12:56:14.973190 [debug] [Thread-1 (]: Opening a new connection, currently in state init
[0m12:56:15.228905 [debug] [Thread-1 (]: SQL status: SELECT 138 in 0.256 seconds
[0m12:56:15.252455 [debug] [Thread-1 (]: Using postgres connection "model.sales_project.discount_analysis"
[0m12:56:15.253516 [debug] [Thread-1 (]: On model.sales_project.discount_analysis: /* {"app": "dbt", "dbt_version": "1.12.0b3", "profile_name": "sales_project", "target_name": "dev", "node_id": "model.sales_project.discount_analysis"} */
alter table "sales_db"."public"."discount_analysis__dbt_tmp" rename to "discount_analysis"
[0m12:56:15.255867 [debug] [Thread-1 (]: SQL status: ALTER TABLE in 0.001 seconds
[0m12:56:15.299106 [debug] [Thread-1 (]: On model.sales_project.discount_analysis: COMMIT
[0m12:56:15.300183 [debug] [Thread-1 (]: Using postgres connection "model.sales_project.discount_analysis"
[0m12:56:15.301070 [debug] [Thread-1 (]: On model.sales_project.discount_analysis: COMMIT
[0m12:56:15.304179 [debug] [Thread-1 (]: SQL status: COMMIT in 0.002 seconds
[0m12:56:15.318334 [debug] [Thread-1 (]: Applying DROP to: "sales_db"."public"."discount_analysis__dbt_backup"
[0m12:56:15.331631 [debug] [Thread-1 (]: Using postgres connection "model.sales_project.discount_analysis"
[0m12:56:15.332708 [debug] [Thread-1 (]: On model.sales_project.discount_analysis: /* {"app": "dbt", "dbt_version": "1.12.0b3", "profile_name": "sales_project", "target_name": "dev", "node_id": "model.sales_project.discount_analysis"} */
drop table if exists "sales_db"."public"."discount_analysis__dbt_backup" cascade
[0m12:56:15.334307 [debug] [Thread-1 (]: SQL status: DROP TABLE in 0.001 seconds
[0m12:56:15.340663 [debug] [Thread-1 (]: On model.sales_project.discount_analysis: Close
[0m12:56:15.345493 [debug] [Thread-1 (]: Sending event: {'category': 'dbt', 'action': 'run_model', 'label': 'e589393a-3bdc-42c1-a3fa-b4e9530417b2', 'context': [<snowplow_tracker.self_describing_json.SelfDescribingJson object at 0x00000285915E5B50>]}
[0m12:56:15.347302 [info ] [Thread-1 (]: 1 of 1 OK created sql table model public.discount_analysis ..................... [[32mSELECT 138[0m in 0.52s]
[0m12:56:15.350981 [debug] [Thread-1 (]: Finished running node model.sales_project.discount_analysis
[0m12:56:15.353973 [debug] [MainThread]: On master: COMMIT
[0m12:56:15.354781 [debug] [MainThread]: Using postgres connection "master"
[0m12:56:15.355506 [debug] [MainThread]: On master: COMMIT
[0m12:56:15.356205 [debug] [MainThread]: Opening a new connection, currently in state closed
[0m12:56:15.427458 [debug] [MainThread]: SQL status: COMMIT in 0.071 seconds
[0m12:56:15.428421 [debug] [MainThread]: On master: Close
[0m12:56:15.429449 [debug] [MainThread]: Connection 'master' was properly closed.
[0m12:56:15.430250 [debug] [MainThread]: Connection 'list_sales_db' was properly closed.
[0m12:56:15.430975 [debug] [MainThread]: Connection 'list_sales_db_public' was properly closed.
[0m12:56:15.431644 [debug] [MainThread]: Connection 'model.sales_project.discount_analysis' was properly closed.
[0m12:56:15.432443 [info ] [MainThread]: 
[0m12:56:15.437124 [info ] [MainThread]: Finished running 1 table model in 0 hours 0 minutes and 1.36 seconds (1.36s).
[0m12:56:15.440537 [debug] [MainThread]: Command end result
[0m12:56:15.533126 [debug] [MainThread]: Wrote artifact WritableManifest to D:\Data Analyst\Python\sales_project\target\manifest.json
[0m12:56:15.543587 [debug] [MainThread]: Wrote artifact SemanticManifest to D:\Data Analyst\Python\sales_project\target\semantic_manifest.json
[0m12:56:15.552498 [debug] [MainThread]: Wrote artifact OsiDocument to D:\Data Analyst\Python\sales_project\target\osi_document.json
[0m12:56:15.581492 [debug] [MainThread]: Wrote artifact RunExecutionResult to D:\Data Analyst\Python\sales_project\target\run_results.json
[0m12:56:15.582596 [info ] [MainThread]: 
[0m12:56:15.589938 [info ] [MainThread]: [32mCompleted successfully[0m
[0m12:56:15.593495 [info ] [MainThread]: 
[0m12:56:15.595198 [info ] [MainThread]: Done. PASS=1 WARN=0 ERROR=0 SKIP=0 NO-OP=0 REUSED=0 TOTAL=1
[0m12:56:15.600269 [debug] [MainThread]: Command `dbt run` succeeded at 12:56:15.599849 after 4.76 seconds
[0m12:56:15.606819 [debug] [MainThread]: Sending event: {'category': 'dbt', 'action': 'invocation', 'label': 'end', 'context': [<snowplow_tracker.self_describing_json.SelfDescribingJson object at 0x000002859124E150>, <snowplow_tracker.self_describing_json.SelfDescribingJson object at 0x00000285917CF570>, <snowplow_tracker.self_describing_json.SelfDescribingJson object at 0x00000285917CF390>]}
[0m12:56:15.607851 [debug] [MainThread]: Flushing usage events
[0m12:56:15.613856 [debug] [MainThread]: An error was encountered while trying to flush usage events
[0m12:59:49.572236 [debug] [MainThread]: Sending event: {'category': 'dbt', 'action': 'invocation', 'label': 'start', 'context': [<snowplow_tracker.self_describing_json.SelfDescribingJson object at 0x000002B896CBF8C0>, <snowplow_tracker.self_describing_json.SelfDescribingJson object at 0x000002B89933BD90>, <snowplow_tracker.self_describing_json.SelfDescribingJson object at 0x000002B89933B9D0>]}


============================== 12:59:49.582674 | d97f7193-d6cf-46ec-8dd8-2276cb6f8fb4 ==============================
[0m12:59:49.582674 [info ] [MainThread]: Running with dbt=1.12.0-b3
[0m12:59:49.584168 [debug] [MainThread]: running dbt with arguments {'version_check': 'True', 'no_print': 'None', 'static_parser': 'True', 'target_path': 'None', 'warn_error_options': 'WarnErrorOptionsV2(error=[], warn=[], silence=[])', 'maximum_seed_size_mib': '1', 'printer_width': '80', 'write_json': 'True', 'introspect': 'True', 'log_cache_events': 'False', 'empty': 'False', 'cache_selected_only': 'False', 'log_format': 'default', 'debug': 'False', 'fail_fast': 'False', 'profiles_dir': 'C:\\Users\\Toranj\\.dbt', 'send_anonymous_usage_stats': 'True', 'quiet': 'False', 'warn_error': 'None', 'partial_parse': 'True', 'invocation_command': 'dbt run --select discount_by_platform', 'use_colors': 'True', 'indirect_selection': 'eager', 'use_experimental_parser': 'False', 'log_path': 'D:\\Data Analyst\\Python\\sales_project\\logs'}
[0m12:59:50.220520 [debug] [MainThread]: Sending event: {'category': 'dbt', 'action': 'project_id', 'label': 'd97f7193-d6cf-46ec-8dd8-2276cb6f8fb4', 'context': [<snowplow_tracker.self_describing_json.SelfDescribingJson object at 0x000002B8972476F0>]}
[0m12:59:50.393036 [debug] [MainThread]: Sending event: {'category': 'dbt', 'action': 'adapter_info', 'label': 'd97f7193-d6cf-46ec-8dd8-2276cb6f8fb4', 'context': [<snowplow_tracker.self_describing_json.SelfDescribingJson object at 0x000002B899137680>]}
[0m12:59:50.395985 [info ] [MainThread]: Registered adapter: postgres=1.10.1
[0m12:59:50.925017 [debug] [MainThread]: checksum: 1422b360ba387c4a32c0f6c7d0628301536a3df5895ffefc77e86256980727b7, vars: {}, profile: sales_project, target: dev, version: 1.12.0b3
[0m12:59:51.400058 [debug] [MainThread]: Partial parsing enabled: 0 files deleted, 1 files added, 0 files changed.
[0m12:59:51.401218 [debug] [MainThread]: Partial parsing: added file: sales_project://models\marts\discount_by_platform.sql
[0m12:59:52.125694 [debug] [MainThread]: Sending event: {'category': 'dbt', 'action': 'load_project', 'label': 'd97f7193-d6cf-46ec-8dd8-2276cb6f8fb4', 'context': [<snowplow_tracker.self_describing_json.SelfDescribingJson object at 0x000002B899430F50>]}
[0m12:59:52.316862 [debug] [MainThread]: Wrote artifact WritableManifest to D:\Data Analyst\Python\sales_project\target\manifest.json
[0m12:59:52.326289 [debug] [MainThread]: Wrote artifact SemanticManifest to D:\Data Analyst\Python\sales_project\target\semantic_manifest.json
[0m12:59:52.391495 [debug] [MainThread]: Wrote artifact OsiDocument to D:\Data Analyst\Python\sales_project\target\osi_document.json
[0m12:59:52.421239 [debug] [MainThread]: Sending event: {'category': 'dbt', 'action': 'resource_counts', 'label': 'd97f7193-d6cf-46ec-8dd8-2276cb6f8fb4', 'context': [<snowplow_tracker.self_describing_json.SelfDescribingJson object at 0x000002B899907890>]}
[0m12:59:52.422456 [info ] [MainThread]: Found 16 models, 475 macros
[0m12:59:52.427152 [debug] [MainThread]: Sending event: {'category': 'dbt', 'action': 'runnable_timing', 'label': 'd97f7193-d6cf-46ec-8dd8-2276cb6f8fb4', 'context': [<snowplow_tracker.self_describing_json.SelfDescribingJson object at 0x000002B899A84830>]}
[0m12:59:52.431648 [info ] [MainThread]: 
[0m12:59:52.433113 [info ] [MainThread]: Concurrency: 4 threads (target='dev')
[0m12:59:52.435062 [info ] [MainThread]: 
[0m12:59:52.436348 [debug] [MainThread]: Acquiring new postgres connection 'master'
[0m12:59:52.438178 [debug] [ThreadPool]: Acquiring new postgres connection 'list_sales_db'
[0m12:59:52.912682 [debug] [ThreadPool]: Using postgres connection "list_sales_db"
[0m12:59:52.913916 [debug] [ThreadPool]: On list_sales_db: /* {"app": "dbt", "dbt_version": "1.12.0b3", "profile_name": "sales_project", "target_name": "dev", "connection_name": "list_sales_db"} */

    select distinct nspname from pg_namespace
  
[0m12:59:52.915606 [debug] [ThreadPool]: Opening a new connection, currently in state init
[0m12:59:52.991906 [debug] [ThreadPool]: SQL status: SELECT 4 in 0.077 seconds
[0m12:59:52.994732 [debug] [ThreadPool]: On list_sales_db: Close
[0m12:59:53.008506 [debug] [ThreadPool]: Acquiring new postgres connection 'list_sales_db_public'
[0m12:59:53.022814 [debug] [ThreadPool]: Using postgres connection "list_sales_db_public"
[0m12:59:53.023741 [debug] [ThreadPool]: On list_sales_db_public: /* {"app": "dbt", "dbt_version": "1.12.0b3", "profile_name": "sales_project", "target_name": "dev", "connection_name": "list_sales_db_public"} */
select
      'sales_db' as database,
      tablename as name,
      schemaname as schema,
      'table' as type
    from pg_tables
    where schemaname ilike 'public'
    union all
    select
      'sales_db' as database,
      viewname as name,
      schemaname as schema,
      'view' as type
    from pg_views
    where schemaname ilike 'public'
    union all
    select
      'sales_db' as database,
      matviewname as name,
      schemaname as schema,
      'materialized_view' as type
    from pg_matviews
    where schemaname ilike 'public'
  
[0m12:59:53.024507 [debug] [ThreadPool]: Opening a new connection, currently in state init
[0m12:59:53.203691 [debug] [ThreadPool]: SQL status: SELECT 17 in 0.179 seconds
[0m12:59:53.207024 [debug] [ThreadPool]: On list_sales_db_public: ROLLBACK
[0m12:59:53.207998 [debug] [ThreadPool]: On list_sales_db_public: Close
[0m12:59:53.226573 [debug] [MainThread]: Using postgres connection "master"
[0m12:59:53.227650 [debug] [MainThread]: On master: /* {"app": "dbt", "dbt_version": "1.12.0b3", "profile_name": "sales_project", "target_name": "dev", "connection_name": "master"} */
select distinct
        dependent_namespace.nspname as dependent_schema,
        dependent_class.relname as dependent_name,
        referenced_namespace.nspname as referenced_schema,
        referenced_class.relname as referenced_name

    -- Query for views: views are entries in pg_class with an entry in pg_rewrite, but we avoid
    -- a seq scan on pg_rewrite by leveraging the fact there is an "internal" row in pg_depend for
    -- the view...
    from pg_class as dependent_class
    join pg_namespace as dependent_namespace on dependent_namespace.oid = dependent_class.relnamespace
    join pg_depend as dependent_depend on dependent_depend.refobjid = dependent_class.oid
        and dependent_depend.classid = 'pg_rewrite'::regclass
        and dependent_depend.refclassid = 'pg_class'::regclass
        and dependent_depend.deptype = 'i'

    -- ... and via pg_depend (that has a row per column, hence the need for "distinct" above, and
    -- making sure to exclude the internal row to avoid a view appearing to depend on itself)...
    join pg_depend as joining_depend on joining_depend.objid = dependent_depend.objid
        and joining_depend.classid = 'pg_rewrite'::regclass
        and joining_depend.refclassid = 'pg_class'::regclass
        and joining_depend.refobjid != dependent_depend.refobjid

    -- ... we can find the tables they query from in pg_class, but excluding system tables. Note we
    -- don't need need to exclude _dependent_ system tables, because they only query from other
    -- system tables, and so are automatically excluded by excluding _referenced_ system tables
    join pg_class as referenced_class on referenced_class.oid = joining_depend.refobjid
    join pg_namespace as referenced_namespace on referenced_namespace.oid = referenced_class.relnamespace
        and referenced_namespace.nspname != 'information_schema'
        and referenced_namespace.nspname not like 'pg\_%'

    order by
        dependent_schema, dependent_name, referenced_schema, referenced_name;
[0m12:59:53.228687 [debug] [MainThread]: Opening a new connection, currently in state init
[0m12:59:53.301345 [debug] [MainThread]: SQL status: SELECT 0 in 0.073 seconds
[0m12:59:53.304941 [debug] [MainThread]: Sending event: {'category': 'dbt', 'action': 'runnable_timing', 'label': 'd97f7193-d6cf-46ec-8dd8-2276cb6f8fb4', 'context': [<snowplow_tracker.self_describing_json.SelfDescribingJson object at 0x000002B899604FC0>]}
[0m12:59:53.306030 [debug] [MainThread]: On master: ROLLBACK
[0m12:59:53.306973 [debug] [MainThread]: On master: COMMIT
[0m12:59:53.307772 [debug] [MainThread]: Using postgres connection "master"
[0m12:59:53.308508 [debug] [MainThread]: On master: COMMIT
[0m12:59:53.309403 [debug] [MainThread]: SQL status: COMMIT in 0.000 seconds
[0m12:59:53.310135 [debug] [MainThread]: On master: Close
[0m12:59:53.318868 [debug] [Thread-1 (]: Began running node model.sales_project.discount_by_platform
[0m12:59:53.320186 [info ] [Thread-1 (]: 1 of 1 START sql table model public.discount_by_platform ....................... [RUN]
[0m12:59:53.321659 [debug] [Thread-1 (]: Acquiring new postgres connection 'model.sales_project.discount_by_platform'
[0m12:59:53.322609 [debug] [Thread-1 (]: Began compiling node model.sales_project.discount_by_platform
[0m12:59:53.339790 [debug] [Thread-1 (]: Writing injected SQL for node "model.sales_project.discount_by_platform"
[0m12:59:53.341639 [debug] [Thread-1 (]: Began executing node model.sales_project.discount_by_platform
[0m12:59:53.457935 [debug] [Thread-1 (]: Writing runtime sql for node "model.sales_project.discount_by_platform"
[0m12:59:53.478142 [debug] [Thread-1 (]: Using postgres connection "model.sales_project.discount_by_platform"
[0m12:59:53.479477 [debug] [Thread-1 (]: On model.sales_project.discount_by_platform: /* {"app": "dbt", "dbt_version": "1.12.0b3", "profile_name": "sales_project", "target_name": "dev", "node_id": "model.sales_project.discount_by_platform"} */

  
    

  create  table "sales_db"."public"."discount_by_platform__dbt_tmp"
  
  
    as
  
  (
    SELECT
    platform,
    AVG(discount_percent) AS avg_discount,
    COUNT(*) AS total_sales,
    SUM(unit_price * quantity) AS total_revenue
FROM "sales_db"."public"."stg_sales" 
GROUP BY platform
ORDER BY avg_discount DESC
  );
  
[0m12:59:53.481382 [debug] [Thread-1 (]: Opening a new connection, currently in state init
[0m12:59:53.591580 [debug] [Thread-1 (]: SQL status: SELECT 3 in 0.110 seconds
[0m12:59:53.614947 [debug] [Thread-1 (]: Using postgres connection "model.sales_project.discount_by_platform"
[0m12:59:53.616561 [debug] [Thread-1 (]: On model.sales_project.discount_by_platform: /* {"app": "dbt", "dbt_version": "1.12.0b3", "profile_name": "sales_project", "target_name": "dev", "node_id": "model.sales_project.discount_by_platform"} */
alter table "sales_db"."public"."discount_by_platform__dbt_tmp" rename to "discount_by_platform"
[0m12:59:53.623107 [debug] [Thread-1 (]: SQL status: ALTER TABLE in 0.001 seconds
[0m12:59:53.667500 [debug] [Thread-1 (]: On model.sales_project.discount_by_platform: COMMIT
[0m12:59:53.668661 [debug] [Thread-1 (]: Using postgres connection "model.sales_project.discount_by_platform"
[0m12:59:53.669579 [debug] [Thread-1 (]: On model.sales_project.discount_by_platform: COMMIT
[0m12:59:53.671823 [debug] [Thread-1 (]: SQL status: COMMIT in 0.001 seconds
[0m12:59:53.687159 [debug] [Thread-1 (]: Applying DROP to: "sales_db"."public"."discount_by_platform__dbt_backup"
[0m12:59:53.700247 [debug] [Thread-1 (]: Using postgres connection "model.sales_project.discount_by_platform"
[0m12:59:53.701334 [debug] [Thread-1 (]: On model.sales_project.discount_by_platform: /* {"app": "dbt", "dbt_version": "1.12.0b3", "profile_name": "sales_project", "target_name": "dev", "node_id": "model.sales_project.discount_by_platform"} */
drop table if exists "sales_db"."public"."discount_by_platform__dbt_backup" cascade
[0m12:59:53.702924 [debug] [Thread-1 (]: SQL status: DROP TABLE in 0.001 seconds
[0m12:59:53.708292 [debug] [Thread-1 (]: On model.sales_project.discount_by_platform: Close
[0m12:59:53.713111 [debug] [Thread-1 (]: Sending event: {'category': 'dbt', 'action': 'run_model', 'label': 'd97f7193-d6cf-46ec-8dd8-2276cb6f8fb4', 'context': [<snowplow_tracker.self_describing_json.SelfDescribingJson object at 0x000002B899DF5FD0>]}
[0m12:59:53.715745 [info ] [Thread-1 (]: 1 of 1 OK created sql table model public.discount_by_platform .................. [[32mSELECT 3[0m in 0.39s]
[0m12:59:53.718952 [debug] [Thread-1 (]: Finished running node model.sales_project.discount_by_platform
[0m12:59:53.721998 [debug] [MainThread]: On master: COMMIT
[0m12:59:53.722922 [debug] [MainThread]: Using postgres connection "master"
[0m12:59:53.723795 [debug] [MainThread]: On master: COMMIT
[0m12:59:53.724589 [debug] [MainThread]: Opening a new connection, currently in state closed
[0m12:59:53.804027 [debug] [MainThread]: SQL status: COMMIT in 0.079 seconds
[0m12:59:53.804967 [debug] [MainThread]: On master: Close
[0m12:59:53.805988 [debug] [MainThread]: Connection 'master' was properly closed.
[0m12:59:53.806800 [debug] [MainThread]: Connection 'list_sales_db' was properly closed.
[0m12:59:53.807605 [debug] [MainThread]: Connection 'list_sales_db_public' was properly closed.
[0m12:59:53.808379 [debug] [MainThread]: Connection 'model.sales_project.discount_by_platform' was properly closed.
[0m12:59:53.809249 [info ] [MainThread]: 
[0m12:59:53.811168 [info ] [MainThread]: Finished running 1 table model in 0 hours 0 minutes and 1.37 seconds (1.37s).
[0m12:59:53.813069 [debug] [MainThread]: Command end result
[0m12:59:53.901260 [debug] [MainThread]: Wrote artifact WritableManifest to D:\Data Analyst\Python\sales_project\target\manifest.json
[0m12:59:53.911118 [debug] [MainThread]: Wrote artifact SemanticManifest to D:\Data Analyst\Python\sales_project\target\semantic_manifest.json
[0m12:59:53.921078 [debug] [MainThread]: Wrote artifact OsiDocument to D:\Data Analyst\Python\sales_project\target\osi_document.json
[0m12:59:53.943871 [debug] [MainThread]: Wrote artifact RunExecutionResult to D:\Data Analyst\Python\sales_project\target\run_results.json
[0m12:59:53.946278 [info ] [MainThread]: 
[0m12:59:53.961448 [info ] [MainThread]: [32mCompleted successfully[0m
[0m12:59:53.962903 [info ] [MainThread]: 
[0m12:59:53.972078 [info ] [MainThread]: Done. PASS=1 WARN=0 ERROR=0 SKIP=0 NO-OP=0 REUSED=0 TOTAL=1
[0m12:59:53.974902 [debug] [MainThread]: Command `dbt run` succeeded at 12:59:53.974604 after 4.75 seconds
[0m12:59:53.976184 [debug] [MainThread]: Sending event: {'category': 'dbt', 'action': 'invocation', 'label': 'end', 'context': [<snowplow_tracker.self_describing_json.SelfDescribingJson object at 0x000002B8998CA0A0>, <snowplow_tracker.self_describing_json.SelfDescribingJson object at 0x000002B899EC2FD0>, <snowplow_tracker.self_describing_json.SelfDescribingJson object at 0x000002B899EC31B0>]}
[0m12:59:53.977100 [debug] [MainThread]: Flushing usage events
[0m12:59:53.985637 [debug] [MainThread]: An error was encountered while trying to flush usage events
[0m13:10:00.129027 [debug] [MainThread]: Sending event: {'category': 'dbt', 'action': 'invocation', 'label': 'start', 'context': [<snowplow_tracker.self_describing_json.SelfDescribingJson object at 0x0000024634DEF8C0>, <snowplow_tracker.self_describing_json.SelfDescribingJson object at 0x000002463746BD90>, <snowplow_tracker.self_describing_json.SelfDescribingJson object at 0x000002463746B9D0>]}


============================== 13:10:00.139525 | 958da9bb-1b83-45ce-87ac-4c2f52ba86c7 ==============================
[0m13:10:00.139525 [info ] [MainThread]: Running with dbt=1.12.0-b3
[0m13:10:00.140942 [debug] [MainThread]: running dbt with arguments {'static_parser': 'True', 'no_print': 'None', 'maximum_seed_size_mib': '1', 'warn_error_options': 'WarnErrorOptionsV2(error=[], warn=[], silence=[])', 'target_path': 'None', 'version_check': 'True', 'printer_width': '80', 'write_json': 'True', 'introspect': 'True', 'log_cache_events': 'False', 'empty': 'False', 'cache_selected_only': 'False', 'fail_fast': 'False', 'debug': 'False', 'log_format': 'default', 'partial_parse': 'True', 'send_anonymous_usage_stats': 'True', 'quiet': 'False', 'warn_error': 'None', 'profiles_dir': 'C:\\Users\\Toranj\\.dbt', 'indirect_selection': 'eager', 'invocation_command': 'dbt run --select discount_vs_sales', 'use_colors': 'True', 'use_experimental_parser': 'False', 'log_path': 'D:\\Data Analyst\\Python\\sales_project\\logs'}
[0m13:10:00.795430 [debug] [MainThread]: Sending event: {'category': 'dbt', 'action': 'project_id', 'label': '958da9bb-1b83-45ce-87ac-4c2f52ba86c7', 'context': [<snowplow_tracker.self_describing_json.SelfDescribingJson object at 0x00000246353736F0>]}
[0m13:10:00.968620 [debug] [MainThread]: Sending event: {'category': 'dbt', 'action': 'adapter_info', 'label': '958da9bb-1b83-45ce-87ac-4c2f52ba86c7', 'context': [<snowplow_tracker.self_describing_json.SelfDescribingJson object at 0x0000024637267680>]}
[0m13:10:00.972453 [info ] [MainThread]: Registered adapter: postgres=1.10.1
[0m13:10:01.487498 [debug] [MainThread]: checksum: 1422b360ba387c4a32c0f6c7d0628301536a3df5895ffefc77e86256980727b7, vars: {}, profile: sales_project, target: dev, version: 1.12.0b3
[0m13:10:01.993448 [debug] [MainThread]: Partial parsing enabled: 0 files deleted, 1 files added, 0 files changed.
[0m13:10:01.994629 [debug] [MainThread]: Partial parsing: added file: sales_project://models\marts\discount_vs_sales.sql
[0m13:10:02.732152 [debug] [MainThread]: Sending event: {'category': 'dbt', 'action': 'load_project', 'label': '958da9bb-1b83-45ce-87ac-4c2f52ba86c7', 'context': [<snowplow_tracker.self_describing_json.SelfDescribingJson object at 0x0000024637560F50>]}
[0m13:10:02.925223 [debug] [MainThread]: Wrote artifact WritableManifest to D:\Data Analyst\Python\sales_project\target\manifest.json
[0m13:10:02.936671 [debug] [MainThread]: Wrote artifact SemanticManifest to D:\Data Analyst\Python\sales_project\target\semantic_manifest.json
[0m13:10:03.000718 [debug] [MainThread]: Wrote artifact OsiDocument to D:\Data Analyst\Python\sales_project\target\osi_document.json
[0m13:10:03.032720 [debug] [MainThread]: Sending event: {'category': 'dbt', 'action': 'resource_counts', 'label': '958da9bb-1b83-45ce-87ac-4c2f52ba86c7', 'context': [<snowplow_tracker.self_describing_json.SelfDescribingJson object at 0x00000246379A7890>]}
[0m13:10:03.033913 [info ] [MainThread]: Found 17 models, 475 macros
[0m13:10:03.037338 [debug] [MainThread]: Sending event: {'category': 'dbt', 'action': 'runnable_timing', 'label': '958da9bb-1b83-45ce-87ac-4c2f52ba86c7', 'context': [<snowplow_tracker.self_describing_json.SelfDescribingJson object at 0x0000024637B28590>]}
[0m13:10:03.040857 [info ] [MainThread]: 
[0m13:10:03.042677 [info ] [MainThread]: Concurrency: 4 threads (target='dev')
[0m13:10:03.044798 [info ] [MainThread]: 
[0m13:10:03.046389 [debug] [MainThread]: Acquiring new postgres connection 'master'
[0m13:10:03.048211 [debug] [ThreadPool]: Acquiring new postgres connection 'list_sales_db'
[0m13:10:03.528897 [debug] [ThreadPool]: Using postgres connection "list_sales_db"
[0m13:10:03.529813 [debug] [ThreadPool]: On list_sales_db: /* {"app": "dbt", "dbt_version": "1.12.0b3", "profile_name": "sales_project", "target_name": "dev", "connection_name": "list_sales_db"} */

    select distinct nspname from pg_namespace
  
[0m13:10:03.530583 [debug] [ThreadPool]: Opening a new connection, currently in state init
[0m13:10:03.604929 [debug] [ThreadPool]: SQL status: SELECT 4 in 0.074 seconds
[0m13:10:03.607702 [debug] [ThreadPool]: On list_sales_db: Close
[0m13:10:03.621474 [debug] [ThreadPool]: Acquiring new postgres connection 'list_sales_db_public'
[0m13:10:03.634421 [debug] [ThreadPool]: Using postgres connection "list_sales_db_public"
[0m13:10:03.636421 [debug] [ThreadPool]: On list_sales_db_public: /* {"app": "dbt", "dbt_version": "1.12.0b3", "profile_name": "sales_project", "target_name": "dev", "connection_name": "list_sales_db_public"} */
select
      'sales_db' as database,
      tablename as name,
      schemaname as schema,
      'table' as type
    from pg_tables
    where schemaname ilike 'public'
    union all
    select
      'sales_db' as database,
      viewname as name,
      schemaname as schema,
      'view' as type
    from pg_views
    where schemaname ilike 'public'
    union all
    select
      'sales_db' as database,
      matviewname as name,
      schemaname as schema,
      'materialized_view' as type
    from pg_matviews
    where schemaname ilike 'public'
  
[0m13:10:03.637271 [debug] [ThreadPool]: Opening a new connection, currently in state init
[0m13:10:03.817639 [debug] [ThreadPool]: SQL status: SELECT 18 in 0.180 seconds
[0m13:10:03.822036 [debug] [ThreadPool]: On list_sales_db_public: ROLLBACK
[0m13:10:03.823200 [debug] [ThreadPool]: On list_sales_db_public: Close
[0m13:10:03.844231 [debug] [MainThread]: Using postgres connection "master"
[0m13:10:03.845323 [debug] [MainThread]: On master: /* {"app": "dbt", "dbt_version": "1.12.0b3", "profile_name": "sales_project", "target_name": "dev", "connection_name": "master"} */
select distinct
        dependent_namespace.nspname as dependent_schema,
        dependent_class.relname as dependent_name,
        referenced_namespace.nspname as referenced_schema,
        referenced_class.relname as referenced_name

    -- Query for views: views are entries in pg_class with an entry in pg_rewrite, but we avoid
    -- a seq scan on pg_rewrite by leveraging the fact there is an "internal" row in pg_depend for
    -- the view...
    from pg_class as dependent_class
    join pg_namespace as dependent_namespace on dependent_namespace.oid = dependent_class.relnamespace
    join pg_depend as dependent_depend on dependent_depend.refobjid = dependent_class.oid
        and dependent_depend.classid = 'pg_rewrite'::regclass
        and dependent_depend.refclassid = 'pg_class'::regclass
        and dependent_depend.deptype = 'i'

    -- ... and via pg_depend (that has a row per column, hence the need for "distinct" above, and
    -- making sure to exclude the internal row to avoid a view appearing to depend on itself)...
    join pg_depend as joining_depend on joining_depend.objid = dependent_depend.objid
        and joining_depend.classid = 'pg_rewrite'::regclass
        and joining_depend.refclassid = 'pg_class'::regclass
        and joining_depend.refobjid != dependent_depend.refobjid

    -- ... we can find the tables they query from in pg_class, but excluding system tables. Note we
    -- don't need need to exclude _dependent_ system tables, because they only query from other
    -- system tables, and so are automatically excluded by excluding _referenced_ system tables
    join pg_class as referenced_class on referenced_class.oid = joining_depend.refobjid
    join pg_namespace as referenced_namespace on referenced_namespace.oid = referenced_class.relnamespace
        and referenced_namespace.nspname != 'information_schema'
        and referenced_namespace.nspname not like 'pg\_%'

    order by
        dependent_schema, dependent_name, referenced_schema, referenced_name;
[0m13:10:03.846373 [debug] [MainThread]: Opening a new connection, currently in state init
[0m13:10:03.928833 [debug] [MainThread]: SQL status: SELECT 0 in 0.082 seconds
[0m13:10:03.932277 [debug] [MainThread]: Sending event: {'category': 'dbt', 'action': 'runnable_timing', 'label': '958da9bb-1b83-45ce-87ac-4c2f52ba86c7', 'context': [<snowplow_tracker.self_describing_json.SelfDescribingJson object at 0x0000024637531230>]}
[0m13:10:03.933322 [debug] [MainThread]: On master: ROLLBACK
[0m13:10:03.934286 [debug] [MainThread]: On master: COMMIT
[0m13:10:03.936014 [debug] [MainThread]: Using postgres connection "master"
[0m13:10:03.936785 [debug] [MainThread]: On master: COMMIT
[0m13:10:03.937798 [debug] [MainThread]: SQL status: COMMIT in 0.000 seconds
[0m13:10:03.938519 [debug] [MainThread]: On master: Close
[0m13:10:03.946017 [debug] [Thread-1 (]: Began running node model.sales_project.discount_vs_sales
[0m13:10:03.947348 [info ] [Thread-1 (]: 1 of 1 START sql table model public.discount_vs_sales .......................... [RUN]
[0m13:10:03.948918 [debug] [Thread-1 (]: Acquiring new postgres connection 'model.sales_project.discount_vs_sales'
[0m13:10:03.949928 [debug] [Thread-1 (]: Began compiling node model.sales_project.discount_vs_sales
[0m13:10:03.967176 [debug] [Thread-1 (]: Writing injected SQL for node "model.sales_project.discount_vs_sales"
[0m13:10:03.969308 [debug] [Thread-1 (]: Began executing node model.sales_project.discount_vs_sales
[0m13:10:04.079357 [debug] [Thread-1 (]: Writing runtime sql for node "model.sales_project.discount_vs_sales"
[0m13:10:04.081892 [debug] [Thread-1 (]: Using postgres connection "model.sales_project.discount_vs_sales"
[0m13:10:04.083093 [debug] [Thread-1 (]: On model.sales_project.discount_vs_sales: /* {"app": "dbt", "dbt_version": "1.12.0b3", "profile_name": "sales_project", "target_name": "dev", "node_id": "model.sales_project.discount_vs_sales"} */

  
    

  create  table "sales_db"."public"."discount_vs_sales__dbt_tmp"
  
  
    as
  
  (
    WITH discounted_products AS (
    SELECT
        product_id,
        CASE 
            WHEN AVG(discount_percent) > 0  THEN 'With Discount'
            ELSE 'Without Discount' 
        END AS discount_status,
        COUNT(*) AS total_sales,
        SUM(quantity) AS total_quantity_sold,
        SUM(unit_price * quantity) AS total_revenue,
        AVG(unit_price) AS avg_price
    FROM "sales_db"."public"."stg_sales"
    GROUP BY product_id    
)

SELECT
    discount_status,
    COUNT(product_id) AS number_of_products,
    SUM(total_sales) AS total_invoices,
    SUM(total_quantity_sold) AS total_quantity,
    SUM(total_revenue) AS total_revenue,
    ROUND(AVG(total_revenue), 2) AS avg_revenue_per_product
FROM discounted_products
GROUP BY discount_status
ORDER BY total_revenue DESC
  );
  
[0m13:10:04.084361 [debug] [Thread-1 (]: Opening a new connection, currently in state init
[0m13:10:04.194835 [debug] [Thread-1 (]: SQL status: SELECT 1 in 0.110 seconds
[0m13:10:04.217849 [debug] [Thread-1 (]: Using postgres connection "model.sales_project.discount_vs_sales"
[0m13:10:04.219471 [debug] [Thread-1 (]: On model.sales_project.discount_vs_sales: /* {"app": "dbt", "dbt_version": "1.12.0b3", "profile_name": "sales_project", "target_name": "dev", "node_id": "model.sales_project.discount_vs_sales"} */
alter table "sales_db"."public"."discount_vs_sales__dbt_tmp" rename to "discount_vs_sales"
[0m13:10:04.226431 [debug] [Thread-1 (]: SQL status: ALTER TABLE in 0.001 seconds
[0m13:10:04.269264 [debug] [Thread-1 (]: On model.sales_project.discount_vs_sales: COMMIT
[0m13:10:04.270909 [debug] [Thread-1 (]: Using postgres connection "model.sales_project.discount_vs_sales"
[0m13:10:04.271816 [debug] [Thread-1 (]: On model.sales_project.discount_vs_sales: COMMIT
[0m13:10:04.274289 [debug] [Thread-1 (]: SQL status: COMMIT in 0.002 seconds
[0m13:10:04.289705 [debug] [Thread-1 (]: Applying DROP to: "sales_db"."public"."discount_vs_sales__dbt_backup"
[0m13:10:04.302503 [debug] [Thread-1 (]: Using postgres connection "model.sales_project.discount_vs_sales"
[0m13:10:04.303588 [debug] [Thread-1 (]: On model.sales_project.discount_vs_sales: /* {"app": "dbt", "dbt_version": "1.12.0b3", "profile_name": "sales_project", "target_name": "dev", "node_id": "model.sales_project.discount_vs_sales"} */
drop table if exists "sales_db"."public"."discount_vs_sales__dbt_backup" cascade
[0m13:10:04.305145 [debug] [Thread-1 (]: SQL status: DROP TABLE in 0.001 seconds
[0m13:10:04.310429 [debug] [Thread-1 (]: On model.sales_project.discount_vs_sales: Close
[0m13:10:04.315210 [debug] [Thread-1 (]: Sending event: {'category': 'dbt', 'action': 'run_model', 'label': '958da9bb-1b83-45ce-87ac-4c2f52ba86c7', 'context': [<snowplow_tracker.self_describing_json.SelfDescribingJson object at 0x0000024637D4E2D0>]}
[0m13:10:04.316948 [info ] [Thread-1 (]: 1 of 1 OK created sql table model public.discount_vs_sales ..................... [[32mSELECT 1[0m in 0.36s]
[0m13:10:04.321664 [debug] [Thread-1 (]: Finished running node model.sales_project.discount_vs_sales
[0m13:10:04.324164 [debug] [MainThread]: On master: COMMIT
[0m13:10:04.324999 [debug] [MainThread]: Using postgres connection "master"
[0m13:10:04.325711 [debug] [MainThread]: On master: COMMIT
[0m13:10:04.326382 [debug] [MainThread]: Opening a new connection, currently in state closed
[0m13:10:04.400646 [debug] [MainThread]: SQL status: COMMIT in 0.074 seconds
[0m13:10:04.402554 [debug] [MainThread]: On master: Close
[0m13:10:04.403714 [debug] [MainThread]: Connection 'master' was properly closed.
[0m13:10:04.404521 [debug] [MainThread]: Connection 'list_sales_db' was properly closed.
[0m13:10:04.405246 [debug] [MainThread]: Connection 'list_sales_db_public' was properly closed.
[0m13:10:04.405992 [debug] [MainThread]: Connection 'model.sales_project.discount_vs_sales' was properly closed.
[0m13:10:04.406881 [info ] [MainThread]: 
[0m13:10:04.408286 [info ] [MainThread]: Finished running 1 table model in 0 hours 0 minutes and 1.36 seconds (1.36s).
[0m13:10:04.410166 [debug] [MainThread]: Command end result
[0m13:10:04.496430 [debug] [MainThread]: Wrote artifact WritableManifest to D:\Data Analyst\Python\sales_project\target\manifest.json
[0m13:10:04.506665 [debug] [MainThread]: Wrote artifact SemanticManifest to D:\Data Analyst\Python\sales_project\target\semantic_manifest.json
[0m13:10:04.515238 [debug] [MainThread]: Wrote artifact OsiDocument to D:\Data Analyst\Python\sales_project\target\osi_document.json
[0m13:10:04.547424 [debug] [MainThread]: Wrote artifact RunExecutionResult to D:\Data Analyst\Python\sales_project\target\run_results.json
[0m13:10:04.548472 [info ] [MainThread]: 
[0m13:10:04.550949 [info ] [MainThread]: [32mCompleted successfully[0m
[0m13:10:04.563879 [info ] [MainThread]: 
[0m13:10:04.569046 [info ] [MainThread]: Done. PASS=1 WARN=0 ERROR=0 SKIP=0 NO-OP=0 REUSED=0 TOTAL=1
[0m13:10:04.573780 [debug] [MainThread]: Command `dbt run` succeeded at 13:10:04.573460 after 4.81 seconds
[0m13:10:04.574860 [debug] [MainThread]: Sending event: {'category': 'dbt', 'action': 'invocation', 'label': 'end', 'context': [<snowplow_tracker.self_describing_json.SelfDescribingJson object at 0x000002463794AF10>, <snowplow_tracker.self_describing_json.SelfDescribingJson object at 0x0000024637F63110>, <snowplow_tracker.self_describing_json.SelfDescribingJson object at 0x0000024637F632F0>]}
[0m13:10:04.575708 [debug] [MainThread]: Flushing usage events
[0m13:10:04.581211 [debug] [MainThread]: An error was encountered while trying to flush usage events
[0m13:18:41.163059 [debug] [MainThread]: Sending event: {'category': 'dbt', 'action': 'invocation', 'label': 'start', 'context': [<snowplow_tracker.self_describing_json.SelfDescribingJson object at 0x000001AA8869F8C0>, <snowplow_tracker.self_describing_json.SelfDescribingJson object at 0x000001AA8AD0BD90>, <snowplow_tracker.self_describing_json.SelfDescribingJson object at 0x000001AA8AD0B9D0>]}


============================== 13:18:41.172475 | 2b6136f8-558a-435b-a29d-936afefeb46a ==============================
[0m13:18:41.172475 [info ] [MainThread]: Running with dbt=1.12.0-b3
[0m13:18:41.173960 [debug] [MainThread]: running dbt with arguments {'static_parser': 'True', 'no_print': 'None', 'version_check': 'True', 'warn_error_options': 'WarnErrorOptionsV2(error=[], warn=[], silence=[])', 'maximum_seed_size_mib': '1', 'target_path': 'None', 'printer_width': '80', 'write_json': 'True', 'introspect': 'True', 'log_cache_events': 'False', 'empty': 'False', 'cache_selected_only': 'False', 'fail_fast': 'False', 'debug': 'False', 'log_format': 'default', 'partial_parse': 'True', 'send_anonymous_usage_stats': 'True', 'quiet': 'False', 'warn_error': 'None', 'profiles_dir': 'C:\\Users\\Toranj\\.dbt', 'use_colors': 'True', 'indirect_selection': 'eager', 'invocation_command': 'dbt run --select city_analysis', 'use_experimental_parser': 'False', 'log_path': 'D:\\Data Analyst\\Python\\sales_project\\logs'}
[0m13:18:41.800171 [debug] [MainThread]: Sending event: {'category': 'dbt', 'action': 'project_id', 'label': '2b6136f8-558a-435b-a29d-936afefeb46a', 'context': [<snowplow_tracker.self_describing_json.SelfDescribingJson object at 0x000001AA88C276F0>]}
[0m13:18:41.969457 [debug] [MainThread]: Sending event: {'category': 'dbt', 'action': 'adapter_info', 'label': '2b6136f8-558a-435b-a29d-936afefeb46a', 'context': [<snowplow_tracker.self_describing_json.SelfDescribingJson object at 0x000001AA8AB07680>]}
[0m13:18:41.972343 [info ] [MainThread]: Registered adapter: postgres=1.10.1
[0m13:18:42.505417 [debug] [MainThread]: checksum: 1422b360ba387c4a32c0f6c7d0628301536a3df5895ffefc77e86256980727b7, vars: {}, profile: sales_project, target: dev, version: 1.12.0b3
[0m13:18:42.969091 [debug] [MainThread]: Partial parsing enabled: 0 files deleted, 1 files added, 0 files changed.
[0m13:18:42.970256 [debug] [MainThread]: Partial parsing: added file: sales_project://models\marts\city_analysis.sql
[0m13:18:43.687190 [debug] [MainThread]: Sending event: {'category': 'dbt', 'action': 'load_project', 'label': '2b6136f8-558a-435b-a29d-936afefeb46a', 'context': [<snowplow_tracker.self_describing_json.SelfDescribingJson object at 0x000001AA8ADFCF50>]}
[0m13:18:43.880570 [debug] [MainThread]: Wrote artifact WritableManifest to D:\Data Analyst\Python\sales_project\target\manifest.json
[0m13:18:43.889967 [debug] [MainThread]: Wrote artifact SemanticManifest to D:\Data Analyst\Python\sales_project\target\semantic_manifest.json
[0m13:18:43.950680 [debug] [MainThread]: Wrote artifact OsiDocument to D:\Data Analyst\Python\sales_project\target\osi_document.json
[0m13:18:43.979670 [debug] [MainThread]: Sending event: {'category': 'dbt', 'action': 'resource_counts', 'label': '2b6136f8-558a-435b-a29d-936afefeb46a', 'context': [<snowplow_tracker.self_describing_json.SelfDescribingJson object at 0x000001AA8B2F7890>]}
[0m13:18:43.980825 [info ] [MainThread]: Found 18 models, 475 macros
[0m13:18:43.982640 [debug] [MainThread]: Sending event: {'category': 'dbt', 'action': 'runnable_timing', 'label': '2b6136f8-558a-435b-a29d-936afefeb46a', 'context': [<snowplow_tracker.self_describing_json.SelfDescribingJson object at 0x000001AA8B47C670>]}
[0m13:18:43.986450 [info ] [MainThread]: 
[0m13:18:43.987605 [info ] [MainThread]: Concurrency: 4 threads (target='dev')
[0m13:18:43.989826 [info ] [MainThread]: 
[0m13:18:43.992474 [debug] [MainThread]: Acquiring new postgres connection 'master'
[0m13:18:43.995026 [debug] [ThreadPool]: Acquiring new postgres connection 'list_sales_db'
[0m13:18:44.487088 [debug] [ThreadPool]: Using postgres connection "list_sales_db"
[0m13:18:44.487995 [debug] [ThreadPool]: On list_sales_db: /* {"app": "dbt", "dbt_version": "1.12.0b3", "profile_name": "sales_project", "target_name": "dev", "connection_name": "list_sales_db"} */

    select distinct nspname from pg_namespace
  
[0m13:18:44.488729 [debug] [ThreadPool]: Opening a new connection, currently in state init
[0m13:18:44.685150 [debug] [ThreadPool]: SQL status: SELECT 4 in 0.196 seconds
[0m13:18:44.687900 [debug] [ThreadPool]: On list_sales_db: Close
[0m13:18:44.701805 [debug] [ThreadPool]: Acquiring new postgres connection 'list_sales_db_public'
[0m13:18:44.715176 [debug] [ThreadPool]: Using postgres connection "list_sales_db_public"
[0m13:18:44.716121 [debug] [ThreadPool]: On list_sales_db_public: /* {"app": "dbt", "dbt_version": "1.12.0b3", "profile_name": "sales_project", "target_name": "dev", "connection_name": "list_sales_db_public"} */
select
      'sales_db' as database,
      tablename as name,
      schemaname as schema,
      'table' as type
    from pg_tables
    where schemaname ilike 'public'
    union all
    select
      'sales_db' as database,
      viewname as name,
      schemaname as schema,
      'view' as type
    from pg_views
    where schemaname ilike 'public'
    union all
    select
      'sales_db' as database,
      matviewname as name,
      schemaname as schema,
      'materialized_view' as type
    from pg_matviews
    where schemaname ilike 'public'
  
[0m13:18:44.717014 [debug] [ThreadPool]: Opening a new connection, currently in state init
[0m13:18:44.792996 [debug] [ThreadPool]: SQL status: SELECT 19 in 0.076 seconds
[0m13:18:44.796410 [debug] [ThreadPool]: On list_sales_db_public: ROLLBACK
[0m13:18:44.797371 [debug] [ThreadPool]: On list_sales_db_public: Close
[0m13:18:44.816502 [debug] [MainThread]: Using postgres connection "master"
[0m13:18:44.817824 [debug] [MainThread]: On master: /* {"app": "dbt", "dbt_version": "1.12.0b3", "profile_name": "sales_project", "target_name": "dev", "connection_name": "master"} */
select distinct
        dependent_namespace.nspname as dependent_schema,
        dependent_class.relname as dependent_name,
        referenced_namespace.nspname as referenced_schema,
        referenced_class.relname as referenced_name

    -- Query for views: views are entries in pg_class with an entry in pg_rewrite, but we avoid
    -- a seq scan on pg_rewrite by leveraging the fact there is an "internal" row in pg_depend for
    -- the view...
    from pg_class as dependent_class
    join pg_namespace as dependent_namespace on dependent_namespace.oid = dependent_class.relnamespace
    join pg_depend as dependent_depend on dependent_depend.refobjid = dependent_class.oid
        and dependent_depend.classid = 'pg_rewrite'::regclass
        and dependent_depend.refclassid = 'pg_class'::regclass
        and dependent_depend.deptype = 'i'

    -- ... and via pg_depend (that has a row per column, hence the need for "distinct" above, and
    -- making sure to exclude the internal row to avoid a view appearing to depend on itself)...
    join pg_depend as joining_depend on joining_depend.objid = dependent_depend.objid
        and joining_depend.classid = 'pg_rewrite'::regclass
        and joining_depend.refclassid = 'pg_class'::regclass
        and joining_depend.refobjid != dependent_depend.refobjid

    -- ... we can find the tables they query from in pg_class, but excluding system tables. Note we
    -- don't need need to exclude _dependent_ system tables, because they only query from other
    -- system tables, and so are automatically excluded by excluding _referenced_ system tables
    join pg_class as referenced_class on referenced_class.oid = joining_depend.refobjid
    join pg_namespace as referenced_namespace on referenced_namespace.oid = referenced_class.relnamespace
        and referenced_namespace.nspname != 'information_schema'
        and referenced_namespace.nspname not like 'pg\_%'

    order by
        dependent_schema, dependent_name, referenced_schema, referenced_name;
[0m13:18:44.819048 [debug] [MainThread]: Opening a new connection, currently in state init
[0m13:18:44.893203 [debug] [MainThread]: SQL status: SELECT 0 in 0.074 seconds
[0m13:18:44.896655 [debug] [MainThread]: Sending event: {'category': 'dbt', 'action': 'runnable_timing', 'label': '2b6136f8-558a-435b-a29d-936afefeb46a', 'context': [<snowplow_tracker.self_describing_json.SelfDescribingJson object at 0x000001AA8AFF4FC0>]}
[0m13:18:44.897697 [debug] [MainThread]: On master: ROLLBACK
[0m13:18:44.898633 [debug] [MainThread]: On master: COMMIT
[0m13:18:44.899417 [debug] [MainThread]: Using postgres connection "master"
[0m13:18:44.900158 [debug] [MainThread]: On master: COMMIT
[0m13:18:44.901081 [debug] [MainThread]: SQL status: COMMIT in 0.000 seconds
[0m13:18:44.901828 [debug] [MainThread]: On master: Close
[0m13:18:44.910165 [debug] [Thread-1 (]: Began running node model.sales_project.city_analysis
[0m13:18:44.911499 [info ] [Thread-1 (]: 1 of 1 START sql table model public.city_analysis .............................. [RUN]
[0m13:18:44.912902 [debug] [Thread-1 (]: Acquiring new postgres connection 'model.sales_project.city_analysis'
[0m13:18:44.913858 [debug] [Thread-1 (]: Began compiling node model.sales_project.city_analysis
[0m13:18:44.931505 [debug] [Thread-1 (]: Writing injected SQL for node "model.sales_project.city_analysis"
[0m13:18:44.933355 [debug] [Thread-1 (]: Began executing node model.sales_project.city_analysis
[0m13:18:45.053051 [debug] [Thread-1 (]: Writing runtime sql for node "model.sales_project.city_analysis"
[0m13:18:45.055172 [debug] [Thread-1 (]: Using postgres connection "model.sales_project.city_analysis"
[0m13:18:45.056394 [debug] [Thread-1 (]: On model.sales_project.city_analysis: /* {"app": "dbt", "dbt_version": "1.12.0b3", "profile_name": "sales_project", "target_name": "dev", "node_id": "model.sales_project.city_analysis"} */

  
    

  create  table "sales_db"."public"."city_analysis__dbt_tmp"
  
  
    as
  
  (
    WITH city_stats AS (
    SELECT
        city,
        COUNT(DISTINCT customer_id) AS total_customers,
        COUNT(DISTINCT sale_id) AS total_invoices,
        SUM(quantity) AS total_quantity_sold,
        SUM(unit_price * quantity) AS total_revenue,
        ROUND(AVG(unit_price * quantity), 2) AS avg_order_value
    FROM "sales_db"."public"."stg_sales"
    GROUP BY city    
)

SELECT
    city,
    total_customers,
    total_invoices,
    total_quantity_sold,
    total_revenue,
    avg_order_value,
    ROUND(100.0 * total_revenue / SUM(total_revenue) OVER(), 2) AS revenue_percentage
FROM city_stats
ORDER BY total_revenue DESC
  );
  
[0m13:18:45.057404 [debug] [Thread-1 (]: Opening a new connection, currently in state init
[0m13:18:45.366603 [debug] [Thread-1 (]: SQL status: SELECT 32 in 0.309 seconds
[0m13:18:45.389845 [debug] [Thread-1 (]: Using postgres connection "model.sales_project.city_analysis"
[0m13:18:45.391666 [debug] [Thread-1 (]: On model.sales_project.city_analysis: /* {"app": "dbt", "dbt_version": "1.12.0b3", "profile_name": "sales_project", "target_name": "dev", "node_id": "model.sales_project.city_analysis"} */
alter table "sales_db"."public"."city_analysis__dbt_tmp" rename to "city_analysis"
[0m13:18:45.398472 [debug] [Thread-1 (]: SQL status: ALTER TABLE in 0.001 seconds
[0m13:18:45.442587 [debug] [Thread-1 (]: On model.sales_project.city_analysis: COMMIT
[0m13:18:45.443696 [debug] [Thread-1 (]: Using postgres connection "model.sales_project.city_analysis"
[0m13:18:45.444603 [debug] [Thread-1 (]: On model.sales_project.city_analysis: COMMIT
[0m13:18:45.447059 [debug] [Thread-1 (]: SQL status: COMMIT in 0.001 seconds
[0m13:18:45.462218 [debug] [Thread-1 (]: Applying DROP to: "sales_db"."public"."city_analysis__dbt_backup"
[0m13:18:45.474676 [debug] [Thread-1 (]: Using postgres connection "model.sales_project.city_analysis"
[0m13:18:45.476508 [debug] [Thread-1 (]: On model.sales_project.city_analysis: /* {"app": "dbt", "dbt_version": "1.12.0b3", "profile_name": "sales_project", "target_name": "dev", "node_id": "model.sales_project.city_analysis"} */
drop table if exists "sales_db"."public"."city_analysis__dbt_backup" cascade
[0m13:18:45.478248 [debug] [Thread-1 (]: SQL status: DROP TABLE in 0.001 seconds
[0m13:18:45.483639 [debug] [Thread-1 (]: On model.sales_project.city_analysis: Close
[0m13:18:45.488422 [debug] [Thread-1 (]: Sending event: {'category': 'dbt', 'action': 'run_model', 'label': '2b6136f8-558a-435b-a29d-936afefeb46a', 'context': [<snowplow_tracker.self_describing_json.SelfDescribingJson object at 0x000001AA8B606450>]}
[0m13:18:45.490116 [info ] [Thread-1 (]: 1 of 1 OK created sql table model public.city_analysis ......................... [[32mSELECT 32[0m in 0.57s]
[0m13:18:45.493786 [debug] [Thread-1 (]: Finished running node model.sales_project.city_analysis
[0m13:18:45.497052 [debug] [MainThread]: On master: COMMIT
[0m13:18:45.497990 [debug] [MainThread]: Using postgres connection "master"
[0m13:18:45.498754 [debug] [MainThread]: On master: COMMIT
[0m13:18:45.499516 [debug] [MainThread]: Opening a new connection, currently in state closed
[0m13:18:45.569932 [debug] [MainThread]: SQL status: COMMIT in 0.070 seconds
[0m13:18:45.570844 [debug] [MainThread]: On master: Close
[0m13:18:45.571942 [debug] [MainThread]: Connection 'master' was properly closed.
[0m13:18:45.572744 [debug] [MainThread]: Connection 'list_sales_db' was properly closed.
[0m13:18:45.573468 [debug] [MainThread]: Connection 'list_sales_db_public' was properly closed.
[0m13:18:45.574648 [debug] [MainThread]: Connection 'model.sales_project.city_analysis' was properly closed.
[0m13:18:45.576114 [info ] [MainThread]: 
[0m13:18:45.577708 [info ] [MainThread]: Finished running 1 table model in 0 hours 0 minutes and 1.59 seconds (1.59s).
[0m13:18:45.580303 [debug] [MainThread]: Command end result
[0m13:18:45.669173 [debug] [MainThread]: Wrote artifact WritableManifest to D:\Data Analyst\Python\sales_project\target\manifest.json
[0m13:18:45.679855 [debug] [MainThread]: Wrote artifact SemanticManifest to D:\Data Analyst\Python\sales_project\target\semantic_manifest.json
[0m13:18:45.689340 [debug] [MainThread]: Wrote artifact OsiDocument to D:\Data Analyst\Python\sales_project\target\osi_document.json
[0m13:18:45.728348 [debug] [MainThread]: Wrote artifact RunExecutionResult to D:\Data Analyst\Python\sales_project\target\run_results.json
[0m13:18:45.729382 [info ] [MainThread]: 
[0m13:18:45.744258 [info ] [MainThread]: [32mCompleted successfully[0m
[0m13:18:45.746196 [info ] [MainThread]: 
[0m13:18:45.748677 [info ] [MainThread]: Done. PASS=1 WARN=0 ERROR=0 SKIP=0 NO-OP=0 REUSED=0 TOTAL=1
[0m13:18:45.751411 [debug] [MainThread]: Command `dbt run` succeeded at 13:18:45.751107 after 4.94 seconds
[0m13:18:45.752796 [debug] [MainThread]: Sending event: {'category': 'dbt', 'action': 'invocation', 'label': 'end', 'context': [<snowplow_tracker.self_describing_json.SelfDescribingJson object at 0x000001AA8B455700>, <snowplow_tracker.self_describing_json.SelfDescribingJson object at 0x000001AA8B93E490>, <snowplow_tracker.self_describing_json.SelfDescribingJson object at 0x000001AA8B93E350>]}
[0m13:18:45.753808 [debug] [MainThread]: Flushing usage events
[0m13:18:45.764326 [debug] [MainThread]: An error was encountered while trying to flush usage events
[0m13:22:23.785878 [debug] [MainThread]: Sending event: {'category': 'dbt', 'action': 'invocation', 'label': 'start', 'context': [<snowplow_tracker.self_describing_json.SelfDescribingJson object at 0x000001AE7C02F8C0>, <snowplow_tracker.self_describing_json.SelfDescribingJson object at 0x000001AE7E6ABD90>, <snowplow_tracker.self_describing_json.SelfDescribingJson object at 0x000001AE7E6AB9D0>]}


============================== 13:22:23.797687 | 293d0ff3-9996-4288-b244-f1c59df79474 ==============================
[0m13:22:23.797687 [info ] [MainThread]: Running with dbt=1.12.0-b3
[0m13:22:23.799110 [debug] [MainThread]: running dbt with arguments {'version_check': 'True', 'no_print': 'None', 'maximum_seed_size_mib': '1', 'target_path': 'None', 'warn_error_options': 'WarnErrorOptionsV2(error=[], warn=[], silence=[])', 'static_parser': 'True', 'printer_width': '80', 'write_json': 'True', 'introspect': 'True', 'log_cache_events': 'False', 'empty': 'False', 'cache_selected_only': 'False', 'fail_fast': 'False', 'debug': 'False', 'log_format': 'default', 'profiles_dir': 'C:\\Users\\Toranj\\.dbt', 'send_anonymous_usage_stats': 'True', 'quiet': 'False', 'warn_error': 'None', 'partial_parse': 'True', 'use_colors': 'True', 'invocation_command': 'dbt run --select city_platform_analysis', 'indirect_selection': 'eager', 'use_experimental_parser': 'False', 'log_path': 'D:\\Data Analyst\\Python\\sales_project\\logs'}
[0m13:22:24.507554 [debug] [MainThread]: Sending event: {'category': 'dbt', 'action': 'project_id', 'label': '293d0ff3-9996-4288-b244-f1c59df79474', 'context': [<snowplow_tracker.self_describing_json.SelfDescribingJson object at 0x000001AE7C5B36F0>]}
[0m13:22:24.704861 [debug] [MainThread]: Sending event: {'category': 'dbt', 'action': 'adapter_info', 'label': '293d0ff3-9996-4288-b244-f1c59df79474', 'context': [<snowplow_tracker.self_describing_json.SelfDescribingJson object at 0x000001AE7E4A7680>]}
[0m13:22:24.709523 [info ] [MainThread]: Registered adapter: postgres=1.10.1
[0m13:22:25.249026 [debug] [MainThread]: checksum: 1422b360ba387c4a32c0f6c7d0628301536a3df5895ffefc77e86256980727b7, vars: {}, profile: sales_project, target: dev, version: 1.12.0b3
[0m13:22:25.766994 [debug] [MainThread]: Partial parsing enabled: 0 files deleted, 1 files added, 0 files changed.
[0m13:22:25.768199 [debug] [MainThread]: Partial parsing: added file: sales_project://models\marts\city_platform_analysis.sql
[0m13:22:26.504904 [debug] [MainThread]: Sending event: {'category': 'dbt', 'action': 'load_project', 'label': '293d0ff3-9996-4288-b244-f1c59df79474', 'context': [<snowplow_tracker.self_describing_json.SelfDescribingJson object at 0x000001AE7E79CF50>]}
[0m13:22:26.696190 [debug] [MainThread]: Wrote artifact WritableManifest to D:\Data Analyst\Python\sales_project\target\manifest.json
[0m13:22:26.706793 [debug] [MainThread]: Wrote artifact SemanticManifest to D:\Data Analyst\Python\sales_project\target\semantic_manifest.json
[0m13:22:26.769887 [debug] [MainThread]: Wrote artifact OsiDocument to D:\Data Analyst\Python\sales_project\target\osi_document.json
[0m13:22:26.801167 [debug] [MainThread]: Sending event: {'category': 'dbt', 'action': 'resource_counts', 'label': '293d0ff3-9996-4288-b244-f1c59df79474', 'context': [<snowplow_tracker.self_describing_json.SelfDescribingJson object at 0x000001AE7EC0B890>]}
[0m13:22:26.802313 [info ] [MainThread]: Found 19 models, 475 macros
[0m13:22:26.805275 [debug] [MainThread]: Sending event: {'category': 'dbt', 'action': 'runnable_timing', 'label': '293d0ff3-9996-4288-b244-f1c59df79474', 'context': [<snowplow_tracker.self_describing_json.SelfDescribingJson object at 0x000001AE7ED90210>]}
[0m13:22:26.808831 [info ] [MainThread]: 
[0m13:22:26.811131 [info ] [MainThread]: Concurrency: 4 threads (target='dev')
[0m13:22:26.812431 [info ] [MainThread]: 
[0m13:22:26.813744 [debug] [MainThread]: Acquiring new postgres connection 'master'
[0m13:22:26.815556 [debug] [ThreadPool]: Acquiring new postgres connection 'list_sales_db'
[0m13:22:27.290835 [debug] [ThreadPool]: Using postgres connection "list_sales_db"
[0m13:22:27.291973 [debug] [ThreadPool]: On list_sales_db: /* {"app": "dbt", "dbt_version": "1.12.0b3", "profile_name": "sales_project", "target_name": "dev", "connection_name": "list_sales_db"} */

    select distinct nspname from pg_namespace
  
[0m13:22:27.292860 [debug] [ThreadPool]: Opening a new connection, currently in state init
[0m13:22:27.368588 [debug] [ThreadPool]: SQL status: SELECT 4 in 0.076 seconds
[0m13:22:27.372222 [debug] [ThreadPool]: On list_sales_db: Close
[0m13:22:27.391557 [debug] [ThreadPool]: Acquiring new postgres connection 'list_sales_db_public'
[0m13:22:27.406843 [debug] [ThreadPool]: Using postgres connection "list_sales_db_public"
[0m13:22:27.407831 [debug] [ThreadPool]: On list_sales_db_public: /* {"app": "dbt", "dbt_version": "1.12.0b3", "profile_name": "sales_project", "target_name": "dev", "connection_name": "list_sales_db_public"} */
select
      'sales_db' as database,
      tablename as name,
      schemaname as schema,
      'table' as type
    from pg_tables
    where schemaname ilike 'public'
    union all
    select
      'sales_db' as database,
      viewname as name,
      schemaname as schema,
      'view' as type
    from pg_views
    where schemaname ilike 'public'
    union all
    select
      'sales_db' as database,
      matviewname as name,
      schemaname as schema,
      'materialized_view' as type
    from pg_matviews
    where schemaname ilike 'public'
  
[0m13:22:27.408648 [debug] [ThreadPool]: Opening a new connection, currently in state init
[0m13:22:27.484671 [debug] [ThreadPool]: SQL status: SELECT 20 in 0.076 seconds
[0m13:22:27.490246 [debug] [ThreadPool]: On list_sales_db_public: ROLLBACK
[0m13:22:27.491343 [debug] [ThreadPool]: On list_sales_db_public: Close
[0m13:22:27.513404 [debug] [MainThread]: Using postgres connection "master"
[0m13:22:27.514514 [debug] [MainThread]: On master: /* {"app": "dbt", "dbt_version": "1.12.0b3", "profile_name": "sales_project", "target_name": "dev", "connection_name": "master"} */
select distinct
        dependent_namespace.nspname as dependent_schema,
        dependent_class.relname as dependent_name,
        referenced_namespace.nspname as referenced_schema,
        referenced_class.relname as referenced_name

    -- Query for views: views are entries in pg_class with an entry in pg_rewrite, but we avoid
    -- a seq scan on pg_rewrite by leveraging the fact there is an "internal" row in pg_depend for
    -- the view...
    from pg_class as dependent_class
    join pg_namespace as dependent_namespace on dependent_namespace.oid = dependent_class.relnamespace
    join pg_depend as dependent_depend on dependent_depend.refobjid = dependent_class.oid
        and dependent_depend.classid = 'pg_rewrite'::regclass
        and dependent_depend.refclassid = 'pg_class'::regclass
        and dependent_depend.deptype = 'i'

    -- ... and via pg_depend (that has a row per column, hence the need for "distinct" above, and
    -- making sure to exclude the internal row to avoid a view appearing to depend on itself)...
    join pg_depend as joining_depend on joining_depend.objid = dependent_depend.objid
        and joining_depend.classid = 'pg_rewrite'::regclass
        and joining_depend.refclassid = 'pg_class'::regclass
        and joining_depend.refobjid != dependent_depend.refobjid

    -- ... we can find the tables they query from in pg_class, but excluding system tables. Note we
    -- don't need need to exclude _dependent_ system tables, because they only query from other
    -- system tables, and so are automatically excluded by excluding _referenced_ system tables
    join pg_class as referenced_class on referenced_class.oid = joining_depend.refobjid
    join pg_namespace as referenced_namespace on referenced_namespace.oid = referenced_class.relnamespace
        and referenced_namespace.nspname != 'information_schema'
        and referenced_namespace.nspname not like 'pg\_%'

    order by
        dependent_schema, dependent_name, referenced_schema, referenced_name;
[0m13:22:27.515579 [debug] [MainThread]: Opening a new connection, currently in state init
[0m13:22:27.594768 [debug] [MainThread]: SQL status: SELECT 0 in 0.079 seconds
[0m13:22:27.597423 [debug] [MainThread]: Sending event: {'category': 'dbt', 'action': 'runnable_timing', 'label': '293d0ff3-9996-4288-b244-f1c59df79474', 'context': [<snowplow_tracker.self_describing_json.SelfDescribingJson object at 0x000001AE7E775230>]}
[0m13:22:27.598410 [debug] [MainThread]: On master: ROLLBACK
[0m13:22:27.599359 [debug] [MainThread]: On master: COMMIT
[0m13:22:27.600135 [debug] [MainThread]: Using postgres connection "master"
[0m13:22:27.600838 [debug] [MainThread]: On master: COMMIT
[0m13:22:27.601755 [debug] [MainThread]: SQL status: COMMIT in 0.000 seconds
[0m13:22:27.602505 [debug] [MainThread]: On master: Close
[0m13:22:27.612545 [debug] [Thread-1 (]: Began running node model.sales_project.city_platform_analysis
[0m13:22:27.613957 [info ] [Thread-1 (]: 1 of 1 START sql table model public.city_platform_analysis ..................... [RUN]
[0m13:22:27.615506 [debug] [Thread-1 (]: Acquiring new postgres connection 'model.sales_project.city_platform_analysis'
[0m13:22:27.616532 [debug] [Thread-1 (]: Began compiling node model.sales_project.city_platform_analysis
[0m13:22:27.636130 [debug] [Thread-1 (]: Writing injected SQL for node "model.sales_project.city_platform_analysis"
[0m13:22:27.657528 [debug] [Thread-1 (]: Began executing node model.sales_project.city_platform_analysis
[0m13:22:27.777537 [debug] [Thread-1 (]: Writing runtime sql for node "model.sales_project.city_platform_analysis"
[0m13:22:27.779676 [debug] [Thread-1 (]: Using postgres connection "model.sales_project.city_platform_analysis"
[0m13:22:27.780861 [debug] [Thread-1 (]: On model.sales_project.city_platform_analysis: /* {"app": "dbt", "dbt_version": "1.12.0b3", "profile_name": "sales_project", "target_name": "dev", "node_id": "model.sales_project.city_platform_analysis"} */

  
    

  create  table "sales_db"."public"."city_platform_analysis__dbt_tmp"
  
  
    as
  
  (
    SELECT
    city,
    platform,
    COUNT(DISTINCT sale_id) AS total_invoices,
    SUM(unit_price * quantity) AS total_revenue
FROM "sales_db"."public"."stg_sales"
GROUP BY city, platform
ORDER BY city, total_revenue DESC
  );
  
[0m13:22:27.781852 [debug] [Thread-1 (]: Opening a new connection, currently in state init
[0m13:22:28.051943 [debug] [Thread-1 (]: SQL status: SELECT 96 in 0.270 seconds
[0m13:22:28.077902 [debug] [Thread-1 (]: Using postgres connection "model.sales_project.city_platform_analysis"
[0m13:22:28.079103 [debug] [Thread-1 (]: On model.sales_project.city_platform_analysis: /* {"app": "dbt", "dbt_version": "1.12.0b3", "profile_name": "sales_project", "target_name": "dev", "node_id": "model.sales_project.city_platform_analysis"} */
alter table "sales_db"."public"."city_platform_analysis__dbt_tmp" rename to "city_platform_analysis"
[0m13:22:28.088099 [debug] [Thread-1 (]: SQL status: ALTER TABLE in 0.001 seconds
[0m13:22:28.136057 [debug] [Thread-1 (]: On model.sales_project.city_platform_analysis: COMMIT
[0m13:22:28.138594 [debug] [Thread-1 (]: Using postgres connection "model.sales_project.city_platform_analysis"
[0m13:22:28.139625 [debug] [Thread-1 (]: On model.sales_project.city_platform_analysis: COMMIT
[0m13:22:28.142390 [debug] [Thread-1 (]: SQL status: COMMIT in 0.002 seconds
[0m13:22:28.157138 [debug] [Thread-1 (]: Applying DROP to: "sales_db"."public"."city_platform_analysis__dbt_backup"
[0m13:22:28.173661 [debug] [Thread-1 (]: Using postgres connection "model.sales_project.city_platform_analysis"
[0m13:22:28.174777 [debug] [Thread-1 (]: On model.sales_project.city_platform_analysis: /* {"app": "dbt", "dbt_version": "1.12.0b3", "profile_name": "sales_project", "target_name": "dev", "node_id": "model.sales_project.city_platform_analysis"} */
drop table if exists "sales_db"."public"."city_platform_analysis__dbt_backup" cascade
[0m13:22:28.176438 [debug] [Thread-1 (]: SQL status: DROP TABLE in 0.001 seconds
[0m13:22:28.181722 [debug] [Thread-1 (]: On model.sales_project.city_platform_analysis: Close
[0m13:22:28.188044 [debug] [Thread-1 (]: Sending event: {'category': 'dbt', 'action': 'run_model', 'label': '293d0ff3-9996-4288-b244-f1c59df79474', 'context': [<snowplow_tracker.self_describing_json.SelfDescribingJson object at 0x000001AE7EF16210>]}
[0m13:22:28.190349 [info ] [Thread-1 (]: 1 of 1 OK created sql table model public.city_platform_analysis ................ [[32mSELECT 96[0m in 0.57s]
[0m13:22:28.193285 [debug] [Thread-1 (]: Finished running node model.sales_project.city_platform_analysis
[0m13:22:28.195890 [debug] [MainThread]: On master: COMMIT
[0m13:22:28.196780 [debug] [MainThread]: Using postgres connection "master"
[0m13:22:28.197493 [debug] [MainThread]: On master: COMMIT
[0m13:22:28.198206 [debug] [MainThread]: Opening a new connection, currently in state closed
[0m13:22:28.377912 [debug] [MainThread]: SQL status: COMMIT in 0.180 seconds
[0m13:22:28.378818 [debug] [MainThread]: On master: Close
[0m13:22:28.379805 [debug] [MainThread]: Connection 'master' was properly closed.
[0m13:22:28.380600 [debug] [MainThread]: Connection 'list_sales_db' was properly closed.
[0m13:22:28.381351 [debug] [MainThread]: Connection 'list_sales_db_public' was properly closed.
[0m13:22:28.382152 [debug] [MainThread]: Connection 'model.sales_project.city_platform_analysis' was properly closed.
[0m13:22:28.383036 [info ] [MainThread]: 
[0m13:22:28.384886 [info ] [MainThread]: Finished running 1 table model in 0 hours 0 minutes and 1.57 seconds (1.57s).
[0m13:22:28.387586 [debug] [MainThread]: Command end result
[0m13:22:28.482129 [debug] [MainThread]: Wrote artifact WritableManifest to D:\Data Analyst\Python\sales_project\target\manifest.json
[0m13:22:28.492686 [debug] [MainThread]: Wrote artifact SemanticManifest to D:\Data Analyst\Python\sales_project\target\semantic_manifest.json
[0m13:22:28.501429 [debug] [MainThread]: Wrote artifact OsiDocument to D:\Data Analyst\Python\sales_project\target\osi_document.json
[0m13:22:28.523112 [debug] [MainThread]: Wrote artifact RunExecutionResult to D:\Data Analyst\Python\sales_project\target\run_results.json
[0m13:22:28.524098 [info ] [MainThread]: 
[0m13:22:28.525878 [info ] [MainThread]: [32mCompleted successfully[0m
[0m13:22:28.528945 [info ] [MainThread]: 
[0m13:22:28.532772 [info ] [MainThread]: Done. PASS=1 WARN=0 ERROR=0 SKIP=0 NO-OP=0 REUSED=0 TOTAL=1
[0m13:22:28.535842 [debug] [MainThread]: Command `dbt run` succeeded at 13:22:28.535519 after 5.13 seconds
[0m13:22:28.543943 [debug] [MainThread]: Sending event: {'category': 'dbt', 'action': 'invocation', 'label': 'end', 'context': [<snowplow_tracker.self_describing_json.SelfDescribingJson object at 0x000001AE7ED71910>, <snowplow_tracker.self_describing_json.SelfDescribingJson object at 0x000001AE7F1CB1B0>, <snowplow_tracker.self_describing_json.SelfDescribingJson object at 0x000001AE7F1CB390>]}
[0m13:22:28.546886 [debug] [MainThread]: Flushing usage events
[0m13:22:28.553119 [debug] [MainThread]: An error was encountered while trying to flush usage events
[0m10:31:50.569316 [debug] [MainThread]: Sending event: {'category': 'dbt', 'action': 'invocation', 'label': 'start', 'context': [<snowplow_tracker.self_describing_json.SelfDescribingJson object at 0x0000024A9A4BF8C0>, <snowplow_tracker.self_describing_json.SelfDescribingJson object at 0x0000024A9CB3BD90>, <snowplow_tracker.self_describing_json.SelfDescribingJson object at 0x0000024A9CB3B9D0>]}


============================== 10:31:50.600271 | 7d76c9fa-967b-4d0d-9923-22211a1e930c ==============================
[0m10:31:50.600271 [info ] [MainThread]: Running with dbt=1.12.0-b3
[0m10:31:50.602624 [debug] [MainThread]: running dbt with arguments {'static_parser': 'True', 'no_print': 'None', 'version_check': 'True', 'target_path': 'None', 'maximum_seed_size_mib': '1', 'warn_error_options': 'WarnErrorOptionsV2(error=[], warn=[], silence=[])', 'printer_width': '80', 'write_json': 'True', 'empty': 'False', 'log_cache_events': 'False', 'introspect': 'True', 'cache_selected_only': 'False', 'fail_fast': 'False', 'debug': 'False', 'log_format': 'default', 'profiles_dir': 'C:\\Users\\Toranj\\.dbt', 'send_anonymous_usage_stats': 'True', 'quiet': 'False', 'warn_error': 'None', 'partial_parse': 'True', 'invocation_command': 'dbt run --select customer_segments', 'indirect_selection': 'eager', 'use_colors': 'True', 'use_experimental_parser': 'False', 'log_path': 'D:\\Data Analyst\\Python\\sales_project\\logs'}
[0m10:31:51.385012 [debug] [MainThread]: Sending event: {'category': 'dbt', 'action': 'project_id', 'label': '7d76c9fa-967b-4d0d-9923-22211a1e930c', 'context': [<snowplow_tracker.self_describing_json.SelfDescribingJson object at 0x0000024A9AA476F0>]}
[0m10:31:51.573515 [debug] [MainThread]: Sending event: {'category': 'dbt', 'action': 'adapter_info', 'label': '7d76c9fa-967b-4d0d-9923-22211a1e930c', 'context': [<snowplow_tracker.self_describing_json.SelfDescribingJson object at 0x0000024A9C937680>]}
[0m10:31:51.576647 [info ] [MainThread]: Registered adapter: postgres=1.10.1
[0m10:31:52.133315 [debug] [MainThread]: checksum: 1422b360ba387c4a32c0f6c7d0628301536a3df5895ffefc77e86256980727b7, vars: {}, profile: sales_project, target: dev, version: 1.12.0b3
[0m10:31:52.989667 [debug] [MainThread]: Partial parsing enabled: 0 files deleted, 0 files added, 1 files changed.
[0m10:31:52.991071 [debug] [MainThread]: Partial parsing: updated file: sales_project://models\marts\customer_segments.sql
[0m10:31:53.816497 [debug] [MainThread]: Sending event: {'category': 'dbt', 'action': 'load_project', 'label': '7d76c9fa-967b-4d0d-9923-22211a1e930c', 'context': [<snowplow_tracker.self_describing_json.SelfDescribingJson object at 0x0000024A9D171250>]}
[0m10:31:54.020609 [debug] [MainThread]: Wrote artifact WritableManifest to D:\Data Analyst\Python\sales_project\target\manifest.json
[0m10:31:54.035209 [debug] [MainThread]: Wrote artifact SemanticManifest to D:\Data Analyst\Python\sales_project\target\semantic_manifest.json
[0m10:31:54.123210 [debug] [MainThread]: Wrote artifact OsiDocument to D:\Data Analyst\Python\sales_project\target\osi_document.json
[0m10:31:54.174317 [debug] [MainThread]: Sending event: {'category': 'dbt', 'action': 'resource_counts', 'label': '7d76c9fa-967b-4d0d-9923-22211a1e930c', 'context': [<snowplow_tracker.self_describing_json.SelfDescribingJson object at 0x0000024A9D083F20>]}
[0m10:31:54.175555 [info ] [MainThread]: Found 19 models, 475 macros
[0m10:31:54.182568 [debug] [MainThread]: Sending event: {'category': 'dbt', 'action': 'runnable_timing', 'label': '7d76c9fa-967b-4d0d-9923-22211a1e930c', 'context': [<snowplow_tracker.self_describing_json.SelfDescribingJson object at 0x0000024A9D1FFCB0>]}
[0m10:31:54.186465 [info ] [MainThread]: 
[0m10:31:54.202920 [info ] [MainThread]: Concurrency: 4 threads (target='dev')
[0m10:31:54.204045 [info ] [MainThread]: 
[0m10:31:54.205496 [debug] [MainThread]: Acquiring new postgres connection 'master'
[0m10:31:54.208257 [debug] [ThreadPool]: Acquiring new postgres connection 'list_sales_db'
[0m10:31:54.941048 [debug] [ThreadPool]: Using postgres connection "list_sales_db"
[0m10:31:54.942021 [debug] [ThreadPool]: On list_sales_db: /* {"app": "dbt", "dbt_version": "1.12.0b3", "profile_name": "sales_project", "target_name": "dev", "connection_name": "list_sales_db"} */

    select distinct nspname from pg_namespace
  
[0m10:31:54.942877 [debug] [ThreadPool]: Opening a new connection, currently in state init
[0m10:31:55.021263 [debug] [ThreadPool]: SQL status: SELECT 4 in 0.078 seconds
[0m10:31:55.024153 [debug] [ThreadPool]: On list_sales_db: Close
[0m10:31:55.046376 [debug] [ThreadPool]: Acquiring new postgres connection 'list_sales_db_public'
[0m10:31:55.060297 [debug] [ThreadPool]: Using postgres connection "list_sales_db_public"
[0m10:31:55.061305 [debug] [ThreadPool]: On list_sales_db_public: /* {"app": "dbt", "dbt_version": "1.12.0b3", "profile_name": "sales_project", "target_name": "dev", "connection_name": "list_sales_db_public"} */
select
      'sales_db' as database,
      tablename as name,
      schemaname as schema,
      'table' as type
    from pg_tables
    where schemaname ilike 'public'
    union all
    select
      'sales_db' as database,
      viewname as name,
      schemaname as schema,
      'view' as type
    from pg_views
    where schemaname ilike 'public'
    union all
    select
      'sales_db' as database,
      matviewname as name,
      schemaname as schema,
      'materialized_view' as type
    from pg_matviews
    where schemaname ilike 'public'
  
[0m10:31:55.062513 [debug] [ThreadPool]: Opening a new connection, currently in state init
[0m10:31:55.149636 [debug] [ThreadPool]: SQL status: SELECT 21 in 0.087 seconds
[0m10:31:55.154155 [debug] [ThreadPool]: On list_sales_db_public: ROLLBACK
[0m10:31:55.155306 [debug] [ThreadPool]: On list_sales_db_public: Close
[0m10:31:55.177702 [debug] [MainThread]: Using postgres connection "master"
[0m10:31:55.178871 [debug] [MainThread]: On master: /* {"app": "dbt", "dbt_version": "1.12.0b3", "profile_name": "sales_project", "target_name": "dev", "connection_name": "master"} */
select distinct
        dependent_namespace.nspname as dependent_schema,
        dependent_class.relname as dependent_name,
        referenced_namespace.nspname as referenced_schema,
        referenced_class.relname as referenced_name

    -- Query for views: views are entries in pg_class with an entry in pg_rewrite, but we avoid
    -- a seq scan on pg_rewrite by leveraging the fact there is an "internal" row in pg_depend for
    -- the view...
    from pg_class as dependent_class
    join pg_namespace as dependent_namespace on dependent_namespace.oid = dependent_class.relnamespace
    join pg_depend as dependent_depend on dependent_depend.refobjid = dependent_class.oid
        and dependent_depend.classid = 'pg_rewrite'::regclass
        and dependent_depend.refclassid = 'pg_class'::regclass
        and dependent_depend.deptype = 'i'

    -- ... and via pg_depend (that has a row per column, hence the need for "distinct" above, and
    -- making sure to exclude the internal row to avoid a view appearing to depend on itself)...
    join pg_depend as joining_depend on joining_depend.objid = dependent_depend.objid
        and joining_depend.classid = 'pg_rewrite'::regclass
        and joining_depend.refclassid = 'pg_class'::regclass
        and joining_depend.refobjid != dependent_depend.refobjid

    -- ... we can find the tables they query from in pg_class, but excluding system tables. Note we
    -- don't need need to exclude _dependent_ system tables, because they only query from other
    -- system tables, and so are automatically excluded by excluding _referenced_ system tables
    join pg_class as referenced_class on referenced_class.oid = joining_depend.refobjid
    join pg_namespace as referenced_namespace on referenced_namespace.oid = referenced_class.relnamespace
        and referenced_namespace.nspname != 'information_schema'
        and referenced_namespace.nspname not like 'pg\_%'

    order by
        dependent_schema, dependent_name, referenced_schema, referenced_name;
[0m10:31:55.180177 [debug] [MainThread]: Opening a new connection, currently in state init
[0m10:31:55.261762 [debug] [MainThread]: SQL status: SELECT 0 in 0.082 seconds
[0m10:31:55.264452 [debug] [MainThread]: Sending event: {'category': 'dbt', 'action': 'runnable_timing', 'label': '7d76c9fa-967b-4d0d-9923-22211a1e930c', 'context': [<snowplow_tracker.self_describing_json.SelfDescribingJson object at 0x0000024A9CD74FC0>]}
[0m10:31:55.265487 [debug] [MainThread]: On master: ROLLBACK
[0m10:31:55.266405 [debug] [MainThread]: On master: COMMIT
[0m10:31:55.267131 [debug] [MainThread]: Using postgres connection "master"
[0m10:31:55.267816 [debug] [MainThread]: On master: COMMIT
[0m10:31:55.268696 [debug] [MainThread]: SQL status: COMMIT in 0.000 seconds
[0m10:31:55.269459 [debug] [MainThread]: On master: Close
[0m10:31:55.280211 [debug] [Thread-1 (]: Began running node model.sales_project.customer_segments
[0m10:31:55.281565 [info ] [Thread-1 (]: 1 of 1 START sql table model public.customer_segments .......................... [RUN]
[0m10:31:55.283071 [debug] [Thread-1 (]: Acquiring new postgres connection 'model.sales_project.customer_segments'
[0m10:31:55.284054 [debug] [Thread-1 (]: Began compiling node model.sales_project.customer_segments
[0m10:31:55.302330 [debug] [Thread-1 (]: Writing injected SQL for node "model.sales_project.customer_segments"
[0m10:31:55.305096 [debug] [Thread-1 (]: Began executing node model.sales_project.customer_segments
[0m10:31:55.431753 [debug] [Thread-1 (]: Writing runtime sql for node "model.sales_project.customer_segments"
[0m10:31:55.433761 [debug] [Thread-1 (]: Using postgres connection "model.sales_project.customer_segments"
[0m10:31:55.434909 [debug] [Thread-1 (]: On model.sales_project.customer_segments: /* {"app": "dbt", "dbt_version": "1.12.0b3", "profile_name": "sales_project", "target_name": "dev", "node_id": "model.sales_project.customer_segments"} */

  
    

  create  table "sales_db"."public"."customer_segments__dbt_tmp"
  
  
    as
  
  (
    WITH customer_spending AS (
    SELECT *
    FROM customers_spending
)
SELECT
    c.customer_id,
    COALESCE(cs.total_orders,0) AS total_orders,
    COALESCE(cs.total_spent,0) AS total_spent,
    CASE 
        WHEN COALESCE(cs.total_spent,0) > 500 THEN 'High Value'
        WHEN COALESCE(cs.total_spent,0) > 200 THEN 'Medium Value'  
        ELSE 'Low Value' 
    END AS customer_segment
FROM "sales_db"."public"."stg_customers" c 
LEFT JOIN "sales_db"."public"."customers_spending" cs USING (customer_id)
  );
  
[0m10:31:55.435982 [debug] [Thread-1 (]: Opening a new connection, currently in state init
[0m10:31:55.888328 [debug] [Thread-1 (]: SQL status: SELECT 601 in 0.452 seconds
[0m10:31:55.912327 [debug] [Thread-1 (]: Using postgres connection "model.sales_project.customer_segments"
[0m10:31:55.913480 [debug] [Thread-1 (]: On model.sales_project.customer_segments: /* {"app": "dbt", "dbt_version": "1.12.0b3", "profile_name": "sales_project", "target_name": "dev", "node_id": "model.sales_project.customer_segments"} */
alter table "sales_db"."public"."customer_segments" rename to "customer_segments__dbt_backup"
[0m10:31:55.915065 [debug] [Thread-1 (]: SQL status: ALTER TABLE in 0.001 seconds
[0m10:31:55.921397 [debug] [Thread-1 (]: Using postgres connection "model.sales_project.customer_segments"
[0m10:31:55.922743 [debug] [Thread-1 (]: On model.sales_project.customer_segments: /* {"app": "dbt", "dbt_version": "1.12.0b3", "profile_name": "sales_project", "target_name": "dev", "node_id": "model.sales_project.customer_segments"} */
alter table "sales_db"."public"."customer_segments__dbt_tmp" rename to "customer_segments"
[0m10:31:55.924444 [debug] [Thread-1 (]: SQL status: ALTER TABLE in 0.001 seconds
[0m10:31:55.971819 [debug] [Thread-1 (]: On model.sales_project.customer_segments: COMMIT
[0m10:31:55.972962 [debug] [Thread-1 (]: Using postgres connection "model.sales_project.customer_segments"
[0m10:31:55.973967 [debug] [Thread-1 (]: On model.sales_project.customer_segments: COMMIT
[0m10:31:55.976515 [debug] [Thread-1 (]: SQL status: COMMIT in 0.001 seconds
[0m10:31:55.991844 [debug] [Thread-1 (]: Applying DROP to: "sales_db"."public"."customer_segments__dbt_backup"
[0m10:31:56.006090 [debug] [Thread-1 (]: Using postgres connection "model.sales_project.customer_segments"
[0m10:31:56.007219 [debug] [Thread-1 (]: On model.sales_project.customer_segments: /* {"app": "dbt", "dbt_version": "1.12.0b3", "profile_name": "sales_project", "target_name": "dev", "node_id": "model.sales_project.customer_segments"} */
drop table if exists "sales_db"."public"."customer_segments__dbt_backup" cascade
[0m10:31:56.072117 [debug] [Thread-1 (]: SQL status: DROP TABLE in 0.064 seconds
[0m10:31:56.078010 [debug] [Thread-1 (]: On model.sales_project.customer_segments: Close
[0m10:31:56.083308 [debug] [Thread-1 (]: Sending event: {'category': 'dbt', 'action': 'run_model', 'label': '7d76c9fa-967b-4d0d-9923-22211a1e930c', 'context': [<snowplow_tracker.self_describing_json.SelfDescribingJson object at 0x0000024A9D395FD0>]}
[0m10:31:56.084981 [info ] [Thread-1 (]: 1 of 1 OK created sql table model public.customer_segments ..................... [[32mSELECT 601[0m in 0.80s]
[0m10:31:56.087525 [debug] [Thread-1 (]: Finished running node model.sales_project.customer_segments
[0m10:31:56.090052 [debug] [MainThread]: On master: COMMIT
[0m10:31:56.091003 [debug] [MainThread]: Using postgres connection "master"
[0m10:31:56.091840 [debug] [MainThread]: On master: COMMIT
[0m10:31:56.092617 [debug] [MainThread]: Opening a new connection, currently in state closed
[0m10:31:56.192367 [debug] [MainThread]: SQL status: COMMIT in 0.100 seconds
[0m10:31:56.193602 [debug] [MainThread]: On master: Close
[0m10:31:56.194680 [debug] [MainThread]: Connection 'master' was properly closed.
[0m10:31:56.195440 [debug] [MainThread]: Connection 'list_sales_db' was properly closed.
[0m10:31:56.196118 [debug] [MainThread]: Connection 'list_sales_db_public' was properly closed.
[0m10:31:56.196890 [debug] [MainThread]: Connection 'model.sales_project.customer_segments' was properly closed.
[0m10:31:56.197779 [info ] [MainThread]: 
[0m10:31:56.199145 [info ] [MainThread]: Finished running 1 table model in 0 hours 0 minutes and 1.99 seconds (1.99s).
[0m10:31:56.200961 [debug] [MainThread]: Command end result
[0m10:31:56.802357 [debug] [MainThread]: Wrote artifact WritableManifest to D:\Data Analyst\Python\sales_project\target\manifest.json
[0m10:31:56.833162 [debug] [MainThread]: Wrote artifact SemanticManifest to D:\Data Analyst\Python\sales_project\target\semantic_manifest.json
[0m10:31:56.842761 [debug] [MainThread]: Wrote artifact OsiDocument to D:\Data Analyst\Python\sales_project\target\osi_document.json
[0m10:31:56.869099 [debug] [MainThread]: Wrote artifact RunExecutionResult to D:\Data Analyst\Python\sales_project\target\run_results.json
[0m10:31:56.870288 [info ] [MainThread]: 
[0m10:31:56.872600 [info ] [MainThread]: [32mCompleted successfully[0m
[0m10:31:57.001430 [info ] [MainThread]: 
[0m10:31:57.204852 [info ] [MainThread]: Done. PASS=1 WARN=0 ERROR=0 SKIP=0 NO-OP=0 REUSED=0 TOTAL=1
[0m10:31:57.207663 [debug] [MainThread]: Command `dbt run` succeeded at 10:31:57.207335 after 7.03 seconds
[0m10:31:57.208587 [debug] [MainThread]: Sending event: {'category': 'dbt', 'action': 'invocation', 'label': 'end', 'context': [<snowplow_tracker.self_describing_json.SelfDescribingJson object at 0x0000024A9D36B5F0>, <snowplow_tracker.self_describing_json.SelfDescribingJson object at 0x0000024A97FEB2F0>, <snowplow_tracker.self_describing_json.SelfDescribingJson object at 0x0000024A9D77B6B0>]}
[0m10:31:57.211996 [debug] [MainThread]: Flushing usage events
[0m10:31:57.223232 [debug] [MainThread]: An error was encountered while trying to flush usage events
[0m10:38:23.017051 [debug] [MainThread]: Sending event: {'category': 'dbt', 'action': 'invocation', 'label': 'start', 'context': [<snowplow_tracker.self_describing_json.SelfDescribingJson object at 0x00000201CA2CF8C0>, <snowplow_tracker.self_describing_json.SelfDescribingJson object at 0x00000201CC93BD90>, <snowplow_tracker.self_describing_json.SelfDescribingJson object at 0x00000201CC93B9D0>]}


============================== 10:38:23.027277 | e71dbb32-b429-4074-866b-469d2428f72c ==============================
[0m10:38:23.027277 [info ] [MainThread]: Running with dbt=1.12.0-b3
[0m10:38:23.028711 [debug] [MainThread]: running dbt with arguments {'static_parser': 'True', 'no_print': 'None', 'maximum_seed_size_mib': '1', 'warn_error_options': 'WarnErrorOptionsV2(error=[], warn=[], silence=[])', 'target_path': 'None', 'version_check': 'True', 'printer_width': '80', 'write_json': 'True', 'introspect': 'True', 'log_cache_events': 'False', 'empty': 'False', 'cache_selected_only': 'False', 'fail_fast': 'False', 'debug': 'False', 'log_format': 'default', 'profiles_dir': 'C:\\Users\\Toranj\\.dbt', 'send_anonymous_usage_stats': 'True', 'quiet': 'False', 'warn_error': 'None', 'partial_parse': 'True', 'indirect_selection': 'eager', 'use_colors': 'True', 'invocation_command': 'dbt run --select customer_segments', 'use_experimental_parser': 'False', 'log_path': 'D:\\Data Analyst\\Python\\sales_project\\logs'}
[0m10:38:23.816947 [debug] [MainThread]: Sending event: {'category': 'dbt', 'action': 'project_id', 'label': 'e71dbb32-b429-4074-866b-469d2428f72c', 'context': [<snowplow_tracker.self_describing_json.SelfDescribingJson object at 0x00000201CA8536F0>]}
[0m10:38:24.059229 [debug] [MainThread]: Sending event: {'category': 'dbt', 'action': 'adapter_info', 'label': 'e71dbb32-b429-4074-866b-469d2428f72c', 'context': [<snowplow_tracker.self_describing_json.SelfDescribingJson object at 0x00000201CC737680>]}
[0m10:38:24.066006 [info ] [MainThread]: Registered adapter: postgres=1.10.1
[0m10:38:24.828431 [debug] [MainThread]: checksum: 1422b360ba387c4a32c0f6c7d0628301536a3df5895ffefc77e86256980727b7, vars: {}, profile: sales_project, target: dev, version: 1.12.0b3
[0m10:38:25.462247 [debug] [MainThread]: Partial parsing enabled: 0 files deleted, 0 files added, 1 files changed.
[0m10:38:25.463592 [debug] [MainThread]: Partial parsing: updated file: sales_project://models\marts\customer_segments.sql
[0m10:38:26.288548 [debug] [MainThread]: Sending event: {'category': 'dbt', 'action': 'load_project', 'label': 'e71dbb32-b429-4074-866b-469d2428f72c', 'context': [<snowplow_tracker.self_describing_json.SelfDescribingJson object at 0x00000201CCF89450>]}
[0m10:38:26.604101 [debug] [MainThread]: Wrote artifact WritableManifest to D:\Data Analyst\Python\sales_project\target\manifest.json
[0m10:38:26.613501 [debug] [MainThread]: Wrote artifact SemanticManifest to D:\Data Analyst\Python\sales_project\target\semantic_manifest.json
[0m10:38:26.686879 [debug] [MainThread]: Wrote artifact OsiDocument to D:\Data Analyst\Python\sales_project\target\osi_document.json
[0m10:38:26.724077 [debug] [MainThread]: Sending event: {'category': 'dbt', 'action': 'resource_counts', 'label': 'e71dbb32-b429-4074-866b-469d2428f72c', 'context': [<snowplow_tracker.self_describing_json.SelfDescribingJson object at 0x00000201CCE8FF20>]}
[0m10:38:26.725464 [info ] [MainThread]: Found 19 models, 475 macros
[0m10:38:26.727299 [debug] [MainThread]: Sending event: {'category': 'dbt', 'action': 'runnable_timing', 'label': 'e71dbb32-b429-4074-866b-469d2428f72c', 'context': [<snowplow_tracker.self_describing_json.SelfDescribingJson object at 0x00000201CD00FCB0>]}
[0m10:38:26.730973 [info ] [MainThread]: 
[0m10:38:26.734035 [info ] [MainThread]: Concurrency: 4 threads (target='dev')
[0m10:38:26.746212 [info ] [MainThread]: 
[0m10:38:26.749427 [debug] [MainThread]: Acquiring new postgres connection 'master'
[0m10:38:26.778782 [debug] [ThreadPool]: Acquiring new postgres connection 'list_sales_db'
[0m10:38:27.306605 [debug] [ThreadPool]: Using postgres connection "list_sales_db"
[0m10:38:27.307521 [debug] [ThreadPool]: On list_sales_db: /* {"app": "dbt", "dbt_version": "1.12.0b3", "profile_name": "sales_project", "target_name": "dev", "connection_name": "list_sales_db"} */

    select distinct nspname from pg_namespace
  
[0m10:38:27.308246 [debug] [ThreadPool]: Opening a new connection, currently in state init
[0m10:38:27.505671 [debug] [ThreadPool]: SQL status: SELECT 4 in 0.197 seconds
[0m10:38:27.508694 [debug] [ThreadPool]: On list_sales_db: Close
[0m10:38:27.527417 [debug] [ThreadPool]: Acquiring new postgres connection 'list_sales_db_public'
[0m10:38:27.545055 [debug] [ThreadPool]: Using postgres connection "list_sales_db_public"
[0m10:38:27.545998 [debug] [ThreadPool]: On list_sales_db_public: /* {"app": "dbt", "dbt_version": "1.12.0b3", "profile_name": "sales_project", "target_name": "dev", "connection_name": "list_sales_db_public"} */
select
      'sales_db' as database,
      tablename as name,
      schemaname as schema,
      'table' as type
    from pg_tables
    where schemaname ilike 'public'
    union all
    select
      'sales_db' as database,
      viewname as name,
      schemaname as schema,
      'view' as type
    from pg_views
    where schemaname ilike 'public'
    union all
    select
      'sales_db' as database,
      matviewname as name,
      schemaname as schema,
      'materialized_view' as type
    from pg_matviews
    where schemaname ilike 'public'
  
[0m10:38:27.546915 [debug] [ThreadPool]: Opening a new connection, currently in state init
[0m10:38:27.646265 [debug] [ThreadPool]: SQL status: SELECT 21 in 0.099 seconds
[0m10:38:27.650765 [debug] [ThreadPool]: On list_sales_db_public: ROLLBACK
[0m10:38:27.654463 [debug] [ThreadPool]: On list_sales_db_public: Close
[0m10:38:27.681958 [debug] [MainThread]: Using postgres connection "master"
[0m10:38:27.683053 [debug] [MainThread]: On master: /* {"app": "dbt", "dbt_version": "1.12.0b3", "profile_name": "sales_project", "target_name": "dev", "connection_name": "master"} */
select distinct
        dependent_namespace.nspname as dependent_schema,
        dependent_class.relname as dependent_name,
        referenced_namespace.nspname as referenced_schema,
        referenced_class.relname as referenced_name

    -- Query for views: views are entries in pg_class with an entry in pg_rewrite, but we avoid
    -- a seq scan on pg_rewrite by leveraging the fact there is an "internal" row in pg_depend for
    -- the view...
    from pg_class as dependent_class
    join pg_namespace as dependent_namespace on dependent_namespace.oid = dependent_class.relnamespace
    join pg_depend as dependent_depend on dependent_depend.refobjid = dependent_class.oid
        and dependent_depend.classid = 'pg_rewrite'::regclass
        and dependent_depend.refclassid = 'pg_class'::regclass
        and dependent_depend.deptype = 'i'

    -- ... and via pg_depend (that has a row per column, hence the need for "distinct" above, and
    -- making sure to exclude the internal row to avoid a view appearing to depend on itself)...
    join pg_depend as joining_depend on joining_depend.objid = dependent_depend.objid
        and joining_depend.classid = 'pg_rewrite'::regclass
        and joining_depend.refclassid = 'pg_class'::regclass
        and joining_depend.refobjid != dependent_depend.refobjid

    -- ... we can find the tables they query from in pg_class, but excluding system tables. Note we
    -- don't need need to exclude _dependent_ system tables, because they only query from other
    -- system tables, and so are automatically excluded by excluding _referenced_ system tables
    join pg_class as referenced_class on referenced_class.oid = joining_depend.refobjid
    join pg_namespace as referenced_namespace on referenced_namespace.oid = referenced_class.relnamespace
        and referenced_namespace.nspname != 'information_schema'
        and referenced_namespace.nspname not like 'pg\_%'

    order by
        dependent_schema, dependent_name, referenced_schema, referenced_name;
[0m10:38:27.683958 [debug] [MainThread]: Opening a new connection, currently in state init
[0m10:38:27.789662 [debug] [MainThread]: SQL status: SELECT 0 in 0.106 seconds
[0m10:38:27.792504 [debug] [MainThread]: Sending event: {'category': 'dbt', 'action': 'runnable_timing', 'label': 'e71dbb32-b429-4074-866b-469d2428f72c', 'context': [<snowplow_tracker.self_describing_json.SelfDescribingJson object at 0x00000201CCB74FC0>]}
[0m10:38:27.793575 [debug] [MainThread]: On master: ROLLBACK
[0m10:38:27.794501 [debug] [MainThread]: On master: COMMIT
[0m10:38:27.795298 [debug] [MainThread]: Using postgres connection "master"
[0m10:38:27.796007 [debug] [MainThread]: On master: COMMIT
[0m10:38:27.796902 [debug] [MainThread]: SQL status: COMMIT in 0.000 seconds
[0m10:38:27.797627 [debug] [MainThread]: On master: Close
[0m10:38:27.810295 [debug] [Thread-1 (]: Began running node model.sales_project.customer_segments
[0m10:38:27.811710 [info ] [Thread-1 (]: 1 of 1 START sql table model public.customer_segments .......................... [RUN]
[0m10:38:27.813853 [debug] [Thread-1 (]: Acquiring new postgres connection 'model.sales_project.customer_segments'
[0m10:38:27.814889 [debug] [Thread-1 (]: Began compiling node model.sales_project.customer_segments
[0m10:38:27.844823 [debug] [Thread-1 (]: Writing injected SQL for node "model.sales_project.customer_segments"
[0m10:38:27.846559 [debug] [Thread-1 (]: Began executing node model.sales_project.customer_segments
[0m10:38:27.997283 [debug] [Thread-1 (]: Writing runtime sql for node "model.sales_project.customer_segments"
[0m10:38:27.999166 [debug] [Thread-1 (]: Using postgres connection "model.sales_project.customer_segments"
[0m10:38:28.000344 [debug] [Thread-1 (]: On model.sales_project.customer_segments: /* {"app": "dbt", "dbt_version": "1.12.0b3", "profile_name": "sales_project", "target_name": "dev", "node_id": "model.sales_project.customer_segments"} */

  
    

  create  table "sales_db"."public"."customer_segments__dbt_tmp"
  
  
    as
  
  (
    WITH customer_spending AS (
    SELECT *
    FROM customers_spending
)
SELECT
    c.customer_id,
    COALESCE(cs.total_orders,0) AS total_orders,
    COALESCE(cs.total_spent,0) AS total_spent,
    CASE 
        WHEN COALESCE(cs.total_spent,0) > 100000000 THEN 'High Value'
        WHEN COALESCE(cs.total_spent,0) > 50000000 THEN 'Medium Value'  
        ELSE 'Low Value' 
    END AS customer_segment
FROM "sales_db"."public"."stg_customers" c 
LEFT JOIN "sales_db"."public"."customers_spending" cs USING (customer_id)
  );
  
[0m10:38:28.001452 [debug] [Thread-1 (]: Opening a new connection, currently in state init
[0m10:38:28.085753 [debug] [Thread-1 (]: SQL status: SELECT 601 in 0.084 seconds
[0m10:38:28.113459 [debug] [Thread-1 (]: Using postgres connection "model.sales_project.customer_segments"
[0m10:38:28.114680 [debug] [Thread-1 (]: On model.sales_project.customer_segments: /* {"app": "dbt", "dbt_version": "1.12.0b3", "profile_name": "sales_project", "target_name": "dev", "node_id": "model.sales_project.customer_segments"} */
alter table "sales_db"."public"."customer_segments" rename to "customer_segments__dbt_backup"
[0m10:38:28.116202 [debug] [Thread-1 (]: SQL status: ALTER TABLE in 0.001 seconds
[0m10:38:28.123448 [debug] [Thread-1 (]: Using postgres connection "model.sales_project.customer_segments"
[0m10:38:28.124480 [debug] [Thread-1 (]: On model.sales_project.customer_segments: /* {"app": "dbt", "dbt_version": "1.12.0b3", "profile_name": "sales_project", "target_name": "dev", "node_id": "model.sales_project.customer_segments"} */
alter table "sales_db"."public"."customer_segments__dbt_tmp" rename to "customer_segments"
[0m10:38:28.126208 [debug] [Thread-1 (]: SQL status: ALTER TABLE in 0.001 seconds
[0m10:38:28.184199 [debug] [Thread-1 (]: On model.sales_project.customer_segments: COMMIT
[0m10:38:28.187589 [debug] [Thread-1 (]: Using postgres connection "model.sales_project.customer_segments"
[0m10:38:28.188904 [debug] [Thread-1 (]: On model.sales_project.customer_segments: COMMIT
[0m10:38:28.191723 [debug] [Thread-1 (]: SQL status: COMMIT in 0.002 seconds
[0m10:38:28.208960 [debug] [Thread-1 (]: Applying DROP to: "sales_db"."public"."customer_segments__dbt_backup"
[0m10:38:28.225060 [debug] [Thread-1 (]: Using postgres connection "model.sales_project.customer_segments"
[0m10:38:28.226102 [debug] [Thread-1 (]: On model.sales_project.customer_segments: /* {"app": "dbt", "dbt_version": "1.12.0b3", "profile_name": "sales_project", "target_name": "dev", "node_id": "model.sales_project.customer_segments"} */
drop table if exists "sales_db"."public"."customer_segments__dbt_backup" cascade
[0m10:38:28.232842 [debug] [Thread-1 (]: SQL status: DROP TABLE in 0.006 seconds
[0m10:38:28.239276 [debug] [Thread-1 (]: On model.sales_project.customer_segments: Close
[0m10:38:28.244207 [debug] [Thread-1 (]: Sending event: {'category': 'dbt', 'action': 'run_model', 'label': 'e71dbb32-b429-4074-866b-469d2428f72c', 'context': [<snowplow_tracker.self_describing_json.SelfDescribingJson object at 0x00000201CD186090>]}
[0m10:38:28.246005 [info ] [Thread-1 (]: 1 of 1 OK created sql table model public.customer_segments ..................... [[32mSELECT 601[0m in 0.43s]
[0m10:38:28.248286 [debug] [Thread-1 (]: Finished running node model.sales_project.customer_segments
[0m10:38:28.251080 [debug] [MainThread]: On master: COMMIT
[0m10:38:28.253583 [debug] [MainThread]: Using postgres connection "master"
[0m10:38:28.254503 [debug] [MainThread]: On master: COMMIT
[0m10:38:28.255496 [debug] [MainThread]: Opening a new connection, currently in state closed
[0m10:38:28.345314 [debug] [MainThread]: SQL status: COMMIT in 0.090 seconds
[0m10:38:28.346264 [debug] [MainThread]: On master: Close
[0m10:38:28.347420 [debug] [MainThread]: Connection 'master' was properly closed.
[0m10:38:28.348233 [debug] [MainThread]: Connection 'list_sales_db' was properly closed.
[0m10:38:28.349003 [debug] [MainThread]: Connection 'list_sales_db_public' was properly closed.
[0m10:38:28.349870 [debug] [MainThread]: Connection 'model.sales_project.customer_segments' was properly closed.
[0m10:38:28.350733 [info ] [MainThread]: 
[0m10:38:28.364802 [info ] [MainThread]: Finished running 1 table model in 0 hours 0 minutes and 1.60 seconds (1.60s).
[0m10:38:28.367589 [debug] [MainThread]: Command end result
[0m10:38:28.573421 [debug] [MainThread]: Wrote artifact WritableManifest to D:\Data Analyst\Python\sales_project\target\manifest.json
[0m10:38:28.584257 [debug] [MainThread]: Wrote artifact SemanticManifest to D:\Data Analyst\Python\sales_project\target\semantic_manifest.json
[0m10:38:28.596632 [debug] [MainThread]: Wrote artifact OsiDocument to D:\Data Analyst\Python\sales_project\target\osi_document.json
[0m10:38:28.640830 [debug] [MainThread]: Wrote artifact RunExecutionResult to D:\Data Analyst\Python\sales_project\target\run_results.json
[0m10:38:28.641714 [info ] [MainThread]: 
[0m10:38:28.642938 [info ] [MainThread]: [32mCompleted successfully[0m
[0m10:38:28.644168 [info ] [MainThread]: 
[0m10:38:28.646154 [info ] [MainThread]: Done. PASS=1 WARN=0 ERROR=0 SKIP=0 NO-OP=0 REUSED=0 TOTAL=1
[0m10:38:28.663792 [debug] [MainThread]: Command `dbt run` succeeded at 10:38:28.662093 after 6.03 seconds
[0m10:38:28.664969 [debug] [MainThread]: Sending event: {'category': 'dbt', 'action': 'invocation', 'label': 'end', 'context': [<snowplow_tracker.self_describing_json.SelfDescribingJson object at 0x00000201CD177EE0>, <snowplow_tracker.self_describing_json.SelfDescribingJson object at 0x00000201C7DFB2F0>, <snowplow_tracker.self_describing_json.SelfDescribingJson object at 0x00000201CD58B6B0>]}
[0m10:38:28.665993 [debug] [MainThread]: Flushing usage events
[0m10:38:28.676917 [debug] [MainThread]: An error was encountered while trying to flush usage events
[0m11:07:48.307779 [debug] [MainThread]: Sending event: {'category': 'dbt', 'action': 'invocation', 'label': 'start', 'context': [<snowplow_tracker.self_describing_json.SelfDescribingJson object at 0x000002264D9BF8C0>, <snowplow_tracker.self_describing_json.SelfDescribingJson object at 0x000002265003BD90>, <snowplow_tracker.self_describing_json.SelfDescribingJson object at 0x000002265003B9D0>]}


============================== 11:07:48.317694 | 81a1b52c-fe0d-4f80-80d0-d3d84b14ccab ==============================
[0m11:07:48.317694 [info ] [MainThread]: Running with dbt=1.12.0-b3
[0m11:07:48.320749 [debug] [MainThread]: running dbt with arguments {'static_parser': 'True', 'no_print': 'None', 'version_check': 'True', 'target_path': 'None', 'warn_error_options': 'WarnErrorOptionsV2(error=[], warn=[], silence=[])', 'maximum_seed_size_mib': '1', 'printer_width': '80', 'write_json': 'True', 'introspect': 'True', 'log_cache_events': 'False', 'empty': 'False', 'cache_selected_only': 'False', 'fail_fast': 'False', 'debug': 'False', 'log_format': 'default', 'partial_parse': 'True', 'send_anonymous_usage_stats': 'True', 'quiet': 'False', 'warn_error': 'None', 'profiles_dir': 'C:\\Users\\Toranj\\.dbt', 'invocation_command': 'dbt run --select weekday_analysis', 'use_colors': 'True', 'indirect_selection': 'eager', 'use_experimental_parser': 'False', 'log_path': 'D:\\Data Analyst\\Python\\sales_project\\logs'}
[0m11:07:48.974001 [debug] [MainThread]: Sending event: {'category': 'dbt', 'action': 'project_id', 'label': '81a1b52c-fe0d-4f80-80d0-d3d84b14ccab', 'context': [<snowplow_tracker.self_describing_json.SelfDescribingJson object at 0x000002264DF436F0>]}
[0m11:07:49.173206 [debug] [MainThread]: Sending event: {'category': 'dbt', 'action': 'adapter_info', 'label': '81a1b52c-fe0d-4f80-80d0-d3d84b14ccab', 'context': [<snowplow_tracker.self_describing_json.SelfDescribingJson object at 0x000002264FE37680>]}
[0m11:07:49.176583 [info ] [MainThread]: Registered adapter: postgres=1.10.1
[0m11:07:49.898118 [debug] [MainThread]: checksum: 1422b360ba387c4a32c0f6c7d0628301536a3df5895ffefc77e86256980727b7, vars: {}, profile: sales_project, target: dev, version: 1.12.0b3
[0m11:07:50.402650 [debug] [MainThread]: Partial parsing enabled: 0 files deleted, 0 files added, 1 files changed.
[0m11:07:50.404224 [debug] [MainThread]: Partial parsing: updated file: sales_project://models\marts\weekday_analysis.sql
[0m11:07:51.153633 [debug] [MainThread]: Sending event: {'category': 'dbt', 'action': 'load_project', 'label': '81a1b52c-fe0d-4f80-80d0-d3d84b14ccab', 'context': [<snowplow_tracker.self_describing_json.SelfDescribingJson object at 0x0000022650130F50>]}
[0m11:07:51.341475 [debug] [MainThread]: Wrote artifact WritableManifest to D:\Data Analyst\Python\sales_project\target\manifest.json
[0m11:07:51.351546 [debug] [MainThread]: Wrote artifact SemanticManifest to D:\Data Analyst\Python\sales_project\target\semantic_manifest.json
[0m11:07:51.414365 [debug] [MainThread]: Wrote artifact OsiDocument to D:\Data Analyst\Python\sales_project\target\osi_document.json
[0m11:07:51.446008 [debug] [MainThread]: Sending event: {'category': 'dbt', 'action': 'resource_counts', 'label': '81a1b52c-fe0d-4f80-80d0-d3d84b14ccab', 'context': [<snowplow_tracker.self_describing_json.SelfDescribingJson object at 0x000002265061F890>]}
[0m11:07:51.447154 [info ] [MainThread]: Found 19 models, 475 macros
[0m11:07:51.448491 [debug] [MainThread]: Sending event: {'category': 'dbt', 'action': 'runnable_timing', 'label': '81a1b52c-fe0d-4f80-80d0-d3d84b14ccab', 'context': [<snowplow_tracker.self_describing_json.SelfDescribingJson object at 0x000002265079DB70>]}
[0m11:07:51.452858 [info ] [MainThread]: 
[0m11:07:51.455019 [info ] [MainThread]: Concurrency: 4 threads (target='dev')
[0m11:07:51.456840 [info ] [MainThread]: 
[0m11:07:51.458820 [debug] [MainThread]: Acquiring new postgres connection 'master'
[0m11:07:51.472135 [debug] [ThreadPool]: Acquiring new postgres connection 'list_sales_db'
[0m11:07:51.940284 [debug] [ThreadPool]: Using postgres connection "list_sales_db"
[0m11:07:51.941257 [debug] [ThreadPool]: On list_sales_db: /* {"app": "dbt", "dbt_version": "1.12.0b3", "profile_name": "sales_project", "target_name": "dev", "connection_name": "list_sales_db"} */

    select distinct nspname from pg_namespace
  
[0m11:07:51.941987 [debug] [ThreadPool]: Opening a new connection, currently in state init
[0m11:07:52.018856 [debug] [ThreadPool]: SQL status: SELECT 4 in 0.077 seconds
[0m11:07:52.021911 [debug] [ThreadPool]: On list_sales_db: Close
[0m11:07:52.041420 [debug] [ThreadPool]: Acquiring new postgres connection 'list_sales_db_public'
[0m11:07:52.055890 [debug] [ThreadPool]: Using postgres connection "list_sales_db_public"
[0m11:07:52.056838 [debug] [ThreadPool]: On list_sales_db_public: /* {"app": "dbt", "dbt_version": "1.12.0b3", "profile_name": "sales_project", "target_name": "dev", "connection_name": "list_sales_db_public"} */
select
      'sales_db' as database,
      tablename as name,
      schemaname as schema,
      'table' as type
    from pg_tables
    where schemaname ilike 'public'
    union all
    select
      'sales_db' as database,
      viewname as name,
      schemaname as schema,
      'view' as type
    from pg_views
    where schemaname ilike 'public'
    union all
    select
      'sales_db' as database,
      matviewname as name,
      schemaname as schema,
      'materialized_view' as type
    from pg_matviews
    where schemaname ilike 'public'
  
[0m11:07:52.057711 [debug] [ThreadPool]: Opening a new connection, currently in state init
[0m11:07:52.240527 [debug] [ThreadPool]: SQL status: SELECT 21 in 0.183 seconds
[0m11:07:52.244010 [debug] [ThreadPool]: On list_sales_db_public: ROLLBACK
[0m11:07:52.245069 [debug] [ThreadPool]: On list_sales_db_public: Close
[0m11:07:52.265617 [debug] [MainThread]: Using postgres connection "master"
[0m11:07:52.267739 [debug] [MainThread]: On master: /* {"app": "dbt", "dbt_version": "1.12.0b3", "profile_name": "sales_project", "target_name": "dev", "connection_name": "master"} */
select distinct
        dependent_namespace.nspname as dependent_schema,
        dependent_class.relname as dependent_name,
        referenced_namespace.nspname as referenced_schema,
        referenced_class.relname as referenced_name

    -- Query for views: views are entries in pg_class with an entry in pg_rewrite, but we avoid
    -- a seq scan on pg_rewrite by leveraging the fact there is an "internal" row in pg_depend for
    -- the view...
    from pg_class as dependent_class
    join pg_namespace as dependent_namespace on dependent_namespace.oid = dependent_class.relnamespace
    join pg_depend as dependent_depend on dependent_depend.refobjid = dependent_class.oid
        and dependent_depend.classid = 'pg_rewrite'::regclass
        and dependent_depend.refclassid = 'pg_class'::regclass
        and dependent_depend.deptype = 'i'

    -- ... and via pg_depend (that has a row per column, hence the need for "distinct" above, and
    -- making sure to exclude the internal row to avoid a view appearing to depend on itself)...
    join pg_depend as joining_depend on joining_depend.objid = dependent_depend.objid
        and joining_depend.classid = 'pg_rewrite'::regclass
        and joining_depend.refclassid = 'pg_class'::regclass
        and joining_depend.refobjid != dependent_depend.refobjid

    -- ... we can find the tables they query from in pg_class, but excluding system tables. Note we
    -- don't need need to exclude _dependent_ system tables, because they only query from other
    -- system tables, and so are automatically excluded by excluding _referenced_ system tables
    join pg_class as referenced_class on referenced_class.oid = joining_depend.refobjid
    join pg_namespace as referenced_namespace on referenced_namespace.oid = referenced_class.relnamespace
        and referenced_namespace.nspname != 'information_schema'
        and referenced_namespace.nspname not like 'pg\_%'

    order by
        dependent_schema, dependent_name, referenced_schema, referenced_name;
[0m11:07:52.268848 [debug] [MainThread]: Opening a new connection, currently in state init
[0m11:07:52.343858 [debug] [MainThread]: SQL status: SELECT 0 in 0.075 seconds
[0m11:07:52.346529 [debug] [MainThread]: Sending event: {'category': 'dbt', 'action': 'runnable_timing', 'label': '81a1b52c-fe0d-4f80-80d0-d3d84b14ccab', 'context': [<snowplow_tracker.self_describing_json.SelfDescribingJson object at 0x0000022650105230>]}
[0m11:07:52.347631 [debug] [MainThread]: On master: ROLLBACK
[0m11:07:52.348647 [debug] [MainThread]: On master: COMMIT
[0m11:07:52.349472 [debug] [MainThread]: Using postgres connection "master"
[0m11:07:52.350364 [debug] [MainThread]: On master: COMMIT
[0m11:07:52.351712 [debug] [MainThread]: SQL status: COMMIT in 0.000 seconds
[0m11:07:52.352605 [debug] [MainThread]: On master: Close
[0m11:07:52.360362 [debug] [Thread-1 (]: Began running node model.sales_project.weekday_analysis
[0m11:07:52.361754 [info ] [Thread-1 (]: 1 of 1 START sql table model public.weekday_analysis ........................... [RUN]
[0m11:07:52.363578 [debug] [Thread-1 (]: Acquiring new postgres connection 'model.sales_project.weekday_analysis'
[0m11:07:52.364615 [debug] [Thread-1 (]: Began compiling node model.sales_project.weekday_analysis
[0m11:07:52.381470 [debug] [Thread-1 (]: Writing injected SQL for node "model.sales_project.weekday_analysis"
[0m11:07:52.385254 [debug] [Thread-1 (]: Began executing node model.sales_project.weekday_analysis
[0m11:07:52.517674 [debug] [Thread-1 (]: Writing runtime sql for node "model.sales_project.weekday_analysis"
[0m11:07:52.520400 [debug] [Thread-1 (]: Using postgres connection "model.sales_project.weekday_analysis"
[0m11:07:52.521494 [debug] [Thread-1 (]: On model.sales_project.weekday_analysis: /* {"app": "dbt", "dbt_version": "1.12.0b3", "profile_name": "sales_project", "target_name": "dev", "node_id": "model.sales_project.weekday_analysis"} */

  
    

  create  table "sales_db"."public"."weekday_analysis__dbt_tmp"
  
  
    as
  
  (
    SELECT
    EXTRACT(dow FROM sale_date) AS day_number,
    TO_CHAR(sale_date, 'Day') AS day_name,
    COUNT(DISTINCT sale_id) AS total_invoices,
    SUM(unit_price * quantity) AS total_revenue
FROM "sales_db"."public"."stg_sales"
GROUP BY day_number, day_name
ORDER BY day_number
  );
  
[0m11:07:52.522408 [debug] [Thread-1 (]: Opening a new connection, currently in state init
[0m11:07:52.986318 [debug] [Thread-1 (]: SQL status: SELECT 7 in 0.464 seconds
[0m11:07:53.009226 [debug] [Thread-1 (]: Using postgres connection "model.sales_project.weekday_analysis"
[0m11:07:53.010273 [debug] [Thread-1 (]: On model.sales_project.weekday_analysis: /* {"app": "dbt", "dbt_version": "1.12.0b3", "profile_name": "sales_project", "target_name": "dev", "node_id": "model.sales_project.weekday_analysis"} */
alter table "sales_db"."public"."weekday_analysis" rename to "weekday_analysis__dbt_backup"
[0m11:07:53.011900 [debug] [Thread-1 (]: SQL status: ALTER TABLE in 0.001 seconds
[0m11:07:53.019114 [debug] [Thread-1 (]: Using postgres connection "model.sales_project.weekday_analysis"
[0m11:07:53.020367 [debug] [Thread-1 (]: On model.sales_project.weekday_analysis: /* {"app": "dbt", "dbt_version": "1.12.0b3", "profile_name": "sales_project", "target_name": "dev", "node_id": "model.sales_project.weekday_analysis"} */
alter table "sales_db"."public"."weekday_analysis__dbt_tmp" rename to "weekday_analysis"
[0m11:07:53.022037 [debug] [Thread-1 (]: SQL status: ALTER TABLE in 0.001 seconds
[0m11:07:53.070794 [debug] [Thread-1 (]: On model.sales_project.weekday_analysis: COMMIT
[0m11:07:53.071868 [debug] [Thread-1 (]: Using postgres connection "model.sales_project.weekday_analysis"
[0m11:07:53.072724 [debug] [Thread-1 (]: On model.sales_project.weekday_analysis: COMMIT
[0m11:07:53.075061 [debug] [Thread-1 (]: SQL status: COMMIT in 0.001 seconds
[0m11:07:53.090898 [debug] [Thread-1 (]: Applying DROP to: "sales_db"."public"."weekday_analysis__dbt_backup"
[0m11:07:53.104200 [debug] [Thread-1 (]: Using postgres connection "model.sales_project.weekday_analysis"
[0m11:07:53.105327 [debug] [Thread-1 (]: On model.sales_project.weekday_analysis: /* {"app": "dbt", "dbt_version": "1.12.0b3", "profile_name": "sales_project", "target_name": "dev", "node_id": "model.sales_project.weekday_analysis"} */
drop table if exists "sales_db"."public"."weekday_analysis__dbt_backup" cascade
[0m11:07:53.112134 [debug] [Thread-1 (]: SQL status: DROP TABLE in 0.006 seconds
[0m11:07:53.117858 [debug] [Thread-1 (]: On model.sales_project.weekday_analysis: Close
[0m11:07:53.122809 [debug] [Thread-1 (]: Sending event: {'category': 'dbt', 'action': 'run_model', 'label': '81a1b52c-fe0d-4f80-80d0-d3d84b14ccab', 'context': [<snowplow_tracker.self_describing_json.SelfDescribingJson object at 0x0000022650915E50>]}
[0m11:07:53.124503 [info ] [Thread-1 (]: 1 of 1 OK created sql table model public.weekday_analysis ...................... [[32mSELECT 7[0m in 0.76s]
[0m11:07:53.127374 [debug] [Thread-1 (]: Finished running node model.sales_project.weekday_analysis
[0m11:07:53.130082 [debug] [MainThread]: On master: COMMIT
[0m11:07:53.131127 [debug] [MainThread]: Using postgres connection "master"
[0m11:07:53.131887 [debug] [MainThread]: On master: COMMIT
[0m11:07:53.132567 [debug] [MainThread]: Opening a new connection, currently in state closed
[0m11:07:53.218629 [debug] [MainThread]: SQL status: COMMIT in 0.086 seconds
[0m11:07:53.219585 [debug] [MainThread]: On master: Close
[0m11:07:53.220773 [debug] [MainThread]: Connection 'master' was properly closed.
[0m11:07:53.221578 [debug] [MainThread]: Connection 'list_sales_db' was properly closed.
[0m11:07:53.222261 [debug] [MainThread]: Connection 'list_sales_db_public' was properly closed.
[0m11:07:53.222950 [debug] [MainThread]: Connection 'model.sales_project.weekday_analysis' was properly closed.
[0m11:07:53.223695 [info ] [MainThread]: 
[0m11:07:53.225268 [info ] [MainThread]: Finished running 1 table model in 0 hours 0 minutes and 1.77 seconds (1.77s).
[0m11:07:53.228244 [debug] [MainThread]: Command end result
[0m11:07:53.317241 [debug] [MainThread]: Wrote artifact WritableManifest to D:\Data Analyst\Python\sales_project\target\manifest.json
[0m11:07:53.326504 [debug] [MainThread]: Wrote artifact SemanticManifest to D:\Data Analyst\Python\sales_project\target\semantic_manifest.json
[0m11:07:53.337550 [debug] [MainThread]: Wrote artifact OsiDocument to D:\Data Analyst\Python\sales_project\target\osi_document.json
[0m11:07:53.359491 [debug] [MainThread]: Wrote artifact RunExecutionResult to D:\Data Analyst\Python\sales_project\target\run_results.json
[0m11:07:53.372630 [info ] [MainThread]: 
[0m11:07:53.374004 [info ] [MainThread]: [32mCompleted successfully[0m
[0m11:07:53.375212 [info ] [MainThread]: 
[0m11:07:53.376296 [info ] [MainThread]: Done. PASS=1 WARN=0 ERROR=0 SKIP=0 NO-OP=0 REUSED=0 TOTAL=1
[0m11:07:53.378733 [debug] [MainThread]: Command `dbt run` succeeded at 11:07:53.378463 after 5.45 seconds
[0m11:07:53.379585 [debug] [MainThread]: Sending event: {'category': 'dbt', 'action': 'invocation', 'label': 'end', 'context': [<snowplow_tracker.self_describing_json.SelfDescribingJson object at 0x00000226508DF330>, <snowplow_tracker.self_describing_json.SelfDescribingJson object at 0x0000022650CCA0D0>, <snowplow_tracker.self_describing_json.SelfDescribingJson object at 0x0000022650CCAA30>]}
[0m11:07:53.380508 [debug] [MainThread]: Flushing usage events
[0m11:07:53.391042 [debug] [MainThread]: An error was encountered while trying to flush usage events
[0m11:26:15.368717 [debug] [MainThread]: Sending event: {'category': 'dbt', 'action': 'invocation', 'label': 'start', 'context': [<snowplow_tracker.self_describing_json.SelfDescribingJson object at 0x000001DC278DF8C0>, <snowplow_tracker.self_describing_json.SelfDescribingJson object at 0x000001DC29F5BD90>, <snowplow_tracker.self_describing_json.SelfDescribingJson object at 0x000001DC29F5B9D0>]}


============================== 11:26:15.377982 | ba860829-6495-4790-b2ed-f2e30da012c6 ==============================
[0m11:26:15.377982 [info ] [MainThread]: Running with dbt=1.12.0-b3
[0m11:26:15.380345 [debug] [MainThread]: running dbt with arguments {'maximum_seed_size_mib': '1', 'no_print': 'None', 'static_parser': 'True', 'target_path': 'None', 'version_check': 'True', 'warn_error_options': 'WarnErrorOptionsV2(error=[], warn=[], silence=[])', 'printer_width': '80', 'write_json': 'True', 'empty': 'False', 'log_cache_events': 'False', 'introspect': 'True', 'cache_selected_only': 'False', 'log_format': 'default', 'debug': 'False', 'fail_fast': 'False', 'partial_parse': 'True', 'send_anonymous_usage_stats': 'True', 'quiet': 'False', 'warn_error': 'None', 'profiles_dir': 'C:\\Users\\Toranj\\.dbt', 'use_colors': 'True', 'invocation_command': 'dbt run --select city_analysis', 'indirect_selection': 'eager', 'use_experimental_parser': 'False', 'log_path': 'D:\\Data Analyst\\Python\\sales_project\\logs'}
[0m11:26:16.036401 [debug] [MainThread]: Sending event: {'category': 'dbt', 'action': 'project_id', 'label': 'ba860829-6495-4790-b2ed-f2e30da012c6', 'context': [<snowplow_tracker.self_describing_json.SelfDescribingJson object at 0x000001DC27E676F0>]}
[0m11:26:16.225031 [debug] [MainThread]: Sending event: {'category': 'dbt', 'action': 'adapter_info', 'label': 'ba860829-6495-4790-b2ed-f2e30da012c6', 'context': [<snowplow_tracker.self_describing_json.SelfDescribingJson object at 0x000001DC29D57680>]}
[0m11:26:16.227853 [info ] [MainThread]: Registered adapter: postgres=1.10.1
[0m11:26:16.788543 [debug] [MainThread]: checksum: 1422b360ba387c4a32c0f6c7d0628301536a3df5895ffefc77e86256980727b7, vars: {}, profile: sales_project, target: dev, version: 1.12.0b3
[0m11:26:17.272127 [debug] [MainThread]: Partial parsing enabled: 0 files deleted, 0 files added, 1 files changed.
[0m11:26:17.273475 [debug] [MainThread]: Partial parsing: updated file: sales_project://models\marts\city_analysis.sql
[0m11:26:18.026257 [debug] [MainThread]: Sending event: {'category': 'dbt', 'action': 'load_project', 'label': 'ba860829-6495-4790-b2ed-f2e30da012c6', 'context': [<snowplow_tracker.self_describing_json.SelfDescribingJson object at 0x000001DC2A050F50>]}
[0m11:26:18.221773 [debug] [MainThread]: Wrote artifact WritableManifest to D:\Data Analyst\Python\sales_project\target\manifest.json
[0m11:26:18.232465 [debug] [MainThread]: Wrote artifact SemanticManifest to D:\Data Analyst\Python\sales_project\target\semantic_manifest.json
[0m11:26:18.293381 [debug] [MainThread]: Wrote artifact OsiDocument to D:\Data Analyst\Python\sales_project\target\osi_document.json
[0m11:26:18.324519 [debug] [MainThread]: Sending event: {'category': 'dbt', 'action': 'resource_counts', 'label': 'ba860829-6495-4790-b2ed-f2e30da012c6', 'context': [<snowplow_tracker.self_describing_json.SelfDescribingJson object at 0x000001DC2A4FF890>]}
[0m11:26:18.325676 [info ] [MainThread]: Found 19 models, 475 macros
[0m11:26:18.327496 [debug] [MainThread]: Sending event: {'category': 'dbt', 'action': 'runnable_timing', 'label': 'ba860829-6495-4790-b2ed-f2e30da012c6', 'context': [<snowplow_tracker.self_describing_json.SelfDescribingJson object at 0x000001DC2A67DB70>]}
[0m11:26:18.331397 [info ] [MainThread]: 
[0m11:26:18.333539 [info ] [MainThread]: Concurrency: 4 threads (target='dev')
[0m11:26:18.335622 [info ] [MainThread]: 
[0m11:26:18.337750 [debug] [MainThread]: Acquiring new postgres connection 'master'
[0m11:26:18.339722 [debug] [ThreadPool]: Acquiring new postgres connection 'list_sales_db'
[0m11:26:18.811688 [debug] [ThreadPool]: Using postgres connection "list_sales_db"
[0m11:26:18.812926 [debug] [ThreadPool]: On list_sales_db: /* {"app": "dbt", "dbt_version": "1.12.0b3", "profile_name": "sales_project", "target_name": "dev", "connection_name": "list_sales_db"} */

    select distinct nspname from pg_namespace
  
[0m11:26:18.813960 [debug] [ThreadPool]: Opening a new connection, currently in state init
[0m11:26:18.890019 [debug] [ThreadPool]: SQL status: SELECT 4 in 0.076 seconds
[0m11:26:18.892920 [debug] [ThreadPool]: On list_sales_db: Close
[0m11:26:18.937329 [debug] [ThreadPool]: Acquiring new postgres connection 'list_sales_db_public'
[0m11:26:18.953705 [debug] [ThreadPool]: Using postgres connection "list_sales_db_public"
[0m11:26:18.954694 [debug] [ThreadPool]: On list_sales_db_public: /* {"app": "dbt", "dbt_version": "1.12.0b3", "profile_name": "sales_project", "target_name": "dev", "connection_name": "list_sales_db_public"} */
select
      'sales_db' as database,
      tablename as name,
      schemaname as schema,
      'table' as type
    from pg_tables
    where schemaname ilike 'public'
    union all
    select
      'sales_db' as database,
      viewname as name,
      schemaname as schema,
      'view' as type
    from pg_views
    where schemaname ilike 'public'
    union all
    select
      'sales_db' as database,
      matviewname as name,
      schemaname as schema,
      'materialized_view' as type
    from pg_matviews
    where schemaname ilike 'public'
  
[0m11:26:18.955707 [debug] [ThreadPool]: Opening a new connection, currently in state init
[0m11:26:19.030887 [debug] [ThreadPool]: SQL status: SELECT 21 in 0.075 seconds
[0m11:26:19.034477 [debug] [ThreadPool]: On list_sales_db_public: ROLLBACK
[0m11:26:19.035581 [debug] [ThreadPool]: On list_sales_db_public: Close
[0m11:26:19.055713 [debug] [MainThread]: Using postgres connection "master"
[0m11:26:19.057626 [debug] [MainThread]: On master: /* {"app": "dbt", "dbt_version": "1.12.0b3", "profile_name": "sales_project", "target_name": "dev", "connection_name": "master"} */
select distinct
        dependent_namespace.nspname as dependent_schema,
        dependent_class.relname as dependent_name,
        referenced_namespace.nspname as referenced_schema,
        referenced_class.relname as referenced_name

    -- Query for views: views are entries in pg_class with an entry in pg_rewrite, but we avoid
    -- a seq scan on pg_rewrite by leveraging the fact there is an "internal" row in pg_depend for
    -- the view...
    from pg_class as dependent_class
    join pg_namespace as dependent_namespace on dependent_namespace.oid = dependent_class.relnamespace
    join pg_depend as dependent_depend on dependent_depend.refobjid = dependent_class.oid
        and dependent_depend.classid = 'pg_rewrite'::regclass
        and dependent_depend.refclassid = 'pg_class'::regclass
        and dependent_depend.deptype = 'i'

    -- ... and via pg_depend (that has a row per column, hence the need for "distinct" above, and
    -- making sure to exclude the internal row to avoid a view appearing to depend on itself)...
    join pg_depend as joining_depend on joining_depend.objid = dependent_depend.objid
        and joining_depend.classid = 'pg_rewrite'::regclass
        and joining_depend.refclassid = 'pg_class'::regclass
        and joining_depend.refobjid != dependent_depend.refobjid

    -- ... we can find the tables they query from in pg_class, but excluding system tables. Note we
    -- don't need need to exclude _dependent_ system tables, because they only query from other
    -- system tables, and so are automatically excluded by excluding _referenced_ system tables
    join pg_class as referenced_class on referenced_class.oid = joining_depend.refobjid
    join pg_namespace as referenced_namespace on referenced_namespace.oid = referenced_class.relnamespace
        and referenced_namespace.nspname != 'information_schema'
        and referenced_namespace.nspname not like 'pg\_%'

    order by
        dependent_schema, dependent_name, referenced_schema, referenced_name;
[0m11:26:19.058559 [debug] [MainThread]: Opening a new connection, currently in state init
[0m11:26:19.134079 [debug] [MainThread]: SQL status: SELECT 0 in 0.075 seconds
[0m11:26:19.136647 [debug] [MainThread]: Sending event: {'category': 'dbt', 'action': 'runnable_timing', 'label': 'ba860829-6495-4790-b2ed-f2e30da012c6', 'context': [<snowplow_tracker.self_describing_json.SelfDescribingJson object at 0x000001DC2A025230>]}
[0m11:26:19.137638 [debug] [MainThread]: On master: ROLLBACK
[0m11:26:19.138554 [debug] [MainThread]: On master: COMMIT
[0m11:26:19.139298 [debug] [MainThread]: Using postgres connection "master"
[0m11:26:19.140005 [debug] [MainThread]: On master: COMMIT
[0m11:26:19.141126 [debug] [MainThread]: SQL status: COMMIT in 0.000 seconds
[0m11:26:19.142003 [debug] [MainThread]: On master: Close
[0m11:26:19.155726 [debug] [Thread-1 (]: Began running node model.sales_project.city_analysis
[0m11:26:19.156991 [info ] [Thread-1 (]: 1 of 1 START sql table model public.city_analysis .............................. [RUN]
[0m11:26:19.158475 [debug] [Thread-1 (]: Acquiring new postgres connection 'model.sales_project.city_analysis'
[0m11:26:19.159693 [debug] [Thread-1 (]: Began compiling node model.sales_project.city_analysis
[0m11:26:19.187885 [debug] [Thread-1 (]: Writing injected SQL for node "model.sales_project.city_analysis"
[0m11:26:19.189966 [debug] [Thread-1 (]: Began executing node model.sales_project.city_analysis
[0m11:26:19.307609 [debug] [Thread-1 (]: Writing runtime sql for node "model.sales_project.city_analysis"
[0m11:26:19.309626 [debug] [Thread-1 (]: Using postgres connection "model.sales_project.city_analysis"
[0m11:26:19.310928 [debug] [Thread-1 (]: On model.sales_project.city_analysis: /* {"app": "dbt", "dbt_version": "1.12.0b3", "profile_name": "sales_project", "target_name": "dev", "node_id": "model.sales_project.city_analysis"} */

  
    

  create  table "sales_db"."public"."city_analysis__dbt_tmp"
  
  
    as
  
  (
    WITH city_stats AS (
    SELECT
        city,
        COUNT(DISTINCT customer_id) AS total_customers,
        COUNT(DISTINCT sale_id) AS total_invoices,
        SUM(quantity) AS total_quantity_sold,
        SUM(unit_price * quantity) AS total_revenue,
        ROUND(AVG(unit_price * quantity), 2) AS avg_order_value
    FROM "sales_db"."public"."stg_sales"
    GROUP BY city    
)

SELECT
    COALESCE(city,'Unknown') AS city,
    total_customers,
    total_invoices,
    total_quantity_sold,
    total_revenue,
    avg_order_value,
    ROUND(100.0 * total_revenue / SUM(total_revenue) OVER(), 2) AS revenue_percentage
FROM city_stats
ORDER BY total_revenue DESC
  );
  
[0m11:26:19.312242 [debug] [Thread-1 (]: Opening a new connection, currently in state init
[0m11:26:19.620094 [debug] [Thread-1 (]: SQL status: SELECT 32 in 0.308 seconds
[0m11:26:19.643201 [debug] [Thread-1 (]: Using postgres connection "model.sales_project.city_analysis"
[0m11:26:19.644324 [debug] [Thread-1 (]: On model.sales_project.city_analysis: /* {"app": "dbt", "dbt_version": "1.12.0b3", "profile_name": "sales_project", "target_name": "dev", "node_id": "model.sales_project.city_analysis"} */
alter table "sales_db"."public"."city_analysis" rename to "city_analysis__dbt_backup"
[0m11:26:19.646457 [debug] [Thread-1 (]: SQL status: ALTER TABLE in 0.001 seconds
[0m11:26:19.655243 [debug] [Thread-1 (]: Using postgres connection "model.sales_project.city_analysis"
[0m11:26:19.656268 [debug] [Thread-1 (]: On model.sales_project.city_analysis: /* {"app": "dbt", "dbt_version": "1.12.0b3", "profile_name": "sales_project", "target_name": "dev", "node_id": "model.sales_project.city_analysis"} */
alter table "sales_db"."public"."city_analysis__dbt_tmp" rename to "city_analysis"
[0m11:26:19.657950 [debug] [Thread-1 (]: SQL status: ALTER TABLE in 0.001 seconds
[0m11:26:19.707321 [debug] [Thread-1 (]: On model.sales_project.city_analysis: COMMIT
[0m11:26:19.708819 [debug] [Thread-1 (]: Using postgres connection "model.sales_project.city_analysis"
[0m11:26:19.709746 [debug] [Thread-1 (]: On model.sales_project.city_analysis: COMMIT
[0m11:26:19.713070 [debug] [Thread-1 (]: SQL status: COMMIT in 0.002 seconds
[0m11:26:19.729128 [debug] [Thread-1 (]: Applying DROP to: "sales_db"."public"."city_analysis__dbt_backup"
[0m11:26:19.742149 [debug] [Thread-1 (]: Using postgres connection "model.sales_project.city_analysis"
[0m11:26:19.743295 [debug] [Thread-1 (]: On model.sales_project.city_analysis: /* {"app": "dbt", "dbt_version": "1.12.0b3", "profile_name": "sales_project", "target_name": "dev", "node_id": "model.sales_project.city_analysis"} */
drop table if exists "sales_db"."public"."city_analysis__dbt_backup" cascade
[0m11:26:19.761166 [debug] [Thread-1 (]: SQL status: DROP TABLE in 0.017 seconds
[0m11:26:19.767120 [debug] [Thread-1 (]: On model.sales_project.city_analysis: Close
[0m11:26:19.771899 [debug] [Thread-1 (]: Sending event: {'category': 'dbt', 'action': 'run_model', 'label': 'ba860829-6495-4790-b2ed-f2e30da012c6', 'context': [<snowplow_tracker.self_describing_json.SelfDescribingJson object at 0x000001DC2A7C1C10>]}
[0m11:26:19.773549 [info ] [Thread-1 (]: 1 of 1 OK created sql table model public.city_analysis ......................... [[32mSELECT 32[0m in 0.61s]
[0m11:26:19.775628 [debug] [Thread-1 (]: Finished running node model.sales_project.city_analysis
[0m11:26:19.778473 [debug] [MainThread]: On master: COMMIT
[0m11:26:19.779504 [debug] [MainThread]: Using postgres connection "master"
[0m11:26:19.780296 [debug] [MainThread]: On master: COMMIT
[0m11:26:19.781193 [debug] [MainThread]: Opening a new connection, currently in state closed
[0m11:26:19.859614 [debug] [MainThread]: SQL status: COMMIT in 0.078 seconds
[0m11:26:19.860513 [debug] [MainThread]: On master: Close
[0m11:26:19.861962 [debug] [MainThread]: Connection 'master' was properly closed.
[0m11:26:19.862825 [debug] [MainThread]: Connection 'list_sales_db' was properly closed.
[0m11:26:19.863634 [debug] [MainThread]: Connection 'list_sales_db_public' was properly closed.
[0m11:26:19.864532 [debug] [MainThread]: Connection 'model.sales_project.city_analysis' was properly closed.
[0m11:26:19.865539 [info ] [MainThread]: 
[0m11:26:19.868366 [info ] [MainThread]: Finished running 1 table model in 0 hours 0 minutes and 1.53 seconds (1.53s).
[0m11:26:19.871192 [debug] [MainThread]: Command end result
[0m11:26:19.962653 [debug] [MainThread]: Wrote artifact WritableManifest to D:\Data Analyst\Python\sales_project\target\manifest.json
[0m11:26:19.973429 [debug] [MainThread]: Wrote artifact SemanticManifest to D:\Data Analyst\Python\sales_project\target\semantic_manifest.json
[0m11:26:19.983209 [debug] [MainThread]: Wrote artifact OsiDocument to D:\Data Analyst\Python\sales_project\target\osi_document.json
[0m11:26:20.024438 [debug] [MainThread]: Wrote artifact RunExecutionResult to D:\Data Analyst\Python\sales_project\target\run_results.json
[0m11:26:20.025327 [info ] [MainThread]: 
[0m11:26:20.026538 [info ] [MainThread]: [32mCompleted successfully[0m
[0m11:26:20.027536 [info ] [MainThread]: 
[0m11:26:20.029857 [info ] [MainThread]: Done. PASS=1 WARN=0 ERROR=0 SKIP=0 NO-OP=0 REUSED=0 TOTAL=1
[0m11:26:20.037383 [debug] [MainThread]: Command `dbt run` succeeded at 11:26:20.037050 after 5.04 seconds
[0m11:26:20.038334 [debug] [MainThread]: Sending event: {'category': 'dbt', 'action': 'invocation', 'label': 'end', 'context': [<snowplow_tracker.self_describing_json.SelfDescribingJson object at 0x000001DC2A7B73E0>, <snowplow_tracker.self_describing_json.SelfDescribingJson object at 0x000001DC2ABAA2B0>, <snowplow_tracker.self_describing_json.SelfDescribingJson object at 0x000001DC2ABAA990>]}
[0m11:26:20.039208 [debug] [MainThread]: Flushing usage events
[0m11:26:20.049674 [debug] [MainThread]: An error was encountered while trying to flush usage events
[0m11:33:53.722565 [debug] [MainThread]: Sending event: {'category': 'dbt', 'action': 'invocation', 'label': 'start', 'context': [<snowplow_tracker.self_describing_json.SelfDescribingJson object at 0x00000291A5D8F8C0>, <snowplow_tracker.self_describing_json.SelfDescribingJson object at 0x00000291A840BD90>, <snowplow_tracker.self_describing_json.SelfDescribingJson object at 0x00000291A840B9D0>]}


============================== 11:33:53.732101 | ce820bc5-4aa4-4ef7-990f-652c73fbcbda ==============================
[0m11:33:53.732101 [info ] [MainThread]: Running with dbt=1.12.0-b3
[0m11:33:53.733592 [debug] [MainThread]: running dbt with arguments {'version_check': 'True', 'no_print': 'None', 'static_parser': 'True', 'warn_error_options': 'WarnErrorOptionsV2(error=[], warn=[], silence=[])', 'target_path': 'None', 'maximum_seed_size_mib': '1', 'printer_width': '80', 'write_json': 'True', 'empty': 'False', 'log_cache_events': 'False', 'introspect': 'True', 'cache_selected_only': 'False', 'fail_fast': 'False', 'debug': 'False', 'log_format': 'default', 'profiles_dir': 'C:\\Users\\Toranj\\.dbt', 'send_anonymous_usage_stats': 'True', 'quiet': 'False', 'warn_error': 'None', 'partial_parse': 'True', 'use_colors': 'True', 'invocation_command': 'dbt run --select city_analysis', 'indirect_selection': 'eager', 'use_experimental_parser': 'False', 'log_path': 'D:\\Data Analyst\\Python\\sales_project\\logs'}
[0m11:33:54.464593 [debug] [MainThread]: Sending event: {'category': 'dbt', 'action': 'project_id', 'label': 'ce820bc5-4aa4-4ef7-990f-652c73fbcbda', 'context': [<snowplow_tracker.self_describing_json.SelfDescribingJson object at 0x00000291A63176F0>]}
[0m11:33:54.700729 [debug] [MainThread]: Sending event: {'category': 'dbt', 'action': 'adapter_info', 'label': 'ce820bc5-4aa4-4ef7-990f-652c73fbcbda', 'context': [<snowplow_tracker.self_describing_json.SelfDescribingJson object at 0x00000291A8207680>]}
[0m11:33:54.706402 [info ] [MainThread]: Registered adapter: postgres=1.10.1
[0m11:33:55.291563 [debug] [MainThread]: checksum: 1422b360ba387c4a32c0f6c7d0628301536a3df5895ffefc77e86256980727b7, vars: {}, profile: sales_project, target: dev, version: 1.12.0b3
[0m11:33:55.867444 [debug] [MainThread]: Partial parsing enabled: 0 files deleted, 0 files added, 1 files changed.
[0m11:33:55.868723 [debug] [MainThread]: Partial parsing: updated file: sales_project://models\marts\city_analysis.sql
[0m11:33:56.633608 [debug] [MainThread]: Sending event: {'category': 'dbt', 'action': 'load_project', 'label': 'ce820bc5-4aa4-4ef7-990f-652c73fbcbda', 'context': [<snowplow_tracker.self_describing_json.SelfDescribingJson object at 0x00000291A8500F50>]}
[0m11:33:56.857890 [debug] [MainThread]: Wrote artifact WritableManifest to D:\Data Analyst\Python\sales_project\target\manifest.json
[0m11:33:56.876104 [debug] [MainThread]: Wrote artifact SemanticManifest to D:\Data Analyst\Python\sales_project\target\semantic_manifest.json
[0m11:33:56.942380 [debug] [MainThread]: Wrote artifact OsiDocument to D:\Data Analyst\Python\sales_project\target\osi_document.json
[0m11:33:56.973247 [debug] [MainThread]: Sending event: {'category': 'dbt', 'action': 'resource_counts', 'label': 'ce820bc5-4aa4-4ef7-990f-652c73fbcbda', 'context': [<snowplow_tracker.self_describing_json.SelfDescribingJson object at 0x00000291A89DF890>]}
[0m11:33:56.974380 [info ] [MainThread]: Found 19 models, 475 macros
[0m11:33:56.976786 [debug] [MainThread]: Sending event: {'category': 'dbt', 'action': 'runnable_timing', 'label': 'ce820bc5-4aa4-4ef7-990f-652c73fbcbda', 'context': [<snowplow_tracker.self_describing_json.SelfDescribingJson object at 0x00000291A8B59B70>]}
[0m11:33:56.980466 [info ] [MainThread]: 
[0m11:33:56.984662 [info ] [MainThread]: Concurrency: 4 threads (target='dev')
[0m11:33:56.998651 [info ] [MainThread]: 
[0m11:33:57.009263 [debug] [MainThread]: Acquiring new postgres connection 'master'
[0m11:33:57.011220 [debug] [ThreadPool]: Acquiring new postgres connection 'list_sales_db'
[0m11:33:57.483228 [debug] [ThreadPool]: Using postgres connection "list_sales_db"
[0m11:33:57.484121 [debug] [ThreadPool]: On list_sales_db: /* {"app": "dbt", "dbt_version": "1.12.0b3", "profile_name": "sales_project", "target_name": "dev", "connection_name": "list_sales_db"} */

    select distinct nspname from pg_namespace
  
[0m11:33:57.484880 [debug] [ThreadPool]: Opening a new connection, currently in state init
[0m11:33:57.566333 [debug] [ThreadPool]: SQL status: SELECT 4 in 0.081 seconds
[0m11:33:57.569061 [debug] [ThreadPool]: On list_sales_db: Close
[0m11:33:57.592434 [debug] [ThreadPool]: Acquiring new postgres connection 'list_sales_db_public'
[0m11:33:57.608357 [debug] [ThreadPool]: Using postgres connection "list_sales_db_public"
[0m11:33:57.609394 [debug] [ThreadPool]: On list_sales_db_public: /* {"app": "dbt", "dbt_version": "1.12.0b3", "profile_name": "sales_project", "target_name": "dev", "connection_name": "list_sales_db_public"} */
select
      'sales_db' as database,
      tablename as name,
      schemaname as schema,
      'table' as type
    from pg_tables
    where schemaname ilike 'public'
    union all
    select
      'sales_db' as database,
      viewname as name,
      schemaname as schema,
      'view' as type
    from pg_views
    where schemaname ilike 'public'
    union all
    select
      'sales_db' as database,
      matviewname as name,
      schemaname as schema,
      'materialized_view' as type
    from pg_matviews
    where schemaname ilike 'public'
  
[0m11:33:57.610332 [debug] [ThreadPool]: Opening a new connection, currently in state init
[0m11:33:57.799875 [debug] [ThreadPool]: SQL status: SELECT 21 in 0.189 seconds
[0m11:33:57.805662 [debug] [ThreadPool]: On list_sales_db_public: ROLLBACK
[0m11:33:57.806876 [debug] [ThreadPool]: On list_sales_db_public: Close
[0m11:33:57.841946 [debug] [MainThread]: Using postgres connection "master"
[0m11:33:57.844457 [debug] [MainThread]: On master: /* {"app": "dbt", "dbt_version": "1.12.0b3", "profile_name": "sales_project", "target_name": "dev", "connection_name": "master"} */
select distinct
        dependent_namespace.nspname as dependent_schema,
        dependent_class.relname as dependent_name,
        referenced_namespace.nspname as referenced_schema,
        referenced_class.relname as referenced_name

    -- Query for views: views are entries in pg_class with an entry in pg_rewrite, but we avoid
    -- a seq scan on pg_rewrite by leveraging the fact there is an "internal" row in pg_depend for
    -- the view...
    from pg_class as dependent_class
    join pg_namespace as dependent_namespace on dependent_namespace.oid = dependent_class.relnamespace
    join pg_depend as dependent_depend on dependent_depend.refobjid = dependent_class.oid
        and dependent_depend.classid = 'pg_rewrite'::regclass
        and dependent_depend.refclassid = 'pg_class'::regclass
        and dependent_depend.deptype = 'i'

    -- ... and via pg_depend (that has a row per column, hence the need for "distinct" above, and
    -- making sure to exclude the internal row to avoid a view appearing to depend on itself)...
    join pg_depend as joining_depend on joining_depend.objid = dependent_depend.objid
        and joining_depend.classid = 'pg_rewrite'::regclass
        and joining_depend.refclassid = 'pg_class'::regclass
        and joining_depend.refobjid != dependent_depend.refobjid

    -- ... we can find the tables they query from in pg_class, but excluding system tables. Note we
    -- don't need need to exclude _dependent_ system tables, because they only query from other
    -- system tables, and so are automatically excluded by excluding _referenced_ system tables
    join pg_class as referenced_class on referenced_class.oid = joining_depend.refobjid
    join pg_namespace as referenced_namespace on referenced_namespace.oid = referenced_class.relnamespace
        and referenced_namespace.nspname != 'information_schema'
        and referenced_namespace.nspname not like 'pg\_%'

    order by
        dependent_schema, dependent_name, referenced_schema, referenced_name;
[0m11:33:57.845870 [debug] [MainThread]: Opening a new connection, currently in state init
[0m11:33:57.944054 [debug] [MainThread]: SQL status: SELECT 0 in 0.098 seconds
[0m11:33:57.946690 [debug] [MainThread]: Sending event: {'category': 'dbt', 'action': 'runnable_timing', 'label': 'ce820bc5-4aa4-4ef7-990f-652c73fbcbda', 'context': [<snowplow_tracker.self_describing_json.SelfDescribingJson object at 0x00000291A84D5230>]}
[0m11:33:57.947675 [debug] [MainThread]: On master: ROLLBACK
[0m11:33:57.948587 [debug] [MainThread]: On master: COMMIT
[0m11:33:57.949321 [debug] [MainThread]: Using postgres connection "master"
[0m11:33:57.950061 [debug] [MainThread]: On master: COMMIT
[0m11:33:57.951234 [debug] [MainThread]: SQL status: COMMIT in 0.000 seconds
[0m11:33:57.952088 [debug] [MainThread]: On master: Close
[0m11:33:57.963513 [debug] [Thread-1 (]: Began running node model.sales_project.city_analysis
[0m11:33:57.964906 [info ] [Thread-1 (]: 1 of 1 START sql table model public.city_analysis .............................. [RUN]
[0m11:33:57.966398 [debug] [Thread-1 (]: Acquiring new postgres connection 'model.sales_project.city_analysis'
[0m11:33:57.967338 [debug] [Thread-1 (]: Began compiling node model.sales_project.city_analysis
[0m11:33:57.992595 [debug] [Thread-1 (]: Writing injected SQL for node "model.sales_project.city_analysis"
[0m11:33:57.994327 [debug] [Thread-1 (]: Began executing node model.sales_project.city_analysis
[0m11:33:58.127137 [debug] [Thread-1 (]: Writing runtime sql for node "model.sales_project.city_analysis"
[0m11:33:58.129043 [debug] [Thread-1 (]: Using postgres connection "model.sales_project.city_analysis"
[0m11:33:58.130192 [debug] [Thread-1 (]: On model.sales_project.city_analysis: /* {"app": "dbt", "dbt_version": "1.12.0b3", "profile_name": "sales_project", "target_name": "dev", "node_id": "model.sales_project.city_analysis"} */

  
    

  create  table "sales_db"."public"."city_analysis__dbt_tmp"
  
  
    as
  
  (
    WITH city_stats AS (
    SELECT
        COALESCE(city,'Unknown') AS city,
        COUNT(DISTINCT customer_id) AS total_customers,
        COUNT(DISTINCT sale_id) AS total_invoices,
        SUM(quantity) AS total_quantity_sold,
        SUM(unit_price * quantity) AS total_revenue,
        ROUND(AVG(unit_price * quantity), 2) AS avg_order_value
    FROM "sales_db"."public"."stg_sales"
    GROUP BY city    
)

SELECT
    city,
    total_customers,
    total_invoices,
    total_quantity_sold,
    total_revenue,
    avg_order_value,
    ROUND(100.0 * total_revenue / SUM(total_revenue) OVER(), 2) AS revenue_percentage
FROM city_stats
HAVING city != 'Unknown'
ORDER BY total_revenue DESC
  );
  
[0m11:33:58.131328 [debug] [Thread-1 (]: Opening a new connection, currently in state init
[0m11:33:58.252869 [debug] [Thread-1 (]: Postgres adapter: Postgres error: column "city_stats.city" must appear in the GROUP BY clause or be used in an aggregate function
LINE 25:     city,
             ^

[0m11:33:58.253981 [debug] [Thread-1 (]: On model.sales_project.city_analysis: ROLLBACK
[0m11:33:58.255201 [debug] [Thread-1 (]: On model.sales_project.city_analysis: Close
[0m11:33:58.428853 [debug] [Thread-1 (]: Database Error in model city_analysis (models\marts\city_analysis.sql)
  column "city_stats.city" must appear in the GROUP BY clause or be used in an aggregate function
  LINE 25:     city,
               ^
  compiled code at target\run\sales_project\models\marts\city_analysis.sql
[0m11:33:58.433559 [debug] [Thread-1 (]: Sending event: {'category': 'dbt', 'action': 'run_model', 'label': 'ce820bc5-4aa4-4ef7-990f-652c73fbcbda', 'context': [<snowplow_tracker.self_describing_json.SelfDescribingJson object at 0x00000291A8CDA5D0>]}
[0m11:33:58.435137 [error] [Thread-1 (]: 1 of 1 ERROR creating sql table model public.city_analysis ..................... [[31mERROR[0m in 0.46s]
[0m11:33:58.437392 [debug] [Thread-1 (]: Finished running node model.sales_project.city_analysis
[0m11:33:58.439412 [debug] [Thread-7 (]: Marking all children of 'model.sales_project.city_analysis' to be skipped because of status 'error'.  Reason: Database Error in model city_analysis (models\marts\city_analysis.sql)
  column "city_stats.city" must appear in the GROUP BY clause or be used in an aggregate function
  LINE 25:     city,
               ^
  compiled code at target\run\sales_project\models\marts\city_analysis.sql.
[0m11:33:58.443123 [debug] [MainThread]: On master: COMMIT
[0m11:33:58.443964 [debug] [MainThread]: Using postgres connection "master"
[0m11:33:58.444665 [debug] [MainThread]: On master: COMMIT
[0m11:33:58.445608 [debug] [MainThread]: Opening a new connection, currently in state closed
[0m11:33:58.524389 [debug] [MainThread]: SQL status: COMMIT in 0.079 seconds
[0m11:33:58.525301 [debug] [MainThread]: On master: Close
[0m11:33:58.526292 [debug] [MainThread]: Connection 'master' was properly closed.
[0m11:33:58.527067 [debug] [MainThread]: Connection 'list_sales_db' was properly closed.
[0m11:33:58.527738 [debug] [MainThread]: Connection 'list_sales_db_public' was properly closed.
[0m11:33:58.528503 [debug] [MainThread]: Connection 'model.sales_project.city_analysis' was properly closed.
[0m11:33:58.529434 [info ] [MainThread]: 
[0m11:33:58.534986 [info ] [MainThread]: Finished running 1 table model in 0 hours 0 minutes and 1.52 seconds (1.52s).
[0m11:33:58.539245 [debug] [MainThread]: Command end result
[0m11:33:58.630256 [debug] [MainThread]: Wrote artifact WritableManifest to D:\Data Analyst\Python\sales_project\target\manifest.json
[0m11:33:58.648414 [debug] [MainThread]: Wrote artifact SemanticManifest to D:\Data Analyst\Python\sales_project\target\semantic_manifest.json
[0m11:33:58.668525 [debug] [MainThread]: Wrote artifact OsiDocument to D:\Data Analyst\Python\sales_project\target\osi_document.json
[0m11:33:58.690373 [debug] [MainThread]: Wrote artifact RunExecutionResult to D:\Data Analyst\Python\sales_project\target\run_results.json
[0m11:33:58.691295 [info ] [MainThread]: 
[0m11:33:58.692500 [info ] [MainThread]: [31mCompleted with 1 error, 0 partial successes, and 0 warnings:[0m
[0m11:33:58.693529 [info ] [MainThread]: 
[0m11:33:58.694776 [error] [MainThread]: [[31mERROR[0m]: in model city_analysis (models\marts\city_analysis.sql)
[0m11:33:58.696133 [error] [MainThread]:   Database Error in model city_analysis (models\marts\city_analysis.sql)
  column "city_stats.city" must appear in the GROUP BY clause or be used in an aggregate function
  LINE 25:     city,
               ^
  compiled code at target\run\sales_project\models\marts\city_analysis.sql
[0m11:33:58.701265 [info ] [MainThread]: 
[0m11:33:58.709868 [info ] [MainThread]:   compiled code at target\compiled\sales_project\models\marts\city_analysis.sql
[0m11:33:58.712857 [info ] [MainThread]: 
[0m11:33:58.714786 [info ] [MainThread]: Done. PASS=0 WARN=0 ERROR=1 SKIP=0 NO-OP=0 REUSED=0 TOTAL=1
[0m11:33:58.717572 [debug] [MainThread]: Command `dbt run` failed at 11:33:58.717275 after 5.37 seconds
[0m11:33:58.719043 [debug] [MainThread]: Sending event: {'category': 'dbt', 'action': 'invocation', 'label': 'end', 'context': [<snowplow_tracker.self_describing_json.SelfDescribingJson object at 0x00000291A897E360>, <snowplow_tracker.self_describing_json.SelfDescribingJson object at 0x00000291A908CFF0>, <snowplow_tracker.self_describing_json.SelfDescribingJson object at 0x00000291A908C190>]}
[0m11:33:58.724839 [debug] [MainThread]: Flushing usage events
[0m11:33:58.731044 [debug] [MainThread]: An error was encountered while trying to flush usage events
[0m11:35:43.916542 [debug] [MainThread]: Sending event: {'category': 'dbt', 'action': 'invocation', 'label': 'start', 'context': [<snowplow_tracker.self_describing_json.SelfDescribingJson object at 0x0000027FE18DF8C0>, <snowplow_tracker.self_describing_json.SelfDescribingJson object at 0x0000027FE3F4BD90>, <snowplow_tracker.self_describing_json.SelfDescribingJson object at 0x0000027FE3F4B9D0>]}


============================== 11:35:43.926285 | 6b6bdf91-487f-4f23-bfae-6bdcb1785464 ==============================
[0m11:35:43.926285 [info ] [MainThread]: Running with dbt=1.12.0-b3
[0m11:35:43.927742 [debug] [MainThread]: running dbt with arguments {'static_parser': 'True', 'no_print': 'None', 'version_check': 'True', 'target_path': 'None', 'maximum_seed_size_mib': '1', 'warn_error_options': 'WarnErrorOptionsV2(error=[], warn=[], silence=[])', 'printer_width': '80', 'write_json': 'True', 'empty': 'False', 'log_cache_events': 'False', 'introspect': 'True', 'cache_selected_only': 'False', 'log_format': 'default', 'debug': 'False', 'fail_fast': 'False', 'partial_parse': 'True', 'send_anonymous_usage_stats': 'True', 'quiet': 'False', 'warn_error': 'None', 'profiles_dir': 'C:\\Users\\Toranj\\.dbt', 'use_colors': 'True', 'invocation_command': 'dbt run --select city_analysis', 'indirect_selection': 'eager', 'use_experimental_parser': 'False', 'log_path': 'D:\\Data Analyst\\Python\\sales_project\\logs'}
[0m11:35:44.575417 [debug] [MainThread]: Sending event: {'category': 'dbt', 'action': 'project_id', 'label': '6b6bdf91-487f-4f23-bfae-6bdcb1785464', 'context': [<snowplow_tracker.self_describing_json.SelfDescribingJson object at 0x0000027FE1E636F0>]}
[0m11:35:44.776617 [debug] [MainThread]: Sending event: {'category': 'dbt', 'action': 'adapter_info', 'label': '6b6bdf91-487f-4f23-bfae-6bdcb1785464', 'context': [<snowplow_tracker.self_describing_json.SelfDescribingJson object at 0x0000027FE3D47680>]}
[0m11:35:44.779454 [info ] [MainThread]: Registered adapter: postgres=1.10.1
[0m11:35:45.321626 [debug] [MainThread]: checksum: 1422b360ba387c4a32c0f6c7d0628301536a3df5895ffefc77e86256980727b7, vars: {}, profile: sales_project, target: dev, version: 1.12.0b3
[0m11:35:45.805198 [debug] [MainThread]: Partial parsing enabled: 0 files deleted, 0 files added, 1 files changed.
[0m11:35:45.807107 [debug] [MainThread]: Partial parsing: updated file: sales_project://models\marts\city_analysis.sql
[0m11:35:46.556583 [debug] [MainThread]: Sending event: {'category': 'dbt', 'action': 'load_project', 'label': '6b6bdf91-487f-4f23-bfae-6bdcb1785464', 'context': [<snowplow_tracker.self_describing_json.SelfDescribingJson object at 0x0000027FE4040F50>]}
[0m11:35:46.760349 [debug] [MainThread]: Wrote artifact WritableManifest to D:\Data Analyst\Python\sales_project\target\manifest.json
[0m11:35:46.770745 [debug] [MainThread]: Wrote artifact SemanticManifest to D:\Data Analyst\Python\sales_project\target\semantic_manifest.json
[0m11:35:46.832611 [debug] [MainThread]: Wrote artifact OsiDocument to D:\Data Analyst\Python\sales_project\target\osi_document.json
[0m11:35:46.863758 [debug] [MainThread]: Sending event: {'category': 'dbt', 'action': 'resource_counts', 'label': '6b6bdf91-487f-4f23-bfae-6bdcb1785464', 'context': [<snowplow_tracker.self_describing_json.SelfDescribingJson object at 0x0000027FE44DF890>]}
[0m11:35:46.865128 [info ] [MainThread]: Found 19 models, 475 macros
[0m11:35:46.867577 [debug] [MainThread]: Sending event: {'category': 'dbt', 'action': 'runnable_timing', 'label': '6b6bdf91-487f-4f23-bfae-6bdcb1785464', 'context': [<snowplow_tracker.self_describing_json.SelfDescribingJson object at 0x0000027FE465DB70>]}
[0m11:35:46.871712 [info ] [MainThread]: 
[0m11:35:46.874326 [info ] [MainThread]: Concurrency: 4 threads (target='dev')
[0m11:35:46.898656 [info ] [MainThread]: 
[0m11:35:46.907167 [debug] [MainThread]: Acquiring new postgres connection 'master'
[0m11:35:46.950319 [debug] [ThreadPool]: Acquiring new postgres connection 'list_sales_db'
[0m11:35:47.403161 [debug] [ThreadPool]: Using postgres connection "list_sales_db"
[0m11:35:47.404063 [debug] [ThreadPool]: On list_sales_db: /* {"app": "dbt", "dbt_version": "1.12.0b3", "profile_name": "sales_project", "target_name": "dev", "connection_name": "list_sales_db"} */

    select distinct nspname from pg_namespace
  
[0m11:35:47.404777 [debug] [ThreadPool]: Opening a new connection, currently in state init
[0m11:35:47.479878 [debug] [ThreadPool]: SQL status: SELECT 4 in 0.075 seconds
[0m11:35:47.482715 [debug] [ThreadPool]: On list_sales_db: Close
[0m11:35:47.496760 [debug] [ThreadPool]: Acquiring new postgres connection 'list_sales_db_public'
[0m11:35:47.510445 [debug] [ThreadPool]: Using postgres connection "list_sales_db_public"
[0m11:35:47.511475 [debug] [ThreadPool]: On list_sales_db_public: /* {"app": "dbt", "dbt_version": "1.12.0b3", "profile_name": "sales_project", "target_name": "dev", "connection_name": "list_sales_db_public"} */
select
      'sales_db' as database,
      tablename as name,
      schemaname as schema,
      'table' as type
    from pg_tables
    where schemaname ilike 'public'
    union all
    select
      'sales_db' as database,
      viewname as name,
      schemaname as schema,
      'view' as type
    from pg_views
    where schemaname ilike 'public'
    union all
    select
      'sales_db' as database,
      matviewname as name,
      schemaname as schema,
      'materialized_view' as type
    from pg_matviews
    where schemaname ilike 'public'
  
[0m11:35:47.512355 [debug] [ThreadPool]: Opening a new connection, currently in state init
[0m11:35:47.586474 [debug] [ThreadPool]: SQL status: SELECT 21 in 0.074 seconds
[0m11:35:47.589903 [debug] [ThreadPool]: On list_sales_db_public: ROLLBACK
[0m11:35:47.591084 [debug] [ThreadPool]: On list_sales_db_public: Close
[0m11:35:47.611650 [debug] [MainThread]: Using postgres connection "master"
[0m11:35:47.613926 [debug] [MainThread]: On master: /* {"app": "dbt", "dbt_version": "1.12.0b3", "profile_name": "sales_project", "target_name": "dev", "connection_name": "master"} */
select distinct
        dependent_namespace.nspname as dependent_schema,
        dependent_class.relname as dependent_name,
        referenced_namespace.nspname as referenced_schema,
        referenced_class.relname as referenced_name

    -- Query for views: views are entries in pg_class with an entry in pg_rewrite, but we avoid
    -- a seq scan on pg_rewrite by leveraging the fact there is an "internal" row in pg_depend for
    -- the view...
    from pg_class as dependent_class
    join pg_namespace as dependent_namespace on dependent_namespace.oid = dependent_class.relnamespace
    join pg_depend as dependent_depend on dependent_depend.refobjid = dependent_class.oid
        and dependent_depend.classid = 'pg_rewrite'::regclass
        and dependent_depend.refclassid = 'pg_class'::regclass
        and dependent_depend.deptype = 'i'

    -- ... and via pg_depend (that has a row per column, hence the need for "distinct" above, and
    -- making sure to exclude the internal row to avoid a view appearing to depend on itself)...
    join pg_depend as joining_depend on joining_depend.objid = dependent_depend.objid
        and joining_depend.classid = 'pg_rewrite'::regclass
        and joining_depend.refclassid = 'pg_class'::regclass
        and joining_depend.refobjid != dependent_depend.refobjid

    -- ... we can find the tables they query from in pg_class, but excluding system tables. Note we
    -- don't need need to exclude _dependent_ system tables, because they only query from other
    -- system tables, and so are automatically excluded by excluding _referenced_ system tables
    join pg_class as referenced_class on referenced_class.oid = joining_depend.refobjid
    join pg_namespace as referenced_namespace on referenced_namespace.oid = referenced_class.relnamespace
        and referenced_namespace.nspname != 'information_schema'
        and referenced_namespace.nspname not like 'pg\_%'

    order by
        dependent_schema, dependent_name, referenced_schema, referenced_name;
[0m11:35:47.615317 [debug] [MainThread]: Opening a new connection, currently in state init
[0m11:35:47.689253 [debug] [MainThread]: SQL status: SELECT 0 in 0.074 seconds
[0m11:35:47.691924 [debug] [MainThread]: Sending event: {'category': 'dbt', 'action': 'runnable_timing', 'label': '6b6bdf91-487f-4f23-bfae-6bdcb1785464', 'context': [<snowplow_tracker.self_describing_json.SelfDescribingJson object at 0x0000027FE4015230>]}
[0m11:35:47.692998 [debug] [MainThread]: On master: ROLLBACK
[0m11:35:47.693921 [debug] [MainThread]: On master: COMMIT
[0m11:35:47.694671 [debug] [MainThread]: Using postgres connection "master"
[0m11:35:47.695369 [debug] [MainThread]: On master: COMMIT
[0m11:35:47.696281 [debug] [MainThread]: SQL status: COMMIT in 0.000 seconds
[0m11:35:47.696999 [debug] [MainThread]: On master: Close
[0m11:35:47.713581 [debug] [Thread-1 (]: Began running node model.sales_project.city_analysis
[0m11:35:47.714983 [info ] [Thread-1 (]: 1 of 1 START sql table model public.city_analysis .............................. [RUN]
[0m11:35:47.717070 [debug] [Thread-1 (]: Acquiring new postgres connection 'model.sales_project.city_analysis'
[0m11:35:47.719337 [debug] [Thread-1 (]: Began compiling node model.sales_project.city_analysis
[0m11:35:47.754383 [debug] [Thread-1 (]: Writing injected SQL for node "model.sales_project.city_analysis"
[0m11:35:47.756498 [debug] [Thread-1 (]: Began executing node model.sales_project.city_analysis
[0m11:35:47.872874 [debug] [Thread-1 (]: Writing runtime sql for node "model.sales_project.city_analysis"
[0m11:35:47.876309 [debug] [Thread-1 (]: Using postgres connection "model.sales_project.city_analysis"
[0m11:35:47.877728 [debug] [Thread-1 (]: On model.sales_project.city_analysis: /* {"app": "dbt", "dbt_version": "1.12.0b3", "profile_name": "sales_project", "target_name": "dev", "node_id": "model.sales_project.city_analysis"} */

  
    

  create  table "sales_db"."public"."city_analysis__dbt_tmp"
  
  
    as
  
  (
    WITH city_stats AS (
    SELECT
        COALESCE(city,'Unknown') AS city,
        COUNT(DISTINCT customer_id) AS total_customers,
        COUNT(DISTINCT sale_id) AS total_invoices,
        SUM(quantity) AS total_quantity_sold,
        SUM(unit_price * quantity) AS total_revenue,
        ROUND(AVG(unit_price * quantity), 2) AS avg_order_value
    FROM "sales_db"."public"."stg_sales"
    GROUP BY COALESCE(city,'Unknown') 
)

SELECT
    city,
    total_customers,
    total_invoices,
    total_quantity_sold,
    total_revenue,
    avg_order_value,
    ROUND(100.0 * total_revenue / SUM(total_revenue) OVER(), 2) AS revenue_percentage
FROM city_stats
HAVING city != 'Unknown'
ORDER BY total_revenue DESC
  );
  
[0m11:35:47.878718 [debug] [Thread-1 (]: Opening a new connection, currently in state init
[0m11:35:47.942956 [debug] [Thread-1 (]: Postgres adapter: Postgres error: column "city_stats.city" must appear in the GROUP BY clause or be used in an aggregate function
LINE 25:     city,
             ^

[0m11:35:47.943983 [debug] [Thread-1 (]: On model.sales_project.city_analysis: ROLLBACK
[0m11:35:47.945190 [debug] [Thread-1 (]: On model.sales_project.city_analysis: Close
[0m11:35:47.968115 [debug] [Thread-1 (]: Database Error in model city_analysis (models\marts\city_analysis.sql)
  column "city_stats.city" must appear in the GROUP BY clause or be used in an aggregate function
  LINE 25:     city,
               ^
  compiled code at target\run\sales_project\models\marts\city_analysis.sql
[0m11:35:47.972890 [debug] [Thread-1 (]: Sending event: {'category': 'dbt', 'action': 'run_model', 'label': '6b6bdf91-487f-4f23-bfae-6bdcb1785464', 'context': [<snowplow_tracker.self_describing_json.SelfDescribingJson object at 0x0000027FE47D65D0>]}
[0m11:35:47.974401 [error] [Thread-1 (]: 1 of 1 ERROR creating sql table model public.city_analysis ..................... [[31mERROR[0m in 0.25s]
[0m11:35:47.976434 [debug] [Thread-1 (]: Finished running node model.sales_project.city_analysis
[0m11:35:47.977737 [debug] [Thread-7 (]: Marking all children of 'model.sales_project.city_analysis' to be skipped because of status 'error'.  Reason: Database Error in model city_analysis (models\marts\city_analysis.sql)
  column "city_stats.city" must appear in the GROUP BY clause or be used in an aggregate function
  LINE 25:     city,
               ^
  compiled code at target\run\sales_project\models\marts\city_analysis.sql.
[0m11:35:47.981605 [debug] [MainThread]: On master: COMMIT
[0m11:35:47.982561 [debug] [MainThread]: Using postgres connection "master"
[0m11:35:47.983334 [debug] [MainThread]: On master: COMMIT
[0m11:35:47.984450 [debug] [MainThread]: Opening a new connection, currently in state closed
[0m11:35:48.061626 [debug] [MainThread]: SQL status: COMMIT in 0.077 seconds
[0m11:35:48.062579 [debug] [MainThread]: On master: Close
[0m11:35:48.063684 [debug] [MainThread]: Connection 'master' was properly closed.
[0m11:35:48.064456 [debug] [MainThread]: Connection 'list_sales_db' was properly closed.
[0m11:35:48.065128 [debug] [MainThread]: Connection 'list_sales_db_public' was properly closed.
[0m11:35:48.065826 [debug] [MainThread]: Connection 'model.sales_project.city_analysis' was properly closed.
[0m11:35:48.066735 [info ] [MainThread]: 
[0m11:35:48.071118 [info ] [MainThread]: Finished running 1 table model in 0 hours 0 minutes and 1.16 seconds (1.16s).
[0m11:35:48.073097 [debug] [MainThread]: Command end result
[0m11:35:48.173646 [debug] [MainThread]: Wrote artifact WritableManifest to D:\Data Analyst\Python\sales_project\target\manifest.json
[0m11:35:48.182847 [debug] [MainThread]: Wrote artifact SemanticManifest to D:\Data Analyst\Python\sales_project\target\semantic_manifest.json
[0m11:35:48.205207 [debug] [MainThread]: Wrote artifact OsiDocument to D:\Data Analyst\Python\sales_project\target\osi_document.json
[0m11:35:48.228466 [debug] [MainThread]: Wrote artifact RunExecutionResult to D:\Data Analyst\Python\sales_project\target\run_results.json
[0m11:35:48.229330 [info ] [MainThread]: 
[0m11:35:48.231145 [info ] [MainThread]: [31mCompleted with 1 error, 0 partial successes, and 0 warnings:[0m
[0m11:35:48.232741 [info ] [MainThread]: 
[0m11:35:48.234996 [error] [MainThread]: [[31mERROR[0m]: in model city_analysis (models\marts\city_analysis.sql)
[0m11:35:48.237310 [error] [MainThread]:   Database Error in model city_analysis (models\marts\city_analysis.sql)
  column "city_stats.city" must appear in the GROUP BY clause or be used in an aggregate function
  LINE 25:     city,
               ^
  compiled code at target\run\sales_project\models\marts\city_analysis.sql
[0m11:35:48.238540 [info ] [MainThread]: 
[0m11:35:48.239678 [info ] [MainThread]:   compiled code at target\compiled\sales_project\models\marts\city_analysis.sql
[0m11:35:48.241273 [info ] [MainThread]: 
[0m11:35:48.242977 [info ] [MainThread]: Done. PASS=0 WARN=0 ERROR=1 SKIP=0 NO-OP=0 REUSED=0 TOTAL=1
[0m11:35:48.247044 [debug] [MainThread]: Command `dbt run` failed at 11:35:48.246716 after 4.70 seconds
[0m11:35:48.247980 [debug] [MainThread]: Sending event: {'category': 'dbt', 'action': 'invocation', 'label': 'end', 'context': [<snowplow_tracker.self_describing_json.SelfDescribingJson object at 0x0000027FE463A360>, <snowplow_tracker.self_describing_json.SelfDescribingJson object at 0x0000027FE4B88FF0>, <snowplow_tracker.self_describing_json.SelfDescribingJson object at 0x0000027FE4B88190>]}
[0m11:35:48.248800 [debug] [MainThread]: Flushing usage events
[0m11:35:48.259684 [debug] [MainThread]: An error was encountered while trying to flush usage events
[0m11:39:36.302054 [debug] [MainThread]: Sending event: {'category': 'dbt', 'action': 'invocation', 'label': 'start', 'context': [<snowplow_tracker.self_describing_json.SelfDescribingJson object at 0x0000019AAB0DF8C0>, <snowplow_tracker.self_describing_json.SelfDescribingJson object at 0x0000019AAD75BD90>, <snowplow_tracker.self_describing_json.SelfDescribingJson object at 0x0000019AAD75B9D0>]}


============================== 11:39:36.311332 | 4e43caf4-de8f-4248-a850-246673f8bc60 ==============================
[0m11:39:36.311332 [info ] [MainThread]: Running with dbt=1.12.0-b3
[0m11:39:36.314163 [debug] [MainThread]: running dbt with arguments {'maximum_seed_size_mib': '1', 'no_print': 'None', 'static_parser': 'True', 'target_path': 'None', 'version_check': 'True', 'warn_error_options': 'WarnErrorOptionsV2(error=[], warn=[], silence=[])', 'printer_width': '80', 'write_json': 'True', 'empty': 'False', 'log_cache_events': 'False', 'introspect': 'True', 'cache_selected_only': 'False', 'log_format': 'default', 'debug': 'False', 'fail_fast': 'False', 'partial_parse': 'True', 'send_anonymous_usage_stats': 'True', 'quiet': 'False', 'warn_error': 'None', 'profiles_dir': 'C:\\Users\\Toranj\\.dbt', 'use_colors': 'True', 'invocation_command': 'dbt run --select city_analysis', 'indirect_selection': 'eager', 'use_experimental_parser': 'False', 'log_path': 'D:\\Data Analyst\\Python\\sales_project\\logs'}
[0m11:39:36.966226 [debug] [MainThread]: Sending event: {'category': 'dbt', 'action': 'project_id', 'label': '4e43caf4-de8f-4248-a850-246673f8bc60', 'context': [<snowplow_tracker.self_describing_json.SelfDescribingJson object at 0x0000019AAB6636F0>]}
[0m11:39:37.151128 [debug] [MainThread]: Sending event: {'category': 'dbt', 'action': 'adapter_info', 'label': '4e43caf4-de8f-4248-a850-246673f8bc60', 'context': [<snowplow_tracker.self_describing_json.SelfDescribingJson object at 0x0000019AAD557680>]}
[0m11:39:37.153921 [info ] [MainThread]: Registered adapter: postgres=1.10.1
[0m11:39:37.691284 [debug] [MainThread]: checksum: 1422b360ba387c4a32c0f6c7d0628301536a3df5895ffefc77e86256980727b7, vars: {}, profile: sales_project, target: dev, version: 1.12.0b3
[0m11:39:38.191434 [debug] [MainThread]: Partial parsing enabled: 0 files deleted, 0 files added, 1 files changed.
[0m11:39:38.192861 [debug] [MainThread]: Partial parsing: updated file: sales_project://models\marts\city_analysis.sql
[0m11:39:38.927926 [debug] [MainThread]: Sending event: {'category': 'dbt', 'action': 'load_project', 'label': '4e43caf4-de8f-4248-a850-246673f8bc60', 'context': [<snowplow_tracker.self_describing_json.SelfDescribingJson object at 0x0000019AAD850F50>]}
[0m11:39:39.145630 [debug] [MainThread]: Wrote artifact WritableManifest to D:\Data Analyst\Python\sales_project\target\manifest.json
[0m11:39:39.157476 [debug] [MainThread]: Wrote artifact SemanticManifest to D:\Data Analyst\Python\sales_project\target\semantic_manifest.json
[0m11:39:39.227203 [debug] [MainThread]: Wrote artifact OsiDocument to D:\Data Analyst\Python\sales_project\target\osi_document.json
[0m11:39:39.258607 [debug] [MainThread]: Sending event: {'category': 'dbt', 'action': 'resource_counts', 'label': '4e43caf4-de8f-4248-a850-246673f8bc60', 'context': [<snowplow_tracker.self_describing_json.SelfDescribingJson object at 0x0000019AADC9B890>]}
[0m11:39:39.261611 [info ] [MainThread]: Found 19 models, 475 macros
[0m11:39:39.264146 [debug] [MainThread]: Sending event: {'category': 'dbt', 'action': 'runnable_timing', 'label': '4e43caf4-de8f-4248-a850-246673f8bc60', 'context': [<snowplow_tracker.self_describing_json.SelfDescribingJson object at 0x0000019AADE1DB70>]}
[0m11:39:39.267785 [info ] [MainThread]: 
[0m11:39:39.273917 [info ] [MainThread]: Concurrency: 4 threads (target='dev')
[0m11:39:39.275762 [info ] [MainThread]: 
[0m11:39:39.278892 [debug] [MainThread]: Acquiring new postgres connection 'master'
[0m11:39:39.287243 [debug] [ThreadPool]: Acquiring new postgres connection 'list_sales_db'
[0m11:39:39.743927 [debug] [ThreadPool]: Using postgres connection "list_sales_db"
[0m11:39:39.744879 [debug] [ThreadPool]: On list_sales_db: /* {"app": "dbt", "dbt_version": "1.12.0b3", "profile_name": "sales_project", "target_name": "dev", "connection_name": "list_sales_db"} */

    select distinct nspname from pg_namespace
  
[0m11:39:39.745613 [debug] [ThreadPool]: Opening a new connection, currently in state init
[0m11:39:39.817652 [debug] [ThreadPool]: SQL status: SELECT 4 in 0.072 seconds
[0m11:39:39.820448 [debug] [ThreadPool]: On list_sales_db: Close
[0m11:39:39.834473 [debug] [ThreadPool]: Acquiring new postgres connection 'list_sales_db_public'
[0m11:39:39.848071 [debug] [ThreadPool]: Using postgres connection "list_sales_db_public"
[0m11:39:39.849262 [debug] [ThreadPool]: On list_sales_db_public: /* {"app": "dbt", "dbt_version": "1.12.0b3", "profile_name": "sales_project", "target_name": "dev", "connection_name": "list_sales_db_public"} */
select
      'sales_db' as database,
      tablename as name,
      schemaname as schema,
      'table' as type
    from pg_tables
    where schemaname ilike 'public'
    union all
    select
      'sales_db' as database,
      viewname as name,
      schemaname as schema,
      'view' as type
    from pg_views
    where schemaname ilike 'public'
    union all
    select
      'sales_db' as database,
      matviewname as name,
      schemaname as schema,
      'materialized_view' as type
    from pg_matviews
    where schemaname ilike 'public'
  
[0m11:39:39.850089 [debug] [ThreadPool]: Opening a new connection, currently in state init
[0m11:39:39.920075 [debug] [ThreadPool]: SQL status: SELECT 21 in 0.070 seconds
[0m11:39:39.923990 [debug] [ThreadPool]: On list_sales_db_public: ROLLBACK
[0m11:39:39.925107 [debug] [ThreadPool]: On list_sales_db_public: Close
[0m11:39:39.945673 [debug] [MainThread]: Using postgres connection "master"
[0m11:39:39.948283 [debug] [MainThread]: On master: /* {"app": "dbt", "dbt_version": "1.12.0b3", "profile_name": "sales_project", "target_name": "dev", "connection_name": "master"} */
select distinct
        dependent_namespace.nspname as dependent_schema,
        dependent_class.relname as dependent_name,
        referenced_namespace.nspname as referenced_schema,
        referenced_class.relname as referenced_name

    -- Query for views: views are entries in pg_class with an entry in pg_rewrite, but we avoid
    -- a seq scan on pg_rewrite by leveraging the fact there is an "internal" row in pg_depend for
    -- the view...
    from pg_class as dependent_class
    join pg_namespace as dependent_namespace on dependent_namespace.oid = dependent_class.relnamespace
    join pg_depend as dependent_depend on dependent_depend.refobjid = dependent_class.oid
        and dependent_depend.classid = 'pg_rewrite'::regclass
        and dependent_depend.refclassid = 'pg_class'::regclass
        and dependent_depend.deptype = 'i'

    -- ... and via pg_depend (that has a row per column, hence the need for "distinct" above, and
    -- making sure to exclude the internal row to avoid a view appearing to depend on itself)...
    join pg_depend as joining_depend on joining_depend.objid = dependent_depend.objid
        and joining_depend.classid = 'pg_rewrite'::regclass
        and joining_depend.refclassid = 'pg_class'::regclass
        and joining_depend.refobjid != dependent_depend.refobjid

    -- ... we can find the tables they query from in pg_class, but excluding system tables. Note we
    -- don't need need to exclude _dependent_ system tables, because they only query from other
    -- system tables, and so are automatically excluded by excluding _referenced_ system tables
    join pg_class as referenced_class on referenced_class.oid = joining_depend.refobjid
    join pg_namespace as referenced_namespace on referenced_namespace.oid = referenced_class.relnamespace
        and referenced_namespace.nspname != 'information_schema'
        and referenced_namespace.nspname not like 'pg\_%'

    order by
        dependent_schema, dependent_name, referenced_schema, referenced_name;
[0m11:39:39.949631 [debug] [MainThread]: Opening a new connection, currently in state init
[0m11:39:40.020036 [debug] [MainThread]: SQL status: SELECT 0 in 0.070 seconds
[0m11:39:40.022845 [debug] [MainThread]: Sending event: {'category': 'dbt', 'action': 'runnable_timing', 'label': '4e43caf4-de8f-4248-a850-246673f8bc60', 'context': [<snowplow_tracker.self_describing_json.SelfDescribingJson object at 0x0000019AAD821230>]}
[0m11:39:40.023892 [debug] [MainThread]: On master: ROLLBACK
[0m11:39:40.024819 [debug] [MainThread]: On master: COMMIT
[0m11:39:40.025563 [debug] [MainThread]: Using postgres connection "master"
[0m11:39:40.026258 [debug] [MainThread]: On master: COMMIT
[0m11:39:40.027132 [debug] [MainThread]: SQL status: COMMIT in 0.000 seconds
[0m11:39:40.027846 [debug] [MainThread]: On master: Close
[0m11:39:40.036892 [debug] [Thread-1 (]: Began running node model.sales_project.city_analysis
[0m11:39:40.038181 [info ] [Thread-1 (]: 1 of 1 START sql table model public.city_analysis .............................. [RUN]
[0m11:39:40.039597 [debug] [Thread-1 (]: Acquiring new postgres connection 'model.sales_project.city_analysis'
[0m11:39:40.040563 [debug] [Thread-1 (]: Began compiling node model.sales_project.city_analysis
[0m11:39:40.069262 [debug] [Thread-1 (]: Writing injected SQL for node "model.sales_project.city_analysis"
[0m11:39:40.071612 [debug] [Thread-1 (]: Began executing node model.sales_project.city_analysis
[0m11:39:40.200486 [debug] [Thread-1 (]: Writing runtime sql for node "model.sales_project.city_analysis"
[0m11:39:40.202381 [debug] [Thread-1 (]: Using postgres connection "model.sales_project.city_analysis"
[0m11:39:40.203496 [debug] [Thread-1 (]: On model.sales_project.city_analysis: /* {"app": "dbt", "dbt_version": "1.12.0b3", "profile_name": "sales_project", "target_name": "dev", "node_id": "model.sales_project.city_analysis"} */

  
    

  create  table "sales_db"."public"."city_analysis__dbt_tmp"
  
  
    as
  
  (
    WITH city_stats AS (
    SELECT
        COALESCE(city,'Unknown') AS city,
        COUNT(DISTINCT customer_id) AS total_customers,
        COUNT(DISTINCT sale_id) AS total_invoices,
        SUM(quantity) AS total_quantity_sold,
        SUM(unit_price * quantity) AS total_revenue,
        ROUND(AVG(unit_price * quantity), 2) AS avg_order_value
    FROM "sales_db"."public"."stg_sales"
    GROUP BY city 
)

SELECT
    city,
    total_customers,
    total_invoices,
    total_quantity_sold,
    total_revenue,
    avg_order_value,
    ROUND(100.0 * total_revenue / SUM(total_revenue) OVER(), 2) AS revenue_percentage
FROM city_stats
HAVING city != 'Unknown'
ORDER BY total_revenue DESC
  );
  
[0m11:39:40.204574 [debug] [Thread-1 (]: Opening a new connection, currently in state init
[0m11:39:40.272289 [debug] [Thread-1 (]: Postgres adapter: Postgres error: column "city_stats.city" must appear in the GROUP BY clause or be used in an aggregate function
LINE 25:     city,
             ^

[0m11:39:40.273422 [debug] [Thread-1 (]: On model.sales_project.city_analysis: ROLLBACK
[0m11:39:40.274861 [debug] [Thread-1 (]: On model.sales_project.city_analysis: Close
[0m11:39:40.297671 [debug] [Thread-1 (]: Database Error in model city_analysis (models\marts\city_analysis.sql)
  column "city_stats.city" must appear in the GROUP BY clause or be used in an aggregate function
  LINE 25:     city,
               ^
  compiled code at target\run\sales_project\models\marts\city_analysis.sql
[0m11:39:40.302655 [debug] [Thread-1 (]: Sending event: {'category': 'dbt', 'action': 'run_model', 'label': '4e43caf4-de8f-4248-a850-246673f8bc60', 'context': [<snowplow_tracker.self_describing_json.SelfDescribingJson object at 0x0000019AADF965D0>]}
[0m11:39:40.304389 [error] [Thread-1 (]: 1 of 1 ERROR creating sql table model public.city_analysis ..................... [[31mERROR[0m in 0.26s]
[0m11:39:40.306152 [debug] [Thread-1 (]: Finished running node model.sales_project.city_analysis
[0m11:39:40.307482 [debug] [Thread-7 (]: Marking all children of 'model.sales_project.city_analysis' to be skipped because of status 'error'.  Reason: Database Error in model city_analysis (models\marts\city_analysis.sql)
  column "city_stats.city" must appear in the GROUP BY clause or be used in an aggregate function
  LINE 25:     city,
               ^
  compiled code at target\run\sales_project\models\marts\city_analysis.sql.
[0m11:39:40.311508 [debug] [MainThread]: On master: COMMIT
[0m11:39:40.312420 [debug] [MainThread]: Using postgres connection "master"
[0m11:39:40.313441 [debug] [MainThread]: On master: COMMIT
[0m11:39:40.314203 [debug] [MainThread]: Opening a new connection, currently in state closed
[0m11:39:40.395317 [debug] [MainThread]: SQL status: COMMIT in 0.081 seconds
[0m11:39:40.396392 [debug] [MainThread]: On master: Close
[0m11:39:40.397612 [debug] [MainThread]: Connection 'master' was properly closed.
[0m11:39:40.398431 [debug] [MainThread]: Connection 'list_sales_db' was properly closed.
[0m11:39:40.399309 [debug] [MainThread]: Connection 'list_sales_db_public' was properly closed.
[0m11:39:40.400103 [debug] [MainThread]: Connection 'model.sales_project.city_analysis' was properly closed.
[0m11:39:40.400885 [info ] [MainThread]: 
[0m11:39:40.403170 [info ] [MainThread]: Finished running 1 table model in 0 hours 0 minutes and 1.12 seconds (1.12s).
[0m11:39:40.405587 [debug] [MainThread]: Command end result
[0m11:39:40.500459 [debug] [MainThread]: Wrote artifact WritableManifest to D:\Data Analyst\Python\sales_project\target\manifest.json
[0m11:39:40.509572 [debug] [MainThread]: Wrote artifact SemanticManifest to D:\Data Analyst\Python\sales_project\target\semantic_manifest.json
[0m11:39:40.519505 [debug] [MainThread]: Wrote artifact OsiDocument to D:\Data Analyst\Python\sales_project\target\osi_document.json
[0m11:39:40.549978 [debug] [MainThread]: Wrote artifact RunExecutionResult to D:\Data Analyst\Python\sales_project\target\run_results.json
[0m11:39:40.550844 [info ] [MainThread]: 
[0m11:39:40.551993 [info ] [MainThread]: [31mCompleted with 1 error, 0 partial successes, and 0 warnings:[0m
[0m11:39:40.552989 [info ] [MainThread]: 
[0m11:39:40.554133 [error] [MainThread]: [[31mERROR[0m]: in model city_analysis (models\marts\city_analysis.sql)
[0m11:39:40.555384 [error] [MainThread]:   Database Error in model city_analysis (models\marts\city_analysis.sql)
  column "city_stats.city" must appear in the GROUP BY clause or be used in an aggregate function
  LINE 25:     city,
               ^
  compiled code at target\run\sales_project\models\marts\city_analysis.sql
[0m11:39:40.557071 [info ] [MainThread]: 
[0m11:39:40.561744 [info ] [MainThread]:   compiled code at target\compiled\sales_project\models\marts\city_analysis.sql
[0m11:39:40.568910 [info ] [MainThread]: 
[0m11:39:40.570140 [info ] [MainThread]: Done. PASS=0 WARN=0 ERROR=1 SKIP=0 NO-OP=0 REUSED=0 TOTAL=1
[0m11:39:40.573065 [debug] [MainThread]: Command `dbt run` failed at 11:39:40.572688 after 4.64 seconds
[0m11:39:40.574307 [debug] [MainThread]: Sending event: {'category': 'dbt', 'action': 'invocation', 'label': 'end', 'context': [<snowplow_tracker.self_describing_json.SelfDescribingJson object at 0x0000019AADDFA360>, <snowplow_tracker.self_describing_json.SelfDescribingJson object at 0x0000019AAE34CFF0>, <snowplow_tracker.self_describing_json.SelfDescribingJson object at 0x0000019AAE34C190>]}
[0m11:39:40.575611 [debug] [MainThread]: Flushing usage events
[0m11:39:40.586570 [debug] [MainThread]: An error was encountered while trying to flush usage events
[0m11:40:26.521073 [debug] [MainThread]: Sending event: {'category': 'dbt', 'action': 'invocation', 'label': 'start', 'context': [<snowplow_tracker.self_describing_json.SelfDescribingJson object at 0x000002531E24F8C0>, <snowplow_tracker.self_describing_json.SelfDescribingJson object at 0x00000253208BBD90>, <snowplow_tracker.self_describing_json.SelfDescribingJson object at 0x00000253208BB9D0>]}


============================== 11:40:26.530999 | 717b53c9-0af8-4dca-9d6b-bf75fc71c94d ==============================
[0m11:40:26.530999 [info ] [MainThread]: Running with dbt=1.12.0-b3
[0m11:40:26.533074 [debug] [MainThread]: running dbt with arguments {'version_check': 'True', 'no_print': 'None', 'maximum_seed_size_mib': '1', 'target_path': 'None', 'warn_error_options': 'WarnErrorOptionsV2(error=[], warn=[], silence=[])', 'static_parser': 'True', 'printer_width': '80', 'write_json': 'True', 'introspect': 'True', 'log_cache_events': 'False', 'empty': 'False', 'cache_selected_only': 'False', 'log_format': 'default', 'debug': 'False', 'fail_fast': 'False', 'partial_parse': 'True', 'send_anonymous_usage_stats': 'True', 'quiet': 'False', 'warn_error': 'None', 'profiles_dir': 'C:\\Users\\Toranj\\.dbt', 'invocation_command': 'dbt run --select city_analysis', 'use_colors': 'True', 'indirect_selection': 'eager', 'use_experimental_parser': 'False', 'log_path': 'D:\\Data Analyst\\Python\\sales_project\\logs'}
[0m11:40:27.186871 [debug] [MainThread]: Sending event: {'category': 'dbt', 'action': 'project_id', 'label': '717b53c9-0af8-4dca-9d6b-bf75fc71c94d', 'context': [<snowplow_tracker.self_describing_json.SelfDescribingJson object at 0x000002531E7D36F0>]}
[0m11:40:27.375000 [debug] [MainThread]: Sending event: {'category': 'dbt', 'action': 'adapter_info', 'label': '717b53c9-0af8-4dca-9d6b-bf75fc71c94d', 'context': [<snowplow_tracker.self_describing_json.SelfDescribingJson object at 0x00000253206B7680>]}
[0m11:40:27.377825 [info ] [MainThread]: Registered adapter: postgres=1.10.1
[0m11:40:27.913876 [debug] [MainThread]: checksum: 1422b360ba387c4a32c0f6c7d0628301536a3df5895ffefc77e86256980727b7, vars: {}, profile: sales_project, target: dev, version: 1.12.0b3
[0m11:40:28.404164 [debug] [MainThread]: Partial parsing enabled: 0 files deleted, 0 files added, 0 files changed.
[0m11:40:28.405328 [debug] [MainThread]: Nothing changed, skipping partial parsing.
[0m11:40:28.406055 [debug] [MainThread]: Partial parsing enabled, no changes found, skipping parsing
[0m11:40:28.484915 [debug] [MainThread]: Sending event: {'category': 'dbt', 'action': 'load_project', 'label': '717b53c9-0af8-4dca-9d6b-bf75fc71c94d', 'context': [<snowplow_tracker.self_describing_json.SelfDescribingJson object at 0x00000253209B1650>]}
[0m11:40:28.685017 [debug] [MainThread]: Wrote artifact WritableManifest to D:\Data Analyst\Python\sales_project\target\manifest.json
[0m11:40:28.694467 [debug] [MainThread]: Wrote artifact SemanticManifest to D:\Data Analyst\Python\sales_project\target\semantic_manifest.json
[0m11:40:28.760932 [debug] [MainThread]: Wrote artifact OsiDocument to D:\Data Analyst\Python\sales_project\target\osi_document.json
[0m11:40:28.791655 [debug] [MainThread]: Sending event: {'category': 'dbt', 'action': 'resource_counts', 'label': '717b53c9-0af8-4dca-9d6b-bf75fc71c94d', 'context': [<snowplow_tracker.self_describing_json.SelfDescribingJson object at 0x0000025320E5F200>]}
[0m11:40:28.792869 [info ] [MainThread]: Found 19 models, 475 macros
[0m11:40:28.794360 [debug] [MainThread]: Sending event: {'category': 'dbt', 'action': 'runnable_timing', 'label': '717b53c9-0af8-4dca-9d6b-bf75fc71c94d', 'context': [<snowplow_tracker.self_describing_json.SelfDescribingJson object at 0x0000025321081470>]}
[0m11:40:28.804673 [info ] [MainThread]: 
[0m11:40:28.806456 [info ] [MainThread]: Concurrency: 4 threads (target='dev')
[0m11:40:28.807727 [info ] [MainThread]: 
[0m11:40:28.819566 [debug] [MainThread]: Acquiring new postgres connection 'master'
[0m11:40:28.821751 [debug] [ThreadPool]: Acquiring new postgres connection 'list_sales_db'
[0m11:40:29.297085 [debug] [ThreadPool]: Using postgres connection "list_sales_db"
[0m11:40:29.297990 [debug] [ThreadPool]: On list_sales_db: /* {"app": "dbt", "dbt_version": "1.12.0b3", "profile_name": "sales_project", "target_name": "dev", "connection_name": "list_sales_db"} */

    select distinct nspname from pg_namespace
  
[0m11:40:29.298707 [debug] [ThreadPool]: Opening a new connection, currently in state init
[0m11:40:29.377305 [debug] [ThreadPool]: SQL status: SELECT 4 in 0.078 seconds
[0m11:40:29.380301 [debug] [ThreadPool]: On list_sales_db: Close
[0m11:40:29.393832 [debug] [ThreadPool]: Acquiring new postgres connection 'list_sales_db_public'
[0m11:40:29.407779 [debug] [ThreadPool]: Using postgres connection "list_sales_db_public"
[0m11:40:29.408722 [debug] [ThreadPool]: On list_sales_db_public: /* {"app": "dbt", "dbt_version": "1.12.0b3", "profile_name": "sales_project", "target_name": "dev", "connection_name": "list_sales_db_public"} */
select
      'sales_db' as database,
      tablename as name,
      schemaname as schema,
      'table' as type
    from pg_tables
    where schemaname ilike 'public'
    union all
    select
      'sales_db' as database,
      viewname as name,
      schemaname as schema,
      'view' as type
    from pg_views
    where schemaname ilike 'public'
    union all
    select
      'sales_db' as database,
      matviewname as name,
      schemaname as schema,
      'materialized_view' as type
    from pg_matviews
    where schemaname ilike 'public'
  
[0m11:40:29.409538 [debug] [ThreadPool]: Opening a new connection, currently in state init
[0m11:40:29.590219 [debug] [ThreadPool]: SQL status: SELECT 21 in 0.181 seconds
[0m11:40:29.593788 [debug] [ThreadPool]: On list_sales_db_public: ROLLBACK
[0m11:40:29.595083 [debug] [ThreadPool]: On list_sales_db_public: Close
[0m11:40:29.617371 [debug] [MainThread]: Using postgres connection "master"
[0m11:40:29.618439 [debug] [MainThread]: On master: /* {"app": "dbt", "dbt_version": "1.12.0b3", "profile_name": "sales_project", "target_name": "dev", "connection_name": "master"} */
select distinct
        dependent_namespace.nspname as dependent_schema,
        dependent_class.relname as dependent_name,
        referenced_namespace.nspname as referenced_schema,
        referenced_class.relname as referenced_name

    -- Query for views: views are entries in pg_class with an entry in pg_rewrite, but we avoid
    -- a seq scan on pg_rewrite by leveraging the fact there is an "internal" row in pg_depend for
    -- the view...
    from pg_class as dependent_class
    join pg_namespace as dependent_namespace on dependent_namespace.oid = dependent_class.relnamespace
    join pg_depend as dependent_depend on dependent_depend.refobjid = dependent_class.oid
        and dependent_depend.classid = 'pg_rewrite'::regclass
        and dependent_depend.refclassid = 'pg_class'::regclass
        and dependent_depend.deptype = 'i'

    -- ... and via pg_depend (that has a row per column, hence the need for "distinct" above, and
    -- making sure to exclude the internal row to avoid a view appearing to depend on itself)...
    join pg_depend as joining_depend on joining_depend.objid = dependent_depend.objid
        and joining_depend.classid = 'pg_rewrite'::regclass
        and joining_depend.refclassid = 'pg_class'::regclass
        and joining_depend.refobjid != dependent_depend.refobjid

    -- ... we can find the tables they query from in pg_class, but excluding system tables. Note we
    -- don't need need to exclude _dependent_ system tables, because they only query from other
    -- system tables, and so are automatically excluded by excluding _referenced_ system tables
    join pg_class as referenced_class on referenced_class.oid = joining_depend.refobjid
    join pg_namespace as referenced_namespace on referenced_namespace.oid = referenced_class.relnamespace
        and referenced_namespace.nspname != 'information_schema'
        and referenced_namespace.nspname not like 'pg\_%'

    order by
        dependent_schema, dependent_name, referenced_schema, referenced_name;
[0m11:40:29.619449 [debug] [MainThread]: Opening a new connection, currently in state init
[0m11:40:29.696689 [debug] [MainThread]: SQL status: SELECT 0 in 0.077 seconds
[0m11:40:29.699449 [debug] [MainThread]: Sending event: {'category': 'dbt', 'action': 'runnable_timing', 'label': '717b53c9-0af8-4dca-9d6b-bf75fc71c94d', 'context': [<snowplow_tracker.self_describing_json.SelfDescribingJson object at 0x000002532121D4A0>]}
[0m11:40:29.700509 [debug] [MainThread]: On master: ROLLBACK
[0m11:40:29.701460 [debug] [MainThread]: On master: COMMIT
[0m11:40:29.702231 [debug] [MainThread]: Using postgres connection "master"
[0m11:40:29.702926 [debug] [MainThread]: On master: COMMIT
[0m11:40:29.703812 [debug] [MainThread]: SQL status: COMMIT in 0.000 seconds
[0m11:40:29.704539 [debug] [MainThread]: On master: Close
[0m11:40:29.724496 [debug] [Thread-1 (]: Began running node model.sales_project.city_analysis
[0m11:40:29.725888 [info ] [Thread-1 (]: 1 of 1 START sql table model public.city_analysis .............................. [RUN]
[0m11:40:29.727430 [debug] [Thread-1 (]: Acquiring new postgres connection 'model.sales_project.city_analysis'
[0m11:40:29.729262 [debug] [Thread-1 (]: Began compiling node model.sales_project.city_analysis
[0m11:40:29.751591 [debug] [Thread-1 (]: Writing injected SQL for node "model.sales_project.city_analysis"
[0m11:40:29.754195 [debug] [Thread-1 (]: Began executing node model.sales_project.city_analysis
[0m11:40:29.877931 [debug] [Thread-1 (]: Writing runtime sql for node "model.sales_project.city_analysis"
[0m11:40:29.881023 [debug] [Thread-1 (]: Using postgres connection "model.sales_project.city_analysis"
[0m11:40:29.882559 [debug] [Thread-1 (]: On model.sales_project.city_analysis: /* {"app": "dbt", "dbt_version": "1.12.0b3", "profile_name": "sales_project", "target_name": "dev", "node_id": "model.sales_project.city_analysis"} */

  
    

  create  table "sales_db"."public"."city_analysis__dbt_tmp"
  
  
    as
  
  (
    WITH city_stats AS (
    SELECT
        COALESCE(city,'Unknown') AS city,
        COUNT(DISTINCT customer_id) AS total_customers,
        COUNT(DISTINCT sale_id) AS total_invoices,
        SUM(quantity) AS total_quantity_sold,
        SUM(unit_price * quantity) AS total_revenue,
        ROUND(AVG(unit_price * quantity), 2) AS avg_order_value
    FROM "sales_db"."public"."stg_sales"
    GROUP BY city 
)

SELECT
    city,
    total_customers,
    total_invoices,
    total_quantity_sold,
    total_revenue,
    avg_order_value,
    ROUND(100.0 * total_revenue / SUM(total_revenue) OVER(), 2) AS revenue_percentage
FROM city_stats
HAVING city != 'Unknown'
ORDER BY total_revenue DESC
  );
  
[0m11:40:29.883522 [debug] [Thread-1 (]: Opening a new connection, currently in state init
[0m11:40:29.947612 [debug] [Thread-1 (]: Postgres adapter: Postgres error: column "city_stats.city" must appear in the GROUP BY clause or be used in an aggregate function
LINE 25:     city,
             ^

[0m11:40:29.948792 [debug] [Thread-1 (]: On model.sales_project.city_analysis: ROLLBACK
[0m11:40:29.950115 [debug] [Thread-1 (]: On model.sales_project.city_analysis: Close
[0m11:40:29.972368 [debug] [Thread-1 (]: Database Error in model city_analysis (models\marts\city_analysis.sql)
  column "city_stats.city" must appear in the GROUP BY clause or be used in an aggregate function
  LINE 25:     city,
               ^
  compiled code at target\run\sales_project\models\marts\city_analysis.sql
[0m11:40:29.976778 [debug] [Thread-1 (]: Sending event: {'category': 'dbt', 'action': 'run_model', 'label': '717b53c9-0af8-4dca-9d6b-bf75fc71c94d', 'context': [<snowplow_tracker.self_describing_json.SelfDescribingJson object at 0x00000253211EDD90>]}
[0m11:40:29.978559 [error] [Thread-1 (]: 1 of 1 ERROR creating sql table model public.city_analysis ..................... [[31mERROR[0m in 0.25s]
[0m11:40:29.981981 [debug] [Thread-1 (]: Finished running node model.sales_project.city_analysis
[0m11:40:29.984733 [debug] [Thread-7 (]: Marking all children of 'model.sales_project.city_analysis' to be skipped because of status 'error'.  Reason: Database Error in model city_analysis (models\marts\city_analysis.sql)
  column "city_stats.city" must appear in the GROUP BY clause or be used in an aggregate function
  LINE 25:     city,
               ^
  compiled code at target\run\sales_project\models\marts\city_analysis.sql.
[0m11:40:29.988348 [debug] [MainThread]: On master: COMMIT
[0m11:40:29.989237 [debug] [MainThread]: Using postgres connection "master"
[0m11:40:29.990061 [debug] [MainThread]: On master: COMMIT
[0m11:40:29.990813 [debug] [MainThread]: Opening a new connection, currently in state closed
[0m11:40:30.066921 [debug] [MainThread]: SQL status: COMMIT in 0.076 seconds
[0m11:40:30.067808 [debug] [MainThread]: On master: Close
[0m11:40:30.068766 [debug] [MainThread]: Connection 'master' was properly closed.
[0m11:40:30.069506 [debug] [MainThread]: Connection 'list_sales_db' was properly closed.
[0m11:40:30.070272 [debug] [MainThread]: Connection 'list_sales_db_public' was properly closed.
[0m11:40:30.070970 [debug] [MainThread]: Connection 'model.sales_project.city_analysis' was properly closed.
[0m11:40:30.071788 [info ] [MainThread]: 
[0m11:40:30.072881 [info ] [MainThread]: Finished running 1 table model in 0 hours 0 minutes and 1.25 seconds (1.25s).
[0m11:40:30.075612 [debug] [MainThread]: Command end result
[0m11:40:30.173625 [debug] [MainThread]: Wrote artifact WritableManifest to D:\Data Analyst\Python\sales_project\target\manifest.json
[0m11:40:30.183489 [debug] [MainThread]: Wrote artifact SemanticManifest to D:\Data Analyst\Python\sales_project\target\semantic_manifest.json
[0m11:40:30.192965 [debug] [MainThread]: Wrote artifact OsiDocument to D:\Data Analyst\Python\sales_project\target\osi_document.json
[0m11:40:30.225884 [debug] [MainThread]: Wrote artifact RunExecutionResult to D:\Data Analyst\Python\sales_project\target\run_results.json
[0m11:40:30.226748 [info ] [MainThread]: 
[0m11:40:30.227889 [info ] [MainThread]: [31mCompleted with 1 error, 0 partial successes, and 0 warnings:[0m
[0m11:40:30.230649 [info ] [MainThread]: 
[0m11:40:30.232520 [error] [MainThread]: [[31mERROR[0m]: in model city_analysis (models\marts\city_analysis.sql)
[0m11:40:30.235691 [error] [MainThread]:   Database Error in model city_analysis (models\marts\city_analysis.sql)
  column "city_stats.city" must appear in the GROUP BY clause or be used in an aggregate function
  LINE 25:     city,
               ^
  compiled code at target\run\sales_project\models\marts\city_analysis.sql
[0m11:40:30.238858 [info ] [MainThread]: 
[0m11:40:30.240191 [info ] [MainThread]:   compiled code at target\compiled\sales_project\models\marts\city_analysis.sql
[0m11:40:30.243029 [info ] [MainThread]: 
[0m11:40:30.250452 [info ] [MainThread]: Done. PASS=0 WARN=0 ERROR=1 SKIP=0 NO-OP=0 REUSED=0 TOTAL=1
[0m11:40:30.254548 [debug] [MainThread]: Command `dbt run` failed at 11:40:30.254202 after 4.03 seconds
[0m11:40:30.255608 [debug] [MainThread]: Sending event: {'category': 'dbt', 'action': 'invocation', 'label': 'end', 'context': [<snowplow_tracker.self_describing_json.SelfDescribingJson object at 0x0000025320FF3800>, <snowplow_tracker.self_describing_json.SelfDescribingJson object at 0x0000025321316AD0>, <snowplow_tracker.self_describing_json.SelfDescribingJson object at 0x0000025321317930>]}
[0m11:40:30.256468 [debug] [MainThread]: Flushing usage events
[0m11:40:30.266236 [debug] [MainThread]: An error was encountered while trying to flush usage events
[0m11:41:35.731920 [debug] [MainThread]: Sending event: {'category': 'dbt', 'action': 'invocation', 'label': 'start', 'context': [<snowplow_tracker.self_describing_json.SelfDescribingJson object at 0x000001A76F5AF8C0>, <snowplow_tracker.self_describing_json.SelfDescribingJson object at 0x000001A771C2BD90>, <snowplow_tracker.self_describing_json.SelfDescribingJson object at 0x000001A771C2B9D0>]}


============================== 11:41:35.741123 | 8316b05b-653e-4067-8b65-75690b053913 ==============================
[0m11:41:35.741123 [info ] [MainThread]: Running with dbt=1.12.0-b3
[0m11:41:35.743619 [debug] [MainThread]: running dbt with arguments {'maximum_seed_size_mib': '1', 'no_print': 'None', 'static_parser': 'True', 'target_path': 'None', 'warn_error_options': 'WarnErrorOptionsV2(error=[], warn=[], silence=[])', 'version_check': 'True', 'printer_width': '80', 'write_json': 'True', 'empty': 'False', 'log_cache_events': 'False', 'introspect': 'True', 'cache_selected_only': 'False', 'log_format': 'default', 'debug': 'False', 'fail_fast': 'False', 'partial_parse': 'True', 'send_anonymous_usage_stats': 'True', 'quiet': 'False', 'warn_error': 'None', 'profiles_dir': 'C:\\Users\\Toranj\\.dbt', 'indirect_selection': 'eager', 'invocation_command': 'dbt run --select city_analysis', 'use_colors': 'True', 'use_experimental_parser': 'False', 'log_path': 'D:\\Data Analyst\\Python\\sales_project\\logs'}
[0m11:41:36.400099 [debug] [MainThread]: Sending event: {'category': 'dbt', 'action': 'project_id', 'label': '8316b05b-653e-4067-8b65-75690b053913', 'context': [<snowplow_tracker.self_describing_json.SelfDescribingJson object at 0x000001A76FB376F0>]}
[0m11:41:36.577263 [debug] [MainThread]: Sending event: {'category': 'dbt', 'action': 'adapter_info', 'label': '8316b05b-653e-4067-8b65-75690b053913', 'context': [<snowplow_tracker.self_describing_json.SelfDescribingJson object at 0x000001A771A27680>]}
[0m11:41:36.580605 [info ] [MainThread]: Registered adapter: postgres=1.10.1
[0m11:41:37.114861 [debug] [MainThread]: checksum: 1422b360ba387c4a32c0f6c7d0628301536a3df5895ffefc77e86256980727b7, vars: {}, profile: sales_project, target: dev, version: 1.12.0b3
[0m11:41:37.583286 [debug] [MainThread]: Partial parsing enabled: 0 files deleted, 0 files added, 1 files changed.
[0m11:41:37.584688 [debug] [MainThread]: Partial parsing: updated file: sales_project://models\marts\city_analysis.sql
[0m11:41:38.348413 [debug] [MainThread]: Sending event: {'category': 'dbt', 'action': 'load_project', 'label': '8316b05b-653e-4067-8b65-75690b053913', 'context': [<snowplow_tracker.self_describing_json.SelfDescribingJson object at 0x000001A771D20F50>]}
[0m11:41:38.536381 [debug] [MainThread]: Wrote artifact WritableManifest to D:\Data Analyst\Python\sales_project\target\manifest.json
[0m11:41:38.546114 [debug] [MainThread]: Wrote artifact SemanticManifest to D:\Data Analyst\Python\sales_project\target\semantic_manifest.json
[0m11:41:38.606041 [debug] [MainThread]: Wrote artifact OsiDocument to D:\Data Analyst\Python\sales_project\target\osi_document.json
[0m11:41:38.635666 [debug] [MainThread]: Sending event: {'category': 'dbt', 'action': 'resource_counts', 'label': '8316b05b-653e-4067-8b65-75690b053913', 'context': [<snowplow_tracker.self_describing_json.SelfDescribingJson object at 0x000001A77220F890>]}
[0m11:41:38.636898 [info ] [MainThread]: Found 19 models, 475 macros
[0m11:41:38.639172 [debug] [MainThread]: Sending event: {'category': 'dbt', 'action': 'runnable_timing', 'label': '8316b05b-653e-4067-8b65-75690b053913', 'context': [<snowplow_tracker.self_describing_json.SelfDescribingJson object at 0x000001A77238DB70>]}
[0m11:41:38.642986 [info ] [MainThread]: 
[0m11:41:38.645518 [info ] [MainThread]: Concurrency: 4 threads (target='dev')
[0m11:41:38.647248 [info ] [MainThread]: 
[0m11:41:38.667026 [debug] [MainThread]: Acquiring new postgres connection 'master'
[0m11:41:38.686014 [debug] [ThreadPool]: Acquiring new postgres connection 'list_sales_db'
[0m11:41:39.190782 [debug] [ThreadPool]: Using postgres connection "list_sales_db"
[0m11:41:39.191759 [debug] [ThreadPool]: On list_sales_db: /* {"app": "dbt", "dbt_version": "1.12.0b3", "profile_name": "sales_project", "target_name": "dev", "connection_name": "list_sales_db"} */

    select distinct nspname from pg_namespace
  
[0m11:41:39.192545 [debug] [ThreadPool]: Opening a new connection, currently in state init
[0m11:41:39.273683 [debug] [ThreadPool]: SQL status: SELECT 4 in 0.081 seconds
[0m11:41:39.276416 [debug] [ThreadPool]: On list_sales_db: Close
[0m11:41:39.291919 [debug] [ThreadPool]: Acquiring new postgres connection 'list_sales_db_public'
[0m11:41:39.305849 [debug] [ThreadPool]: Using postgres connection "list_sales_db_public"
[0m11:41:39.306807 [debug] [ThreadPool]: On list_sales_db_public: /* {"app": "dbt", "dbt_version": "1.12.0b3", "profile_name": "sales_project", "target_name": "dev", "connection_name": "list_sales_db_public"} */
select
      'sales_db' as database,
      tablename as name,
      schemaname as schema,
      'table' as type
    from pg_tables
    where schemaname ilike 'public'
    union all
    select
      'sales_db' as database,
      viewname as name,
      schemaname as schema,
      'view' as type
    from pg_views
    where schemaname ilike 'public'
    union all
    select
      'sales_db' as database,
      matviewname as name,
      schemaname as schema,
      'materialized_view' as type
    from pg_matviews
    where schemaname ilike 'public'
  
[0m11:41:39.307597 [debug] [ThreadPool]: Opening a new connection, currently in state init
[0m11:41:39.382196 [debug] [ThreadPool]: SQL status: SELECT 21 in 0.074 seconds
[0m11:41:39.385662 [debug] [ThreadPool]: On list_sales_db_public: ROLLBACK
[0m11:41:39.386661 [debug] [ThreadPool]: On list_sales_db_public: Close
[0m11:41:39.407534 [debug] [MainThread]: Using postgres connection "master"
[0m11:41:39.409504 [debug] [MainThread]: On master: /* {"app": "dbt", "dbt_version": "1.12.0b3", "profile_name": "sales_project", "target_name": "dev", "connection_name": "master"} */
select distinct
        dependent_namespace.nspname as dependent_schema,
        dependent_class.relname as dependent_name,
        referenced_namespace.nspname as referenced_schema,
        referenced_class.relname as referenced_name

    -- Query for views: views are entries in pg_class with an entry in pg_rewrite, but we avoid
    -- a seq scan on pg_rewrite by leveraging the fact there is an "internal" row in pg_depend for
    -- the view...
    from pg_class as dependent_class
    join pg_namespace as dependent_namespace on dependent_namespace.oid = dependent_class.relnamespace
    join pg_depend as dependent_depend on dependent_depend.refobjid = dependent_class.oid
        and dependent_depend.classid = 'pg_rewrite'::regclass
        and dependent_depend.refclassid = 'pg_class'::regclass
        and dependent_depend.deptype = 'i'

    -- ... and via pg_depend (that has a row per column, hence the need for "distinct" above, and
    -- making sure to exclude the internal row to avoid a view appearing to depend on itself)...
    join pg_depend as joining_depend on joining_depend.objid = dependent_depend.objid
        and joining_depend.classid = 'pg_rewrite'::regclass
        and joining_depend.refclassid = 'pg_class'::regclass
        and joining_depend.refobjid != dependent_depend.refobjid

    -- ... we can find the tables they query from in pg_class, but excluding system tables. Note we
    -- don't need need to exclude _dependent_ system tables, because they only query from other
    -- system tables, and so are automatically excluded by excluding _referenced_ system tables
    join pg_class as referenced_class on referenced_class.oid = joining_depend.refobjid
    join pg_namespace as referenced_namespace on referenced_namespace.oid = referenced_class.relnamespace
        and referenced_namespace.nspname != 'information_schema'
        and referenced_namespace.nspname not like 'pg\_%'

    order by
        dependent_schema, dependent_name, referenced_schema, referenced_name;
[0m11:41:39.411053 [debug] [MainThread]: Opening a new connection, currently in state init
[0m11:41:39.581933 [debug] [MainThread]: SQL status: SELECT 0 in 0.171 seconds
[0m11:41:39.584520 [debug] [MainThread]: Sending event: {'category': 'dbt', 'action': 'runnable_timing', 'label': '8316b05b-653e-4067-8b65-75690b053913', 'context': [<snowplow_tracker.self_describing_json.SelfDescribingJson object at 0x000001A771CF5230>]}
[0m11:41:39.585637 [debug] [MainThread]: On master: ROLLBACK
[0m11:41:39.586613 [debug] [MainThread]: On master: COMMIT
[0m11:41:39.587394 [debug] [MainThread]: Using postgres connection "master"
[0m11:41:39.588136 [debug] [MainThread]: On master: COMMIT
[0m11:41:39.589066 [debug] [MainThread]: SQL status: COMMIT in 0.000 seconds
[0m11:41:39.589795 [debug] [MainThread]: On master: Close
[0m11:41:39.598831 [debug] [Thread-1 (]: Began running node model.sales_project.city_analysis
[0m11:41:39.600316 [info ] [Thread-1 (]: 1 of 1 START sql table model public.city_analysis .............................. [RUN]
[0m11:41:39.602584 [debug] [Thread-1 (]: Acquiring new postgres connection 'model.sales_project.city_analysis'
[0m11:41:39.603634 [debug] [Thread-1 (]: Began compiling node model.sales_project.city_analysis
[0m11:41:39.624745 [debug] [Thread-1 (]: Writing injected SQL for node "model.sales_project.city_analysis"
[0m11:41:39.631181 [debug] [Thread-1 (]: Began executing node model.sales_project.city_analysis
[0m11:41:39.756877 [debug] [Thread-1 (]: Writing runtime sql for node "model.sales_project.city_analysis"
[0m11:41:39.758793 [debug] [Thread-1 (]: Using postgres connection "model.sales_project.city_analysis"
[0m11:41:39.759942 [debug] [Thread-1 (]: On model.sales_project.city_analysis: /* {"app": "dbt", "dbt_version": "1.12.0b3", "profile_name": "sales_project", "target_name": "dev", "node_id": "model.sales_project.city_analysis"} */

  
    

  create  table "sales_db"."public"."city_analysis__dbt_tmp"
  
  
    as
  
  (
    WITH city_stats AS (
    SELECT
        city,
        COUNT(DISTINCT customer_id) AS total_customers,
        COUNT(DISTINCT sale_id) AS total_invoices,
        SUM(quantity) AS total_quantity_sold,
        SUM(unit_price * quantity) AS total_revenue,
        ROUND(AVG(unit_price * quantity), 2) AS avg_order_value
    FROM "sales_db"."public"."stg_sales"
    GROUP BY city 
)

SELECT
    COALESCE(city,'Unknown') AS city,
    total_customers,
    total_invoices,
    total_quantity_sold,
    total_revenue,
    avg_order_value,
    ROUND(100.0 * total_revenue / SUM(total_revenue) OVER(), 2) AS revenue_percentage
FROM city_stats
HAVING city != 'Unknown'
ORDER BY total_revenue DESC
  );
  
[0m11:41:39.761469 [debug] [Thread-1 (]: Opening a new connection, currently in state init
[0m11:41:39.825210 [debug] [Thread-1 (]: Postgres adapter: Postgres error: column "city_stats.city" must appear in the GROUP BY clause or be used in an aggregate function
LINE 25:     COALESCE(city,'Unknown') AS city,
                      ^

[0m11:41:39.826274 [debug] [Thread-1 (]: On model.sales_project.city_analysis: ROLLBACK
[0m11:41:39.827930 [debug] [Thread-1 (]: On model.sales_project.city_analysis: Close
[0m11:41:39.849966 [debug] [Thread-1 (]: Database Error in model city_analysis (models\marts\city_analysis.sql)
  column "city_stats.city" must appear in the GROUP BY clause or be used in an aggregate function
  LINE 25:     COALESCE(city,'Unknown') AS city,
                        ^
  compiled code at target\run\sales_project\models\marts\city_analysis.sql
[0m11:41:39.854470 [debug] [Thread-1 (]: Sending event: {'category': 'dbt', 'action': 'run_model', 'label': '8316b05b-653e-4067-8b65-75690b053913', 'context': [<snowplow_tracker.self_describing_json.SelfDescribingJson object at 0x000001A772506510>]}
[0m11:41:39.856035 [error] [Thread-1 (]: 1 of 1 ERROR creating sql table model public.city_analysis ..................... [[31mERROR[0m in 0.25s]
[0m11:41:39.857798 [debug] [Thread-1 (]: Finished running node model.sales_project.city_analysis
[0m11:41:39.859158 [debug] [Thread-7 (]: Marking all children of 'model.sales_project.city_analysis' to be skipped because of status 'error'.  Reason: Database Error in model city_analysis (models\marts\city_analysis.sql)
  column "city_stats.city" must appear in the GROUP BY clause or be used in an aggregate function
  LINE 25:     COALESCE(city,'Unknown') AS city,
                        ^
  compiled code at target\run\sales_project\models\marts\city_analysis.sql.
[0m11:41:39.863734 [debug] [MainThread]: On master: COMMIT
[0m11:41:39.864634 [debug] [MainThread]: Using postgres connection "master"
[0m11:41:39.865370 [debug] [MainThread]: On master: COMMIT
[0m11:41:39.866078 [debug] [MainThread]: Opening a new connection, currently in state closed
[0m11:41:39.943936 [debug] [MainThread]: SQL status: COMMIT in 0.078 seconds
[0m11:41:39.945116 [debug] [MainThread]: On master: Close
[0m11:41:39.946307 [debug] [MainThread]: Connection 'master' was properly closed.
[0m11:41:39.947160 [debug] [MainThread]: Connection 'list_sales_db' was properly closed.
[0m11:41:39.947923 [debug] [MainThread]: Connection 'list_sales_db_public' was properly closed.
[0m11:41:39.948623 [debug] [MainThread]: Connection 'model.sales_project.city_analysis' was properly closed.
[0m11:41:39.949454 [info ] [MainThread]: 
[0m11:41:39.952012 [info ] [MainThread]: Finished running 1 table model in 0 hours 0 minutes and 1.30 seconds (1.30s).
[0m11:41:39.954677 [debug] [MainThread]: Command end result
[0m11:41:40.044916 [debug] [MainThread]: Wrote artifact WritableManifest to D:\Data Analyst\Python\sales_project\target\manifest.json
[0m11:41:40.054751 [debug] [MainThread]: Wrote artifact SemanticManifest to D:\Data Analyst\Python\sales_project\target\semantic_manifest.json
[0m11:41:40.065017 [debug] [MainThread]: Wrote artifact OsiDocument to D:\Data Analyst\Python\sales_project\target\osi_document.json
[0m11:41:40.089058 [debug] [MainThread]: Wrote artifact RunExecutionResult to D:\Data Analyst\Python\sales_project\target\run_results.json
[0m11:41:40.090012 [info ] [MainThread]: 
[0m11:41:40.091698 [info ] [MainThread]: [31mCompleted with 1 error, 0 partial successes, and 0 warnings:[0m
[0m11:41:40.093137 [info ] [MainThread]: 
[0m11:41:40.094997 [error] [MainThread]: [[31mERROR[0m]: in model city_analysis (models\marts\city_analysis.sql)
[0m11:41:40.101229 [error] [MainThread]:   Database Error in model city_analysis (models\marts\city_analysis.sql)
  column "city_stats.city" must appear in the GROUP BY clause or be used in an aggregate function
  LINE 25:     COALESCE(city,'Unknown') AS city,
                        ^
  compiled code at target\run\sales_project\models\marts\city_analysis.sql
[0m11:41:40.102419 [info ] [MainThread]: 
[0m11:41:40.103539 [info ] [MainThread]:   compiled code at target\compiled\sales_project\models\marts\city_analysis.sql
[0m11:41:40.104459 [info ] [MainThread]: 
[0m11:41:40.106365 [info ] [MainThread]: Done. PASS=0 WARN=0 ERROR=1 SKIP=0 NO-OP=0 REUSED=0 TOTAL=1
[0m11:41:40.109653 [debug] [MainThread]: Command `dbt run` failed at 11:41:40.109330 after 4.69 seconds
[0m11:41:40.116335 [debug] [MainThread]: Sending event: {'category': 'dbt', 'action': 'invocation', 'label': 'end', 'context': [<snowplow_tracker.self_describing_json.SelfDescribingJson object at 0x000001A77219E360>, <snowplow_tracker.self_describing_json.SelfDescribingJson object at 0x000001A7728B8FF0>, <snowplow_tracker.self_describing_json.SelfDescribingJson object at 0x000001A7728B8190>]}
[0m11:41:40.117266 [debug] [MainThread]: Flushing usage events
[0m11:41:40.123061 [debug] [MainThread]: An error was encountered while trying to flush usage events
[0m11:44:01.617622 [debug] [MainThread]: Sending event: {'category': 'dbt', 'action': 'invocation', 'label': 'start', 'context': [<snowplow_tracker.self_describing_json.SelfDescribingJson object at 0x0000020F7FECF8C0>, <snowplow_tracker.self_describing_json.SelfDescribingJson object at 0x0000020F0376BD90>, <snowplow_tracker.self_describing_json.SelfDescribingJson object at 0x0000020F0376B9D0>]}


============================== 11:44:01.627420 | 5f48eea3-9778-40cc-ab86-52c9fd84b537 ==============================
[0m11:44:01.627420 [info ] [MainThread]: Running with dbt=1.12.0-b3
[0m11:44:01.628848 [debug] [MainThread]: running dbt with arguments {'maximum_seed_size_mib': '1', 'no_print': 'None', 'version_check': 'True', 'target_path': 'None', 'warn_error_options': 'WarnErrorOptionsV2(error=[], warn=[], silence=[])', 'static_parser': 'True', 'printer_width': '80', 'write_json': 'True', 'empty': 'False', 'log_cache_events': 'False', 'introspect': 'True', 'cache_selected_only': 'False', 'log_format': 'default', 'debug': 'False', 'fail_fast': 'False', 'partial_parse': 'True', 'send_anonymous_usage_stats': 'True', 'quiet': 'False', 'warn_error': 'None', 'profiles_dir': 'C:\\Users\\Toranj\\.dbt', 'use_colors': 'True', 'invocation_command': 'dbt run --select city_analysis', 'indirect_selection': 'eager', 'use_experimental_parser': 'False', 'log_path': 'D:\\Data Analyst\\Python\\sales_project\\logs'}
[0m11:44:02.296756 [debug] [MainThread]: Sending event: {'category': 'dbt', 'action': 'project_id', 'label': '5f48eea3-9778-40cc-ab86-52c9fd84b537', 'context': [<snowplow_tracker.self_describing_json.SelfDescribingJson object at 0x0000020F016836F0>]}
[0m11:44:02.488206 [debug] [MainThread]: Sending event: {'category': 'dbt', 'action': 'adapter_info', 'label': '5f48eea3-9778-40cc-ab86-52c9fd84b537', 'context': [<snowplow_tracker.self_describing_json.SelfDescribingJson object at 0x0000020F03567680>]}
[0m11:44:02.491597 [info ] [MainThread]: Registered adapter: postgres=1.10.1
[0m11:44:03.026485 [debug] [MainThread]: checksum: 1422b360ba387c4a32c0f6c7d0628301536a3df5895ffefc77e86256980727b7, vars: {}, profile: sales_project, target: dev, version: 1.12.0b3
[0m11:44:03.508966 [debug] [MainThread]: Partial parsing enabled: 0 files deleted, 0 files added, 1 files changed.
[0m11:44:03.510570 [debug] [MainThread]: Partial parsing: updated file: sales_project://models\marts\city_analysis.sql
[0m11:44:04.260229 [debug] [MainThread]: Sending event: {'category': 'dbt', 'action': 'load_project', 'label': '5f48eea3-9778-40cc-ab86-52c9fd84b537', 'context': [<snowplow_tracker.self_describing_json.SelfDescribingJson object at 0x0000020F03860F50>]}
[0m11:44:04.455094 [debug] [MainThread]: Wrote artifact WritableManifest to D:\Data Analyst\Python\sales_project\target\manifest.json
[0m11:44:04.465835 [debug] [MainThread]: Wrote artifact SemanticManifest to D:\Data Analyst\Python\sales_project\target\semantic_manifest.json
[0m11:44:04.527207 [debug] [MainThread]: Wrote artifact OsiDocument to D:\Data Analyst\Python\sales_project\target\osi_document.json
[0m11:44:04.556354 [debug] [MainThread]: Sending event: {'category': 'dbt', 'action': 'resource_counts', 'label': '5f48eea3-9778-40cc-ab86-52c9fd84b537', 'context': [<snowplow_tracker.self_describing_json.SelfDescribingJson object at 0x0000020F03CCF890>]}
[0m11:44:04.557624 [info ] [MainThread]: Found 19 models, 475 macros
[0m11:44:04.561684 [debug] [MainThread]: Sending event: {'category': 'dbt', 'action': 'runnable_timing', 'label': '5f48eea3-9778-40cc-ab86-52c9fd84b537', 'context': [<snowplow_tracker.self_describing_json.SelfDescribingJson object at 0x0000020F03E4DB70>]}
[0m11:44:04.565340 [info ] [MainThread]: 
[0m11:44:04.566962 [info ] [MainThread]: Concurrency: 4 threads (target='dev')
[0m11:44:04.581473 [info ] [MainThread]: 
[0m11:44:04.584412 [debug] [MainThread]: Acquiring new postgres connection 'master'
[0m11:44:04.586798 [debug] [ThreadPool]: Acquiring new postgres connection 'list_sales_db'
[0m11:44:05.051976 [debug] [ThreadPool]: Using postgres connection "list_sales_db"
[0m11:44:05.052901 [debug] [ThreadPool]: On list_sales_db: /* {"app": "dbt", "dbt_version": "1.12.0b3", "profile_name": "sales_project", "target_name": "dev", "connection_name": "list_sales_db"} */

    select distinct nspname from pg_namespace
  
[0m11:44:05.053612 [debug] [ThreadPool]: Opening a new connection, currently in state init
[0m11:44:05.127789 [debug] [ThreadPool]: SQL status: SELECT 4 in 0.074 seconds
[0m11:44:05.130632 [debug] [ThreadPool]: On list_sales_db: Close
[0m11:44:05.145867 [debug] [ThreadPool]: Acquiring new postgres connection 'list_sales_db_public'
[0m11:44:05.162189 [debug] [ThreadPool]: Using postgres connection "list_sales_db_public"
[0m11:44:05.163125 [debug] [ThreadPool]: On list_sales_db_public: /* {"app": "dbt", "dbt_version": "1.12.0b3", "profile_name": "sales_project", "target_name": "dev", "connection_name": "list_sales_db_public"} */
select
      'sales_db' as database,
      tablename as name,
      schemaname as schema,
      'table' as type
    from pg_tables
    where schemaname ilike 'public'
    union all
    select
      'sales_db' as database,
      viewname as name,
      schemaname as schema,
      'view' as type
    from pg_views
    where schemaname ilike 'public'
    union all
    select
      'sales_db' as database,
      matviewname as name,
      schemaname as schema,
      'materialized_view' as type
    from pg_matviews
    where schemaname ilike 'public'
  
[0m11:44:05.163892 [debug] [ThreadPool]: Opening a new connection, currently in state init
[0m11:44:05.238729 [debug] [ThreadPool]: SQL status: SELECT 21 in 0.075 seconds
[0m11:44:05.243257 [debug] [ThreadPool]: On list_sales_db_public: ROLLBACK
[0m11:44:05.244364 [debug] [ThreadPool]: On list_sales_db_public: Close
[0m11:44:05.264381 [debug] [MainThread]: Using postgres connection "master"
[0m11:44:05.266427 [debug] [MainThread]: On master: /* {"app": "dbt", "dbt_version": "1.12.0b3", "profile_name": "sales_project", "target_name": "dev", "connection_name": "master"} */
select distinct
        dependent_namespace.nspname as dependent_schema,
        dependent_class.relname as dependent_name,
        referenced_namespace.nspname as referenced_schema,
        referenced_class.relname as referenced_name

    -- Query for views: views are entries in pg_class with an entry in pg_rewrite, but we avoid
    -- a seq scan on pg_rewrite by leveraging the fact there is an "internal" row in pg_depend for
    -- the view...
    from pg_class as dependent_class
    join pg_namespace as dependent_namespace on dependent_namespace.oid = dependent_class.relnamespace
    join pg_depend as dependent_depend on dependent_depend.refobjid = dependent_class.oid
        and dependent_depend.classid = 'pg_rewrite'::regclass
        and dependent_depend.refclassid = 'pg_class'::regclass
        and dependent_depend.deptype = 'i'

    -- ... and via pg_depend (that has a row per column, hence the need for "distinct" above, and
    -- making sure to exclude the internal row to avoid a view appearing to depend on itself)...
    join pg_depend as joining_depend on joining_depend.objid = dependent_depend.objid
        and joining_depend.classid = 'pg_rewrite'::regclass
        and joining_depend.refclassid = 'pg_class'::regclass
        and joining_depend.refobjid != dependent_depend.refobjid

    -- ... we can find the tables they query from in pg_class, but excluding system tables. Note we
    -- don't need need to exclude _dependent_ system tables, because they only query from other
    -- system tables, and so are automatically excluded by excluding _referenced_ system tables
    join pg_class as referenced_class on referenced_class.oid = joining_depend.refobjid
    join pg_namespace as referenced_namespace on referenced_namespace.oid = referenced_class.relnamespace
        and referenced_namespace.nspname != 'information_schema'
        and referenced_namespace.nspname not like 'pg\_%'

    order by
        dependent_schema, dependent_name, referenced_schema, referenced_name;
[0m11:44:05.267448 [debug] [MainThread]: Opening a new connection, currently in state init
[0m11:44:05.339352 [debug] [MainThread]: SQL status: SELECT 0 in 0.072 seconds
[0m11:44:05.342429 [debug] [MainThread]: Sending event: {'category': 'dbt', 'action': 'runnable_timing', 'label': '5f48eea3-9778-40cc-ab86-52c9fd84b537', 'context': [<snowplow_tracker.self_describing_json.SelfDescribingJson object at 0x0000020F03835230>]}
[0m11:44:05.343622 [debug] [MainThread]: On master: ROLLBACK
[0m11:44:05.344567 [debug] [MainThread]: On master: COMMIT
[0m11:44:05.345324 [debug] [MainThread]: Using postgres connection "master"
[0m11:44:05.346028 [debug] [MainThread]: On master: COMMIT
[0m11:44:05.346925 [debug] [MainThread]: SQL status: COMMIT in 0.000 seconds
[0m11:44:05.347645 [debug] [MainThread]: On master: Close
[0m11:44:05.363106 [debug] [Thread-1 (]: Began running node model.sales_project.city_analysis
[0m11:44:05.364439 [info ] [Thread-1 (]: 1 of 1 START sql table model public.city_analysis .............................. [RUN]
[0m11:44:05.366075 [debug] [Thread-1 (]: Acquiring new postgres connection 'model.sales_project.city_analysis'
[0m11:44:05.367088 [debug] [Thread-1 (]: Began compiling node model.sales_project.city_analysis
[0m11:44:05.385562 [debug] [Thread-1 (]: Writing injected SQL for node "model.sales_project.city_analysis"
[0m11:44:05.387559 [debug] [Thread-1 (]: Began executing node model.sales_project.city_analysis
[0m11:44:05.512384 [debug] [Thread-1 (]: Writing runtime sql for node "model.sales_project.city_analysis"
[0m11:44:05.514279 [debug] [Thread-1 (]: Using postgres connection "model.sales_project.city_analysis"
[0m11:44:05.515392 [debug] [Thread-1 (]: On model.sales_project.city_analysis: /* {"app": "dbt", "dbt_version": "1.12.0b3", "profile_name": "sales_project", "target_name": "dev", "node_id": "model.sales_project.city_analysis"} */

  
    

  create  table "sales_db"."public"."city_analysis__dbt_tmp"
  
  
    as
  
  (
    WITH city_stats AS (
    SELECT
        COALESCE(city,'Unknown') AS city,
        COUNT(DISTINCT customer_id) AS total_customers,
        COUNT(DISTINCT sale_id) AS total_invoices,
        SUM(quantity) AS total_quantity_sold,
        SUM(unit_price * quantity) AS total_revenue,
        ROUND(AVG(unit_price * quantity), 2) AS avg_order_value
    FROM "sales_db"."public"."stg_sales"
    GROUP BY city 
)

SELECT
    city,
    total_customers,
    total_invoices,
    total_quantity_sold,
    total_revenue,
    avg_order_value,
    ROUND(100.0 * total_revenue / SUM(total_revenue) OVER(), 2) AS revenue_percentage
FROM city_stats
HAVING city != 'Unknown'
ORDER BY total_revenue DESC
  );
  
[0m11:44:05.516527 [debug] [Thread-1 (]: Opening a new connection, currently in state init
[0m11:44:05.581085 [debug] [Thread-1 (]: Postgres adapter: Postgres error: column "city_stats.city" must appear in the GROUP BY clause or be used in an aggregate function
LINE 25:     city,
             ^

[0m11:44:05.582192 [debug] [Thread-1 (]: On model.sales_project.city_analysis: ROLLBACK
[0m11:44:05.583534 [debug] [Thread-1 (]: On model.sales_project.city_analysis: Close
[0m11:44:05.605437 [debug] [Thread-1 (]: Database Error in model city_analysis (models\marts\city_analysis.sql)
  column "city_stats.city" must appear in the GROUP BY clause or be used in an aggregate function
  LINE 25:     city,
               ^
  compiled code at target\run\sales_project\models\marts\city_analysis.sql
[0m11:44:05.610496 [debug] [Thread-1 (]: Sending event: {'category': 'dbt', 'action': 'run_model', 'label': '5f48eea3-9778-40cc-ab86-52c9fd84b537', 'context': [<snowplow_tracker.self_describing_json.SelfDescribingJson object at 0x0000020F03FC65D0>]}
[0m11:44:05.612082 [error] [Thread-1 (]: 1 of 1 ERROR creating sql table model public.city_analysis ..................... [[31mERROR[0m in 0.24s]
[0m11:44:05.613767 [debug] [Thread-1 (]: Finished running node model.sales_project.city_analysis
[0m11:44:05.615054 [debug] [Thread-7 (]: Marking all children of 'model.sales_project.city_analysis' to be skipped because of status 'error'.  Reason: Database Error in model city_analysis (models\marts\city_analysis.sql)
  column "city_stats.city" must appear in the GROUP BY clause or be used in an aggregate function
  LINE 25:     city,
               ^
  compiled code at target\run\sales_project\models\marts\city_analysis.sql.
[0m11:44:05.618776 [debug] [MainThread]: On master: COMMIT
[0m11:44:05.623597 [debug] [MainThread]: Using postgres connection "master"
[0m11:44:05.625553 [debug] [MainThread]: On master: COMMIT
[0m11:44:05.626248 [debug] [MainThread]: Opening a new connection, currently in state closed
[0m11:44:05.698141 [debug] [MainThread]: SQL status: COMMIT in 0.072 seconds
[0m11:44:05.699035 [debug] [MainThread]: On master: Close
[0m11:44:05.700010 [debug] [MainThread]: Connection 'master' was properly closed.
[0m11:44:05.700794 [debug] [MainThread]: Connection 'list_sales_db' was properly closed.
[0m11:44:05.701568 [debug] [MainThread]: Connection 'list_sales_db_public' was properly closed.
[0m11:44:05.702360 [debug] [MainThread]: Connection 'model.sales_project.city_analysis' was properly closed.
[0m11:44:05.703178 [info ] [MainThread]: 
[0m11:44:05.705690 [info ] [MainThread]: Finished running 1 table model in 0 hours 0 minutes and 1.12 seconds (1.12s).
[0m11:44:05.707952 [debug] [MainThread]: Command end result
[0m11:44:05.803986 [debug] [MainThread]: Wrote artifact WritableManifest to D:\Data Analyst\Python\sales_project\target\manifest.json
[0m11:44:05.814028 [debug] [MainThread]: Wrote artifact SemanticManifest to D:\Data Analyst\Python\sales_project\target\semantic_manifest.json
[0m11:44:05.825720 [debug] [MainThread]: Wrote artifact OsiDocument to D:\Data Analyst\Python\sales_project\target\osi_document.json
[0m11:44:05.864123 [debug] [MainThread]: Wrote artifact RunExecutionResult to D:\Data Analyst\Python\sales_project\target\run_results.json
[0m11:44:05.865044 [info ] [MainThread]: 
[0m11:44:05.868968 [info ] [MainThread]: [31mCompleted with 1 error, 0 partial successes, and 0 warnings:[0m
[0m11:44:05.875013 [info ] [MainThread]: 
[0m11:44:05.882032 [error] [MainThread]: [[31mERROR[0m]: in model city_analysis (models\marts\city_analysis.sql)
[0m11:44:05.884069 [error] [MainThread]:   Database Error in model city_analysis (models\marts\city_analysis.sql)
  column "city_stats.city" must appear in the GROUP BY clause or be used in an aggregate function
  LINE 25:     city,
               ^
  compiled code at target\run\sales_project\models\marts\city_analysis.sql
[0m11:44:05.885502 [info ] [MainThread]: 
[0m11:44:05.886660 [info ] [MainThread]:   compiled code at target\compiled\sales_project\models\marts\city_analysis.sql
[0m11:44:05.890296 [info ] [MainThread]: 
[0m11:44:05.896429 [info ] [MainThread]: Done. PASS=0 WARN=0 ERROR=1 SKIP=0 NO-OP=0 REUSED=0 TOTAL=1
[0m11:44:05.898991 [debug] [MainThread]: Command `dbt run` failed at 11:44:05.898715 after 4.65 seconds
[0m11:44:05.899873 [debug] [MainThread]: Sending event: {'category': 'dbt', 'action': 'invocation', 'label': 'end', 'context': [<snowplow_tracker.self_describing_json.SelfDescribingJson object at 0x0000020F03E2A360>, <snowplow_tracker.self_describing_json.SelfDescribingJson object at 0x0000020F04378FF0>, <snowplow_tracker.self_describing_json.SelfDescribingJson object at 0x0000020F04378190>]}
[0m11:44:05.900882 [debug] [MainThread]: Flushing usage events
[0m11:44:05.914511 [debug] [MainThread]: An error was encountered while trying to flush usage events
[0m11:50:24.629715 [debug] [MainThread]: Sending event: {'category': 'dbt', 'action': 'invocation', 'label': 'start', 'context': [<snowplow_tracker.self_describing_json.SelfDescribingJson object at 0x0000029BFF3EF8C0>, <snowplow_tracker.self_describing_json.SelfDescribingJson object at 0x0000029B81ABBD90>, <snowplow_tracker.self_describing_json.SelfDescribingJson object at 0x0000029B81ABB9D0>]}


============================== 11:50:24.639715 | 6b5fd1fb-ff7b-4da0-bcad-7ef198934b8b ==============================
[0m11:50:24.639715 [info ] [MainThread]: Running with dbt=1.12.0-b3
[0m11:50:24.644807 [debug] [MainThread]: running dbt with arguments {'static_parser': 'True', 'no_print': 'None', 'maximum_seed_size_mib': '1', 'target_path': 'None', 'warn_error_options': 'WarnErrorOptionsV2(error=[], warn=[], silence=[])', 'version_check': 'True', 'printer_width': '80', 'write_json': 'True', 'introspect': 'True', 'log_cache_events': 'False', 'empty': 'False', 'cache_selected_only': 'False', 'fail_fast': 'False', 'debug': 'False', 'log_format': 'default', 'profiles_dir': 'C:\\Users\\Toranj\\.dbt', 'send_anonymous_usage_stats': 'True', 'quiet': 'False', 'warn_error': 'None', 'partial_parse': 'True', 'use_colors': 'True', 'invocation_command': 'dbt run --select city_analysis', 'indirect_selection': 'eager', 'use_experimental_parser': 'False', 'log_path': 'D:\\Data Analyst\\Python\\sales_project\\logs'}
[0m11:50:25.320241 [debug] [MainThread]: Sending event: {'category': 'dbt', 'action': 'project_id', 'label': '6b5fd1fb-ff7b-4da0-bcad-7ef198934b8b', 'context': [<snowplow_tracker.self_describing_json.SelfDescribingJson object at 0x0000029BFF9736F0>]}
[0m11:50:25.501261 [debug] [MainThread]: Sending event: {'category': 'dbt', 'action': 'adapter_info', 'label': '6b5fd1fb-ff7b-4da0-bcad-7ef198934b8b', 'context': [<snowplow_tracker.self_describing_json.SelfDescribingJson object at 0x0000029B818B7680>]}
[0m11:50:25.504253 [info ] [MainThread]: Registered adapter: postgres=1.10.1
[0m11:50:26.059693 [debug] [MainThread]: checksum: 1422b360ba387c4a32c0f6c7d0628301536a3df5895ffefc77e86256980727b7, vars: {}, profile: sales_project, target: dev, version: 1.12.0b3
[0m11:50:26.656970 [debug] [MainThread]: Partial parsing enabled: 0 files deleted, 0 files added, 1 files changed.
[0m11:50:26.658538 [debug] [MainThread]: Partial parsing: updated file: sales_project://models\marts\city_analysis.sql
[0m11:50:27.499628 [debug] [MainThread]: Sending event: {'category': 'dbt', 'action': 'load_project', 'label': '6b5fd1fb-ff7b-4da0-bcad-7ef198934b8b', 'context': [<snowplow_tracker.self_describing_json.SelfDescribingJson object at 0x0000029B81BB0F50>]}
[0m11:50:27.736055 [debug] [MainThread]: Wrote artifact WritableManifest to D:\Data Analyst\Python\sales_project\target\manifest.json
[0m11:50:27.745339 [debug] [MainThread]: Wrote artifact SemanticManifest to D:\Data Analyst\Python\sales_project\target\semantic_manifest.json
[0m11:50:27.821303 [debug] [MainThread]: Wrote artifact OsiDocument to D:\Data Analyst\Python\sales_project\target\osi_document.json
[0m11:50:27.854390 [debug] [MainThread]: Sending event: {'category': 'dbt', 'action': 'resource_counts', 'label': '6b5fd1fb-ff7b-4da0-bcad-7ef198934b8b', 'context': [<snowplow_tracker.self_describing_json.SelfDescribingJson object at 0x0000029B8200F890>]}
[0m11:50:27.855838 [info ] [MainThread]: Found 19 models, 475 macros
[0m11:50:27.858150 [debug] [MainThread]: Sending event: {'category': 'dbt', 'action': 'runnable_timing', 'label': '6b5fd1fb-ff7b-4da0-bcad-7ef198934b8b', 'context': [<snowplow_tracker.self_describing_json.SelfDescribingJson object at 0x0000029B8218DB70>]}
[0m11:50:27.865866 [info ] [MainThread]: 
[0m11:50:27.871847 [info ] [MainThread]: Concurrency: 4 threads (target='dev')
[0m11:50:27.872902 [info ] [MainThread]: 
[0m11:50:27.874217 [debug] [MainThread]: Acquiring new postgres connection 'master'
[0m11:50:27.876244 [debug] [ThreadPool]: Acquiring new postgres connection 'list_sales_db'
[0m11:50:28.347311 [debug] [ThreadPool]: Using postgres connection "list_sales_db"
[0m11:50:28.348194 [debug] [ThreadPool]: On list_sales_db: /* {"app": "dbt", "dbt_version": "1.12.0b3", "profile_name": "sales_project", "target_name": "dev", "connection_name": "list_sales_db"} */

    select distinct nspname from pg_namespace
  
[0m11:50:28.348904 [debug] [ThreadPool]: Opening a new connection, currently in state init
[0m11:50:28.423909 [debug] [ThreadPool]: SQL status: SELECT 4 in 0.075 seconds
[0m11:50:28.426636 [debug] [ThreadPool]: On list_sales_db: Close
[0m11:50:28.440335 [debug] [ThreadPool]: Acquiring new postgres connection 'list_sales_db_public'
[0m11:50:28.454090 [debug] [ThreadPool]: Using postgres connection "list_sales_db_public"
[0m11:50:28.455035 [debug] [ThreadPool]: On list_sales_db_public: /* {"app": "dbt", "dbt_version": "1.12.0b3", "profile_name": "sales_project", "target_name": "dev", "connection_name": "list_sales_db_public"} */
select
      'sales_db' as database,
      tablename as name,
      schemaname as schema,
      'table' as type
    from pg_tables
    where schemaname ilike 'public'
    union all
    select
      'sales_db' as database,
      viewname as name,
      schemaname as schema,
      'view' as type
    from pg_views
    where schemaname ilike 'public'
    union all
    select
      'sales_db' as database,
      matviewname as name,
      schemaname as schema,
      'materialized_view' as type
    from pg_matviews
    where schemaname ilike 'public'
  
[0m11:50:28.455946 [debug] [ThreadPool]: Opening a new connection, currently in state init
[0m11:50:28.529161 [debug] [ThreadPool]: SQL status: SELECT 21 in 0.073 seconds
[0m11:50:28.532694 [debug] [ThreadPool]: On list_sales_db_public: ROLLBACK
[0m11:50:28.533991 [debug] [ThreadPool]: On list_sales_db_public: Close
[0m11:50:28.553991 [debug] [MainThread]: Using postgres connection "master"
[0m11:50:28.556374 [debug] [MainThread]: On master: /* {"app": "dbt", "dbt_version": "1.12.0b3", "profile_name": "sales_project", "target_name": "dev", "connection_name": "master"} */
select distinct
        dependent_namespace.nspname as dependent_schema,
        dependent_class.relname as dependent_name,
        referenced_namespace.nspname as referenced_schema,
        referenced_class.relname as referenced_name

    -- Query for views: views are entries in pg_class with an entry in pg_rewrite, but we avoid
    -- a seq scan on pg_rewrite by leveraging the fact there is an "internal" row in pg_depend for
    -- the view...
    from pg_class as dependent_class
    join pg_namespace as dependent_namespace on dependent_namespace.oid = dependent_class.relnamespace
    join pg_depend as dependent_depend on dependent_depend.refobjid = dependent_class.oid
        and dependent_depend.classid = 'pg_rewrite'::regclass
        and dependent_depend.refclassid = 'pg_class'::regclass
        and dependent_depend.deptype = 'i'

    -- ... and via pg_depend (that has a row per column, hence the need for "distinct" above, and
    -- making sure to exclude the internal row to avoid a view appearing to depend on itself)...
    join pg_depend as joining_depend on joining_depend.objid = dependent_depend.objid
        and joining_depend.classid = 'pg_rewrite'::regclass
        and joining_depend.refclassid = 'pg_class'::regclass
        and joining_depend.refobjid != dependent_depend.refobjid

    -- ... we can find the tables they query from in pg_class, but excluding system tables. Note we
    -- don't need need to exclude _dependent_ system tables, because they only query from other
    -- system tables, and so are automatically excluded by excluding _referenced_ system tables
    join pg_class as referenced_class on referenced_class.oid = joining_depend.refobjid
    join pg_namespace as referenced_namespace on referenced_namespace.oid = referenced_class.relnamespace
        and referenced_namespace.nspname != 'information_schema'
        and referenced_namespace.nspname not like 'pg\_%'

    order by
        dependent_schema, dependent_name, referenced_schema, referenced_name;
[0m11:50:28.557418 [debug] [MainThread]: Opening a new connection, currently in state init
[0m11:50:28.632283 [debug] [MainThread]: SQL status: SELECT 0 in 0.075 seconds
[0m11:50:28.635023 [debug] [MainThread]: Sending event: {'category': 'dbt', 'action': 'runnable_timing', 'label': '6b5fd1fb-ff7b-4da0-bcad-7ef198934b8b', 'context': [<snowplow_tracker.self_describing_json.SelfDescribingJson object at 0x0000029B81B85230>]}
[0m11:50:28.636046 [debug] [MainThread]: On master: ROLLBACK
[0m11:50:28.636964 [debug] [MainThread]: On master: COMMIT
[0m11:50:28.637695 [debug] [MainThread]: Using postgres connection "master"
[0m11:50:28.638389 [debug] [MainThread]: On master: COMMIT
[0m11:50:28.639349 [debug] [MainThread]: SQL status: COMMIT in 0.000 seconds
[0m11:50:28.640271 [debug] [MainThread]: On master: Close
[0m11:50:28.655020 [debug] [Thread-1 (]: Began running node model.sales_project.city_analysis
[0m11:50:28.656329 [info ] [Thread-1 (]: 1 of 1 START sql table model public.city_analysis .............................. [RUN]
[0m11:50:28.657804 [debug] [Thread-1 (]: Acquiring new postgres connection 'model.sales_project.city_analysis'
[0m11:50:28.658755 [debug] [Thread-1 (]: Began compiling node model.sales_project.city_analysis
[0m11:50:28.677360 [debug] [Thread-1 (]: Writing injected SQL for node "model.sales_project.city_analysis"
[0m11:50:28.684927 [debug] [Thread-1 (]: Began executing node model.sales_project.city_analysis
[0m11:50:28.811826 [debug] [Thread-1 (]: Writing runtime sql for node "model.sales_project.city_analysis"
[0m11:50:28.813931 [debug] [Thread-1 (]: Using postgres connection "model.sales_project.city_analysis"
[0m11:50:28.815138 [debug] [Thread-1 (]: On model.sales_project.city_analysis: /* {"app": "dbt", "dbt_version": "1.12.0b3", "profile_name": "sales_project", "target_name": "dev", "node_id": "model.sales_project.city_analysis"} */

  
    

  create  table "sales_db"."public"."city_analysis__dbt_tmp"
  
  
    as
  
  (
    WITH city_fixed AS (
    SELECT
        CASE 
            WHEN city IS NULL OR city = '' THEN 'Unknown'  
            ELSE city  
        END AS city_clean,
        customer_id,
        sale_id,
        quantity,
        unit_price,
        (unit_price * quantity) AS total_amount
    FROM "sales_db"."public"."stg_sales"    
),
city_stats AS (
    SELECT
        city_clean AS city,
        COUNT(DISTINCT customer_id) AS total_customers,
        COUNT(DISTINCT sale_id) AS total_invoices,
        SUM(quantity) AS total_quantity_sold,
        SUM(unit_price * quantity) AS total_revenue,
        ROUND(AVG(unit_price * quantity), 2) AS avg_order_value
    FROM city_fixed
    GROUP BY city_clean 
)

SELECT
    city,
    total_customers,
    total_invoices,
    total_quantity_sold,
    total_revenue,
    avg_order_value,
    ROUND(100.0 * total_revenue / SUM(total_revenue) OVER(), 2) AS revenue_percentage
FROM city_stats
HAVING city != 'Unknown'
ORDER BY total_revenue DESC
  );
  
[0m11:50:28.816399 [debug] [Thread-1 (]: Opening a new connection, currently in state init
[0m11:50:28.879242 [debug] [Thread-1 (]: Postgres adapter: Postgres error: column "city_stats.city" must appear in the GROUP BY clause or be used in an aggregate function
LINE 38:     city,
             ^

[0m11:50:28.880283 [debug] [Thread-1 (]: On model.sales_project.city_analysis: ROLLBACK
[0m11:50:28.881726 [debug] [Thread-1 (]: On model.sales_project.city_analysis: Close
[0m11:50:28.904422 [debug] [Thread-1 (]: Database Error in model city_analysis (models\marts\city_analysis.sql)
  column "city_stats.city" must appear in the GROUP BY clause or be used in an aggregate function
  LINE 38:     city,
               ^
  compiled code at target\run\sales_project\models\marts\city_analysis.sql
[0m11:50:28.909063 [debug] [Thread-1 (]: Sending event: {'category': 'dbt', 'action': 'run_model', 'label': '6b5fd1fb-ff7b-4da0-bcad-7ef198934b8b', 'context': [<snowplow_tracker.self_describing_json.SelfDescribingJson object at 0x0000029B822FE5D0>]}
[0m11:50:28.910667 [error] [Thread-1 (]: 1 of 1 ERROR creating sql table model public.city_analysis ..................... [[31mERROR[0m in 0.25s]
[0m11:50:28.913122 [debug] [Thread-1 (]: Finished running node model.sales_project.city_analysis
[0m11:50:28.914498 [debug] [Thread-7 (]: Marking all children of 'model.sales_project.city_analysis' to be skipped because of status 'error'.  Reason: Database Error in model city_analysis (models\marts\city_analysis.sql)
  column "city_stats.city" must appear in the GROUP BY clause or be used in an aggregate function
  LINE 38:     city,
               ^
  compiled code at target\run\sales_project\models\marts\city_analysis.sql.
[0m11:50:28.918952 [debug] [MainThread]: On master: COMMIT
[0m11:50:28.919950 [debug] [MainThread]: Using postgres connection "master"
[0m11:50:28.920682 [debug] [MainThread]: On master: COMMIT
[0m11:50:28.921360 [debug] [MainThread]: Opening a new connection, currently in state closed
[0m11:50:29.003096 [debug] [MainThread]: SQL status: COMMIT in 0.081 seconds
[0m11:50:29.004019 [debug] [MainThread]: On master: Close
[0m11:50:29.005031 [debug] [MainThread]: Connection 'master' was properly closed.
[0m11:50:29.005777 [debug] [MainThread]: Connection 'list_sales_db' was properly closed.
[0m11:50:29.006547 [debug] [MainThread]: Connection 'list_sales_db_public' was properly closed.
[0m11:50:29.007395 [debug] [MainThread]: Connection 'model.sales_project.city_analysis' was properly closed.
[0m11:50:29.008265 [info ] [MainThread]: 
[0m11:50:29.010094 [info ] [MainThread]: Finished running 1 table model in 0 hours 0 minutes and 1.13 seconds (1.13s).
[0m11:50:29.011997 [debug] [MainThread]: Command end result
[0m11:50:29.098555 [debug] [MainThread]: Wrote artifact WritableManifest to D:\Data Analyst\Python\sales_project\target\manifest.json
[0m11:50:29.110658 [debug] [MainThread]: Wrote artifact SemanticManifest to D:\Data Analyst\Python\sales_project\target\semantic_manifest.json
[0m11:50:29.121475 [debug] [MainThread]: Wrote artifact OsiDocument to D:\Data Analyst\Python\sales_project\target\osi_document.json
[0m11:50:29.155170 [debug] [MainThread]: Wrote artifact RunExecutionResult to D:\Data Analyst\Python\sales_project\target\run_results.json
[0m11:50:29.156045 [info ] [MainThread]: 
[0m11:50:29.157189 [info ] [MainThread]: [31mCompleted with 1 error, 0 partial successes, and 0 warnings:[0m
[0m11:50:29.158170 [info ] [MainThread]: 
[0m11:50:29.159418 [error] [MainThread]: [[31mERROR[0m]: in model city_analysis (models\marts\city_analysis.sql)
[0m11:50:29.161209 [error] [MainThread]:   Database Error in model city_analysis (models\marts\city_analysis.sql)
  column "city_stats.city" must appear in the GROUP BY clause or be used in an aggregate function
  LINE 38:     city,
               ^
  compiled code at target\run\sales_project\models\marts\city_analysis.sql
[0m11:50:29.171712 [info ] [MainThread]: 
[0m11:50:29.174116 [info ] [MainThread]:   compiled code at target\compiled\sales_project\models\marts\city_analysis.sql
[0m11:50:29.175394 [info ] [MainThread]: 
[0m11:50:29.176505 [info ] [MainThread]: Done. PASS=0 WARN=0 ERROR=1 SKIP=0 NO-OP=0 REUSED=0 TOTAL=1
[0m11:50:29.179431 [debug] [MainThread]: Command `dbt run` failed at 11:50:29.179058 after 4.91 seconds
[0m11:50:29.180533 [debug] [MainThread]: Sending event: {'category': 'dbt', 'action': 'invocation', 'label': 'end', 'context': [<snowplow_tracker.self_describing_json.SelfDescribingJson object at 0x0000029B8216A360>, <snowplow_tracker.self_describing_json.SelfDescribingJson object at 0x0000029B826B8FF0>, <snowplow_tracker.self_describing_json.SelfDescribingJson object at 0x0000029B826B8190>]}
[0m11:50:29.181510 [debug] [MainThread]: Flushing usage events
[0m11:50:29.191916 [debug] [MainThread]: An error was encountered while trying to flush usage events
[0m11:51:53.503165 [debug] [MainThread]: Sending event: {'category': 'dbt', 'action': 'invocation', 'label': 'start', 'context': [<snowplow_tracker.self_describing_json.SelfDescribingJson object at 0x000002077793F8C0>, <snowplow_tracker.self_describing_json.SelfDescribingJson object at 0x0000020779FBBD90>, <snowplow_tracker.self_describing_json.SelfDescribingJson object at 0x0000020779FBB9D0>]}


============================== 11:51:53.512592 | a434fe1c-32fb-4ad7-9b6e-72dc6b9772a3 ==============================
[0m11:51:53.512592 [info ] [MainThread]: Running with dbt=1.12.0-b3
[0m11:51:53.514083 [debug] [MainThread]: running dbt with arguments {'version_check': 'True', 'no_print': 'None', 'static_parser': 'True', 'warn_error_options': 'WarnErrorOptionsV2(error=[], warn=[], silence=[])', 'target_path': 'None', 'maximum_seed_size_mib': '1', 'printer_width': '80', 'write_json': 'True', 'empty': 'False', 'log_cache_events': 'False', 'introspect': 'True', 'cache_selected_only': 'False', 'fail_fast': 'False', 'debug': 'False', 'log_format': 'default', 'profiles_dir': 'C:\\Users\\Toranj\\.dbt', 'send_anonymous_usage_stats': 'True', 'quiet': 'False', 'warn_error': 'None', 'partial_parse': 'True', 'indirect_selection': 'eager', 'invocation_command': 'dbt run --select city_analysis', 'use_colors': 'True', 'use_experimental_parser': 'False', 'log_path': 'D:\\Data Analyst\\Python\\sales_project\\logs'}
[0m11:51:54.194676 [debug] [MainThread]: Sending event: {'category': 'dbt', 'action': 'project_id', 'label': 'a434fe1c-32fb-4ad7-9b6e-72dc6b9772a3', 'context': [<snowplow_tracker.self_describing_json.SelfDescribingJson object at 0x0000020777EC76F0>]}
[0m11:51:54.381629 [debug] [MainThread]: Sending event: {'category': 'dbt', 'action': 'adapter_info', 'label': 'a434fe1c-32fb-4ad7-9b6e-72dc6b9772a3', 'context': [<snowplow_tracker.self_describing_json.SelfDescribingJson object at 0x0000020779DB7680>]}
[0m11:51:54.384721 [info ] [MainThread]: Registered adapter: postgres=1.10.1
[0m11:51:54.932781 [debug] [MainThread]: checksum: 1422b360ba387c4a32c0f6c7d0628301536a3df5895ffefc77e86256980727b7, vars: {}, profile: sales_project, target: dev, version: 1.12.0b3
[0m11:51:55.443582 [debug] [MainThread]: Partial parsing enabled: 0 files deleted, 0 files added, 1 files changed.
[0m11:51:55.444909 [debug] [MainThread]: Partial parsing: updated file: sales_project://models\marts\city_analysis.sql
[0m11:51:56.177622 [debug] [MainThread]: Sending event: {'category': 'dbt', 'action': 'load_project', 'label': 'a434fe1c-32fb-4ad7-9b6e-72dc6b9772a3', 'context': [<snowplow_tracker.self_describing_json.SelfDescribingJson object at 0x000002077A0B0F50>]}
[0m11:51:56.371950 [debug] [MainThread]: Wrote artifact WritableManifest to D:\Data Analyst\Python\sales_project\target\manifest.json
[0m11:51:56.383521 [debug] [MainThread]: Wrote artifact SemanticManifest to D:\Data Analyst\Python\sales_project\target\semantic_manifest.json
[0m11:51:56.448835 [debug] [MainThread]: Wrote artifact OsiDocument to D:\Data Analyst\Python\sales_project\target\osi_document.json
[0m11:51:56.484465 [debug] [MainThread]: Sending event: {'category': 'dbt', 'action': 'resource_counts', 'label': 'a434fe1c-32fb-4ad7-9b6e-72dc6b9772a3', 'context': [<snowplow_tracker.self_describing_json.SelfDescribingJson object at 0x000002077A4FF890>]}
[0m11:51:56.485819 [info ] [MainThread]: Found 19 models, 475 macros
[0m11:51:56.487512 [debug] [MainThread]: Sending event: {'category': 'dbt', 'action': 'runnable_timing', 'label': 'a434fe1c-32fb-4ad7-9b6e-72dc6b9772a3', 'context': [<snowplow_tracker.self_describing_json.SelfDescribingJson object at 0x000002077A67DB70>]}
[0m11:51:56.491372 [info ] [MainThread]: 
[0m11:51:56.495525 [info ] [MainThread]: Concurrency: 4 threads (target='dev')
[0m11:51:56.497304 [info ] [MainThread]: 
[0m11:51:56.509323 [debug] [MainThread]: Acquiring new postgres connection 'master'
[0m11:51:56.511443 [debug] [ThreadPool]: Acquiring new postgres connection 'list_sales_db'
[0m11:51:57.005716 [debug] [ThreadPool]: Using postgres connection "list_sales_db"
[0m11:51:57.006767 [debug] [ThreadPool]: On list_sales_db: /* {"app": "dbt", "dbt_version": "1.12.0b3", "profile_name": "sales_project", "target_name": "dev", "connection_name": "list_sales_db"} */

    select distinct nspname from pg_namespace
  
[0m11:51:57.007601 [debug] [ThreadPool]: Opening a new connection, currently in state init
[0m11:51:57.090652 [debug] [ThreadPool]: SQL status: SELECT 4 in 0.083 seconds
[0m11:51:57.093608 [debug] [ThreadPool]: On list_sales_db: Close
[0m11:51:57.107483 [debug] [ThreadPool]: Acquiring new postgres connection 'list_sales_db_public'
[0m11:51:57.121471 [debug] [ThreadPool]: Using postgres connection "list_sales_db_public"
[0m11:51:57.122409 [debug] [ThreadPool]: On list_sales_db_public: /* {"app": "dbt", "dbt_version": "1.12.0b3", "profile_name": "sales_project", "target_name": "dev", "connection_name": "list_sales_db_public"} */
select
      'sales_db' as database,
      tablename as name,
      schemaname as schema,
      'table' as type
    from pg_tables
    where schemaname ilike 'public'
    union all
    select
      'sales_db' as database,
      viewname as name,
      schemaname as schema,
      'view' as type
    from pg_views
    where schemaname ilike 'public'
    union all
    select
      'sales_db' as database,
      matviewname as name,
      schemaname as schema,
      'materialized_view' as type
    from pg_matviews
    where schemaname ilike 'public'
  
[0m11:51:57.123176 [debug] [ThreadPool]: Opening a new connection, currently in state init
[0m11:51:57.196443 [debug] [ThreadPool]: SQL status: SELECT 21 in 0.073 seconds
[0m11:51:57.200153 [debug] [ThreadPool]: On list_sales_db_public: ROLLBACK
[0m11:51:57.201428 [debug] [ThreadPool]: On list_sales_db_public: Close
[0m11:51:57.223802 [debug] [MainThread]: Using postgres connection "master"
[0m11:51:57.225849 [debug] [MainThread]: On master: /* {"app": "dbt", "dbt_version": "1.12.0b3", "profile_name": "sales_project", "target_name": "dev", "connection_name": "master"} */
select distinct
        dependent_namespace.nspname as dependent_schema,
        dependent_class.relname as dependent_name,
        referenced_namespace.nspname as referenced_schema,
        referenced_class.relname as referenced_name

    -- Query for views: views are entries in pg_class with an entry in pg_rewrite, but we avoid
    -- a seq scan on pg_rewrite by leveraging the fact there is an "internal" row in pg_depend for
    -- the view...
    from pg_class as dependent_class
    join pg_namespace as dependent_namespace on dependent_namespace.oid = dependent_class.relnamespace
    join pg_depend as dependent_depend on dependent_depend.refobjid = dependent_class.oid
        and dependent_depend.classid = 'pg_rewrite'::regclass
        and dependent_depend.refclassid = 'pg_class'::regclass
        and dependent_depend.deptype = 'i'

    -- ... and via pg_depend (that has a row per column, hence the need for "distinct" above, and
    -- making sure to exclude the internal row to avoid a view appearing to depend on itself)...
    join pg_depend as joining_depend on joining_depend.objid = dependent_depend.objid
        and joining_depend.classid = 'pg_rewrite'::regclass
        and joining_depend.refclassid = 'pg_class'::regclass
        and joining_depend.refobjid != dependent_depend.refobjid

    -- ... we can find the tables they query from in pg_class, but excluding system tables. Note we
    -- don't need need to exclude _dependent_ system tables, because they only query from other
    -- system tables, and so are automatically excluded by excluding _referenced_ system tables
    join pg_class as referenced_class on referenced_class.oid = joining_depend.refobjid
    join pg_namespace as referenced_namespace on referenced_namespace.oid = referenced_class.relnamespace
        and referenced_namespace.nspname != 'information_schema'
        and referenced_namespace.nspname not like 'pg\_%'

    order by
        dependent_schema, dependent_name, referenced_schema, referenced_name;
[0m11:51:57.226869 [debug] [MainThread]: Opening a new connection, currently in state init
[0m11:51:57.301353 [debug] [MainThread]: SQL status: SELECT 0 in 0.074 seconds
[0m11:51:57.303877 [debug] [MainThread]: Sending event: {'category': 'dbt', 'action': 'runnable_timing', 'label': 'a434fe1c-32fb-4ad7-9b6e-72dc6b9772a3', 'context': [<snowplow_tracker.self_describing_json.SelfDescribingJson object at 0x000002077A085230>]}
[0m11:51:57.304818 [debug] [MainThread]: On master: ROLLBACK
[0m11:51:57.305756 [debug] [MainThread]: On master: COMMIT
[0m11:51:57.306496 [debug] [MainThread]: Using postgres connection "master"
[0m11:51:57.307190 [debug] [MainThread]: On master: COMMIT
[0m11:51:57.308059 [debug] [MainThread]: SQL status: COMMIT in 0.000 seconds
[0m11:51:57.308771 [debug] [MainThread]: On master: Close
[0m11:51:57.320185 [debug] [Thread-1 (]: Began running node model.sales_project.city_analysis
[0m11:51:57.321433 [info ] [Thread-1 (]: 1 of 1 START sql table model public.city_analysis .............................. [RUN]
[0m11:51:57.322907 [debug] [Thread-1 (]: Acquiring new postgres connection 'model.sales_project.city_analysis'
[0m11:51:57.324209 [debug] [Thread-1 (]: Began compiling node model.sales_project.city_analysis
[0m11:51:57.357544 [debug] [Thread-1 (]: Writing injected SQL for node "model.sales_project.city_analysis"
[0m11:51:57.359274 [debug] [Thread-1 (]: Began executing node model.sales_project.city_analysis
[0m11:51:57.472185 [debug] [Thread-1 (]: Writing runtime sql for node "model.sales_project.city_analysis"
[0m11:51:57.474131 [debug] [Thread-1 (]: Using postgres connection "model.sales_project.city_analysis"
[0m11:51:57.475344 [debug] [Thread-1 (]: On model.sales_project.city_analysis: /* {"app": "dbt", "dbt_version": "1.12.0b3", "profile_name": "sales_project", "target_name": "dev", "node_id": "model.sales_project.city_analysis"} */

  
    

  create  table "sales_db"."public"."city_analysis__dbt_tmp"
  
  
    as
  
  (
    WITH city_fixed AS (
    SELECT
        CASE 
            WHEN city IS NULL OR city = '' THEN 'Unknown'  
            ELSE city  
        END AS city_clean,
        customer_id,
        sale_id,
        quantity,
        unit_price,
        (unit_price * quantity) AS total_amount
    FROM "sales_db"."public"."stg_sales"    
),
city_stats AS (
    SELECT
        city_clean AS city,
        COUNT(DISTINCT customer_id) AS total_customers,
        COUNT(DISTINCT sale_id) AS total_invoices,
        SUM(quantity) AS total_quantity_sold,
        SUM(unit_price * quantity) AS total_revenue,
        ROUND(AVG(unit_price * quantity), 2) AS avg_order_value
    FROM city_fixed
    GROUP BY city_clean 
)

SELECT
    city,
    total_customers,
    total_invoices,
    total_quantity_sold,
    total_revenue,
    avg_order_value,
    ROUND(100.0 * total_revenue / SUM(total_revenue) OVER(), 2) AS revenue_percentage
FROM city_stats
WHERE city != 'Unknown'
ORDER BY total_revenue DESC
  );
  
[0m11:51:57.476412 [debug] [Thread-1 (]: Opening a new connection, currently in state init
[0m11:51:57.795264 [debug] [Thread-1 (]: SQL status: SELECT 31 in 0.319 seconds
[0m11:51:57.818326 [debug] [Thread-1 (]: Using postgres connection "model.sales_project.city_analysis"
[0m11:51:57.819346 [debug] [Thread-1 (]: On model.sales_project.city_analysis: /* {"app": "dbt", "dbt_version": "1.12.0b3", "profile_name": "sales_project", "target_name": "dev", "node_id": "model.sales_project.city_analysis"} */
alter table "sales_db"."public"."city_analysis" rename to "city_analysis__dbt_backup"
[0m11:51:57.820989 [debug] [Thread-1 (]: SQL status: ALTER TABLE in 0.001 seconds
[0m11:51:57.828064 [debug] [Thread-1 (]: Using postgres connection "model.sales_project.city_analysis"
[0m11:51:57.829064 [debug] [Thread-1 (]: On model.sales_project.city_analysis: /* {"app": "dbt", "dbt_version": "1.12.0b3", "profile_name": "sales_project", "target_name": "dev", "node_id": "model.sales_project.city_analysis"} */
alter table "sales_db"."public"."city_analysis__dbt_tmp" rename to "city_analysis"
[0m11:51:57.830864 [debug] [Thread-1 (]: SQL status: ALTER TABLE in 0.001 seconds
[0m11:51:57.889063 [debug] [Thread-1 (]: On model.sales_project.city_analysis: COMMIT
[0m11:51:57.890383 [debug] [Thread-1 (]: Using postgres connection "model.sales_project.city_analysis"
[0m11:51:57.891425 [debug] [Thread-1 (]: On model.sales_project.city_analysis: COMMIT
[0m11:51:57.893903 [debug] [Thread-1 (]: SQL status: COMMIT in 0.001 seconds
[0m11:51:57.909363 [debug] [Thread-1 (]: Applying DROP to: "sales_db"."public"."city_analysis__dbt_backup"
[0m11:51:57.922768 [debug] [Thread-1 (]: Using postgres connection "model.sales_project.city_analysis"
[0m11:51:57.923810 [debug] [Thread-1 (]: On model.sales_project.city_analysis: /* {"app": "dbt", "dbt_version": "1.12.0b3", "profile_name": "sales_project", "target_name": "dev", "node_id": "model.sales_project.city_analysis"} */
drop table if exists "sales_db"."public"."city_analysis__dbt_backup" cascade
[0m11:51:57.930073 [debug] [Thread-1 (]: SQL status: DROP TABLE in 0.005 seconds
[0m11:51:57.936071 [debug] [Thread-1 (]: On model.sales_project.city_analysis: Close
[0m11:51:57.941106 [debug] [Thread-1 (]: Sending event: {'category': 'dbt', 'action': 'run_model', 'label': 'a434fe1c-32fb-4ad7-9b6e-72dc6b9772a3', 'context': [<snowplow_tracker.self_describing_json.SelfDescribingJson object at 0x000002077A7F9F10>]}
[0m11:51:57.942790 [info ] [Thread-1 (]: 1 of 1 OK created sql table model public.city_analysis ......................... [[32mSELECT 31[0m in 0.62s]
[0m11:51:57.945435 [debug] [Thread-1 (]: Finished running node model.sales_project.city_analysis
[0m11:51:57.948198 [debug] [MainThread]: On master: COMMIT
[0m11:51:57.949162 [debug] [MainThread]: Using postgres connection "master"
[0m11:51:57.949982 [debug] [MainThread]: On master: COMMIT
[0m11:51:57.950876 [debug] [MainThread]: Opening a new connection, currently in state closed
[0m11:51:58.025920 [debug] [MainThread]: SQL status: COMMIT in 0.075 seconds
[0m11:51:58.026812 [debug] [MainThread]: On master: Close
[0m11:51:58.027779 [debug] [MainThread]: Connection 'master' was properly closed.
[0m11:51:58.028529 [debug] [MainThread]: Connection 'list_sales_db' was properly closed.
[0m11:51:58.029209 [debug] [MainThread]: Connection 'list_sales_db_public' was properly closed.
[0m11:51:58.029917 [debug] [MainThread]: Connection 'model.sales_project.city_analysis' was properly closed.
[0m11:51:58.030737 [info ] [MainThread]: 
[0m11:51:58.036242 [info ] [MainThread]: Finished running 1 table model in 0 hours 0 minutes and 1.52 seconds (1.52s).
[0m11:51:58.039749 [debug] [MainThread]: Command end result
[0m11:51:58.134820 [debug] [MainThread]: Wrote artifact WritableManifest to D:\Data Analyst\Python\sales_project\target\manifest.json
[0m11:51:58.149613 [debug] [MainThread]: Wrote artifact SemanticManifest to D:\Data Analyst\Python\sales_project\target\semantic_manifest.json
[0m11:51:58.174144 [debug] [MainThread]: Wrote artifact OsiDocument to D:\Data Analyst\Python\sales_project\target\osi_document.json
[0m11:51:58.196322 [debug] [MainThread]: Wrote artifact RunExecutionResult to D:\Data Analyst\Python\sales_project\target\run_results.json
[0m11:51:58.197203 [info ] [MainThread]: 
[0m11:51:58.202676 [info ] [MainThread]: [32mCompleted successfully[0m
[0m11:51:58.206386 [info ] [MainThread]: 
[0m11:51:58.209315 [info ] [MainThread]: Done. PASS=1 WARN=0 ERROR=0 SKIP=0 NO-OP=0 REUSED=0 TOTAL=1
[0m11:51:58.213836 [debug] [MainThread]: Command `dbt run` succeeded at 11:51:58.213509 after 5.02 seconds
[0m11:51:58.219373 [debug] [MainThread]: Sending event: {'category': 'dbt', 'action': 'invocation', 'label': 'end', 'context': [<snowplow_tracker.self_describing_json.SelfDescribingJson object at 0x000002077A4DB120>, <snowplow_tracker.self_describing_json.SelfDescribingJson object at 0x000002077ABAA350>, <snowplow_tracker.self_describing_json.SelfDescribingJson object at 0x000002077ABAAA30>]}
[0m11:51:58.220389 [debug] [MainThread]: Flushing usage events
[0m11:51:58.226706 [debug] [MainThread]: An error was encountered while trying to flush usage events
[0m11:25:24.231419 [debug] [MainThread]: Sending event: {'category': 'dbt', 'action': 'invocation', 'label': 'start', 'context': [<snowplow_tracker.self_describing_json.SelfDescribingJson object at 0x000001983941B620>, <snowplow_tracker.self_describing_json.SelfDescribingJson object at 0x000001983BA2F9D0>, <snowplow_tracker.self_describing_json.SelfDescribingJson object at 0x000001983BA2FD90>]}


============================== 11:25:24.242359 | e8f31449-25b1-40b0-b2db-d58ff2c4f36b ==============================
[0m11:25:24.242359 [info ] [MainThread]: Running with dbt=1.12.0-b3
[0m11:25:24.243768 [debug] [MainThread]: running dbt with arguments {'version_check': 'True', 'no_print': 'None', 'static_parser': 'True', 'warn_error_options': 'WarnErrorOptionsV2(error=[], warn=[], silence=[])', 'target_path': 'None', 'maximum_seed_size_mib': '1', 'printer_width': '80', 'write_json': 'True', 'introspect': 'True', 'log_cache_events': 'False', 'empty': 'None', 'cache_selected_only': 'False', 'log_format': 'default', 'debug': 'False', 'fail_fast': 'False', 'partial_parse': 'True', 'send_anonymous_usage_stats': 'True', 'quiet': 'False', 'warn_error': 'None', 'profiles_dir': 'C:\\Users\\Toranj\\.dbt', 'indirect_selection': 'eager', 'use_colors': 'True', 'invocation_command': 'dbt ', 'use_experimental_parser': 'False', 'log_path': 'd:\\Data Analyst\\Python\\sales_project\\logs'}
[0m11:25:25.471746 [debug] [MainThread]: Sending event: {'category': 'dbt', 'action': 'project_id', 'label': 'e8f31449-25b1-40b0-b2db-d58ff2c4f36b', 'context': [<snowplow_tracker.self_describing_json.SelfDescribingJson object at 0x00000198399975C0>]}
[0m11:25:25.830817 [info ] [MainThread]: Warning: No packages were found in packages.yml
[0m11:25:25.837871 [info ] [MainThread]: Warning: No packages were found in packages.yml
[0m11:25:25.848948 [debug] [MainThread]: Command `cli deps` succeeded at 11:25:25.848394 after 2.83 seconds
[0m11:25:25.849778 [debug] [MainThread]: Sending event: {'category': 'dbt', 'action': 'invocation', 'label': 'end', 'context': [<snowplow_tracker.self_describing_json.SelfDescribingJson object at 0x0000019838B727A0>, <snowplow_tracker.self_describing_json.SelfDescribingJson object at 0x000001983BDA7130>, <snowplow_tracker.self_describing_json.SelfDescribingJson object at 0x000001983B88D550>]}
[0m11:25:25.850548 [debug] [MainThread]: Flushing usage events
[0m11:25:25.870032 [debug] [MainThread]: An error was encountered while trying to flush usage events
[0m11:36:28.041847 [debug] [MainThread]: Sending event: {'category': 'dbt', 'action': 'invocation', 'label': 'start', 'context': [<snowplow_tracker.self_describing_json.SelfDescribingJson object at 0x0000017505F3F8C0>, <snowplow_tracker.self_describing_json.SelfDescribingJson object at 0x00000175085ABD90>, <snowplow_tracker.self_describing_json.SelfDescribingJson object at 0x00000175085AB9D0>]}


============================== 11:36:28.052890 | 3c3d8f46-b3ed-4022-ab1f-b1f69d01966d ==============================
[0m11:36:28.052890 [info ] [MainThread]: Running with dbt=1.12.0-b3
[0m11:36:28.055855 [debug] [MainThread]: running dbt with arguments {'static_parser': 'True', 'no_print': 'None', 'maximum_seed_size_mib': '1', 'target_path': 'None', 'warn_error_options': 'WarnErrorOptionsV2(error=[], warn=[], silence=[])', 'version_check': 'True', 'printer_width': '80', 'write_json': 'True', 'introspect': 'True', 'log_cache_events': 'False', 'empty': 'False', 'cache_selected_only': 'False', 'log_format': 'default', 'debug': 'False', 'fail_fast': 'False', 'profiles_dir': 'C:\\Users\\Toranj\\.dbt', 'send_anonymous_usage_stats': 'True', 'quiet': 'False', 'warn_error': 'None', 'partial_parse': 'True', 'indirect_selection': 'eager', 'invocation_command': 'dbt run --select pareto_analysis', 'use_colors': 'True', 'use_experimental_parser': 'False', 'log_path': 'D:\\Data Analyst\\Python\\sales_project\\logs'}
[0m11:36:28.817857 [debug] [MainThread]: Sending event: {'category': 'dbt', 'action': 'project_id', 'label': '3c3d8f46-b3ed-4022-ab1f-b1f69d01966d', 'context': [<snowplow_tracker.self_describing_json.SelfDescribingJson object at 0x00000175064BF6F0>]}
[0m11:36:29.026617 [debug] [MainThread]: Sending event: {'category': 'dbt', 'action': 'adapter_info', 'label': '3c3d8f46-b3ed-4022-ab1f-b1f69d01966d', 'context': [<snowplow_tracker.self_describing_json.SelfDescribingJson object at 0x00000175083A7680>]}
[0m11:36:29.038914 [info ] [MainThread]: Registered adapter: postgres=1.10.1
[0m11:36:29.680166 [debug] [MainThread]: checksum: 1422b360ba387c4a32c0f6c7d0628301536a3df5895ffefc77e86256980727b7, vars: {}, profile: sales_project, target: dev, version: 1.12.0b3
[0m11:36:30.614615 [debug] [MainThread]: Partial parsing enabled: 0 files deleted, 0 files added, 1 files changed.
[0m11:36:30.616280 [debug] [MainThread]: Partial parsing: updated file: sales_project://models\marts\pareto_analysis.sql
[0m11:36:31.487138 [debug] [MainThread]: Sending event: {'category': 'dbt', 'action': 'load_project', 'label': '3c3d8f46-b3ed-4022-ab1f-b1f69d01966d', 'context': [<snowplow_tracker.self_describing_json.SelfDescribingJson object at 0x00000175086A0F50>]}
[0m11:36:31.722450 [debug] [MainThread]: Wrote artifact WritableManifest to D:\Data Analyst\Python\sales_project\target\manifest.json
[0m11:36:31.735333 [debug] [MainThread]: Wrote artifact SemanticManifest to D:\Data Analyst\Python\sales_project\target\semantic_manifest.json
[0m11:36:31.815070 [debug] [MainThread]: Wrote artifact OsiDocument to D:\Data Analyst\Python\sales_project\target\osi_document.json
[0m11:36:31.849034 [debug] [MainThread]: Sending event: {'category': 'dbt', 'action': 'resource_counts', 'label': '3c3d8f46-b3ed-4022-ab1f-b1f69d01966d', 'context': [<snowplow_tracker.self_describing_json.SelfDescribingJson object at 0x0000017508AFF890>]}
[0m11:36:31.850165 [info ] [MainThread]: Found 19 models, 475 macros
[0m11:36:31.853736 [debug] [MainThread]: Sending event: {'category': 'dbt', 'action': 'runnable_timing', 'label': '3c3d8f46-b3ed-4022-ab1f-b1f69d01966d', 'context': [<snowplow_tracker.self_describing_json.SelfDescribingJson object at 0x0000017508C7DB70>]}
[0m11:36:31.857444 [info ] [MainThread]: 
[0m11:36:31.859261 [info ] [MainThread]: Concurrency: 4 threads (target='dev')
[0m11:36:31.860560 [info ] [MainThread]: 
[0m11:36:31.868435 [debug] [MainThread]: Acquiring new postgres connection 'master'
[0m11:36:31.875076 [debug] [ThreadPool]: Acquiring new postgres connection 'list_sales_db'
[0m11:36:32.613249 [debug] [ThreadPool]: Using postgres connection "list_sales_db"
[0m11:36:32.614247 [debug] [ThreadPool]: On list_sales_db: /* {"app": "dbt", "dbt_version": "1.12.0b3", "profile_name": "sales_project", "target_name": "dev", "connection_name": "list_sales_db"} */

    select distinct nspname from pg_namespace
  
[0m11:36:32.615080 [debug] [ThreadPool]: Opening a new connection, currently in state init
[0m11:36:32.750806 [debug] [ThreadPool]: SQL status: SELECT 4 in 0.136 seconds
[0m11:36:32.753648 [debug] [ThreadPool]: On list_sales_db: Close
[0m11:36:32.770255 [debug] [ThreadPool]: Acquiring new postgres connection 'list_sales_db_public'
[0m11:36:32.785029 [debug] [ThreadPool]: Using postgres connection "list_sales_db_public"
[0m11:36:32.786021 [debug] [ThreadPool]: On list_sales_db_public: /* {"app": "dbt", "dbt_version": "1.12.0b3", "profile_name": "sales_project", "target_name": "dev", "connection_name": "list_sales_db_public"} */
select
      'sales_db' as database,
      tablename as name,
      schemaname as schema,
      'table' as type
    from pg_tables
    where schemaname ilike 'public'
    union all
    select
      'sales_db' as database,
      viewname as name,
      schemaname as schema,
      'view' as type
    from pg_views
    where schemaname ilike 'public'
    union all
    select
      'sales_db' as database,
      matviewname as name,
      schemaname as schema,
      'materialized_view' as type
    from pg_matviews
    where schemaname ilike 'public'
  
[0m11:36:32.786994 [debug] [ThreadPool]: Opening a new connection, currently in state init
[0m11:36:32.902155 [debug] [ThreadPool]: SQL status: SELECT 21 in 0.115 seconds
[0m11:36:32.905717 [debug] [ThreadPool]: On list_sales_db_public: ROLLBACK
[0m11:36:32.906756 [debug] [ThreadPool]: On list_sales_db_public: Close
[0m11:36:32.931100 [debug] [MainThread]: Using postgres connection "master"
[0m11:36:32.933054 [debug] [MainThread]: On master: /* {"app": "dbt", "dbt_version": "1.12.0b3", "profile_name": "sales_project", "target_name": "dev", "connection_name": "master"} */
select distinct
        dependent_namespace.nspname as dependent_schema,
        dependent_class.relname as dependent_name,
        referenced_namespace.nspname as referenced_schema,
        referenced_class.relname as referenced_name

    -- Query for views: views are entries in pg_class with an entry in pg_rewrite, but we avoid
    -- a seq scan on pg_rewrite by leveraging the fact there is an "internal" row in pg_depend for
    -- the view...
    from pg_class as dependent_class
    join pg_namespace as dependent_namespace on dependent_namespace.oid = dependent_class.relnamespace
    join pg_depend as dependent_depend on dependent_depend.refobjid = dependent_class.oid
        and dependent_depend.classid = 'pg_rewrite'::regclass
        and dependent_depend.refclassid = 'pg_class'::regclass
        and dependent_depend.deptype = 'i'

    -- ... and via pg_depend (that has a row per column, hence the need for "distinct" above, and
    -- making sure to exclude the internal row to avoid a view appearing to depend on itself)...
    join pg_depend as joining_depend on joining_depend.objid = dependent_depend.objid
        and joining_depend.classid = 'pg_rewrite'::regclass
        and joining_depend.refclassid = 'pg_class'::regclass
        and joining_depend.refobjid != dependent_depend.refobjid

    -- ... we can find the tables they query from in pg_class, but excluding system tables. Note we
    -- don't need need to exclude _dependent_ system tables, because they only query from other
    -- system tables, and so are automatically excluded by excluding _referenced_ system tables
    join pg_class as referenced_class on referenced_class.oid = joining_depend.refobjid
    join pg_namespace as referenced_namespace on referenced_namespace.oid = referenced_class.relnamespace
        and referenced_namespace.nspname != 'information_schema'
        and referenced_namespace.nspname not like 'pg\_%'

    order by
        dependent_schema, dependent_name, referenced_schema, referenced_name;
[0m11:36:32.934068 [debug] [MainThread]: Opening a new connection, currently in state init
[0m11:36:33.016798 [debug] [MainThread]: SQL status: SELECT 0 in 0.083 seconds
[0m11:36:33.019466 [debug] [MainThread]: Sending event: {'category': 'dbt', 'action': 'runnable_timing', 'label': '3c3d8f46-b3ed-4022-ab1f-b1f69d01966d', 'context': [<snowplow_tracker.self_describing_json.SelfDescribingJson object at 0x0000017508675230>]}
[0m11:36:33.020473 [debug] [MainThread]: On master: ROLLBACK
[0m11:36:33.021398 [debug] [MainThread]: On master: COMMIT
[0m11:36:33.022128 [debug] [MainThread]: Using postgres connection "master"
[0m11:36:33.022822 [debug] [MainThread]: On master: COMMIT
[0m11:36:33.023905 [debug] [MainThread]: SQL status: COMMIT in 0.000 seconds
[0m11:36:33.024729 [debug] [MainThread]: On master: Close
[0m11:36:33.041592 [debug] [Thread-1 (]: Began running node model.sales_project.pareto_analysis
[0m11:36:33.042856 [info ] [Thread-1 (]: 1 of 1 START sql table model public.pareto_analysis ............................ [RUN]
[0m11:36:33.045758 [debug] [Thread-1 (]: Acquiring new postgres connection 'model.sales_project.pareto_analysis'
[0m11:36:33.046863 [debug] [Thread-1 (]: Began compiling node model.sales_project.pareto_analysis
[0m11:36:33.066883 [debug] [Thread-1 (]: Writing injected SQL for node "model.sales_project.pareto_analysis"
[0m11:36:33.068738 [debug] [Thread-1 (]: Began executing node model.sales_project.pareto_analysis
[0m11:36:33.195683 [debug] [Thread-1 (]: Writing runtime sql for node "model.sales_project.pareto_analysis"
[0m11:36:33.197946 [debug] [Thread-1 (]: Using postgres connection "model.sales_project.pareto_analysis"
[0m11:36:33.199287 [debug] [Thread-1 (]: On model.sales_project.pareto_analysis: /* {"app": "dbt", "dbt_version": "1.12.0b3", "profile_name": "sales_project", "target_name": "dev", "node_id": "model.sales_project.pareto_analysis"} */

  
    

  create  table "sales_db"."public"."pareto_analysis__dbt_tmp"
  
  
    as
  
  (
    WITH customer_revenue AS (
    SELECT
        customer_id,
        SUM(unit_price * quantity) AS total_spent
    FROM "sales_db"."public"."stg_sales"
    GROUP BY customer_id    
),
ranked AS (
    SELECT
        customer_id,
        total_spent,
        SUM(total_spent) OVER (ORDER BY total_spent DESC) AS cumulative_revenue,
        SUM(total_spent) OVER() AS total_revenue,
        ROW_NUMBER() OVER(ORDER BY total_spent DESC) AS rank,
        COUNT(*) OVER() AS total_customers
    FROM customer_revenue    
)
SELECT
    customer_id,
    total_spent,
    ROUND(100.0 * rank / total_customers , 2) AS customer_percentile,
    ROUND(100.0 * cumulative_revenue / total_revenue, 2) AS revenue_percentage
FROM ranked
ORDER BY rank;
  );
  
[0m11:36:33.200741 [debug] [Thread-1 (]: Opening a new connection, currently in state init
[0m11:36:33.292773 [debug] [Thread-1 (]: Postgres adapter: Postgres error: syntax error at or near ";"
LINE 35: ORDER BY rank;
                      ^

[0m11:36:33.293840 [debug] [Thread-1 (]: On model.sales_project.pareto_analysis: ROLLBACK
[0m11:36:33.296073 [debug] [Thread-1 (]: On model.sales_project.pareto_analysis: Close
[0m11:36:33.457387 [debug] [Thread-1 (]: Database Error in model pareto_analysis (models\marts\pareto_analysis.sql)
  syntax error at or near ";"
  LINE 35: ORDER BY rank;
                        ^
  compiled code at target\run\sales_project\models\marts\pareto_analysis.sql
[0m11:36:33.463555 [debug] [Thread-1 (]: Sending event: {'category': 'dbt', 'action': 'run_model', 'label': '3c3d8f46-b3ed-4022-ab1f-b1f69d01966d', 'context': [<snowplow_tracker.self_describing_json.SelfDescribingJson object at 0x0000017508DF2450>]}
[0m11:36:33.465187 [error] [Thread-1 (]: 1 of 1 ERROR creating sql table model public.pareto_analysis ................... [[31mERROR[0m in 0.41s]
[0m11:36:33.468314 [debug] [Thread-1 (]: Finished running node model.sales_project.pareto_analysis
[0m11:36:33.469844 [debug] [Thread-7 (]: Marking all children of 'model.sales_project.pareto_analysis' to be skipped because of status 'error'.  Reason: Database Error in model pareto_analysis (models\marts\pareto_analysis.sql)
  syntax error at or near ";"
  LINE 35: ORDER BY rank;
                        ^
  compiled code at target\run\sales_project\models\marts\pareto_analysis.sql.
[0m11:36:33.473757 [debug] [MainThread]: On master: COMMIT
[0m11:36:33.474701 [debug] [MainThread]: Using postgres connection "master"
[0m11:36:33.475497 [debug] [MainThread]: On master: COMMIT
[0m11:36:33.476186 [debug] [MainThread]: Opening a new connection, currently in state closed
[0m11:36:33.572782 [debug] [MainThread]: SQL status: COMMIT in 0.096 seconds
[0m11:36:33.573703 [debug] [MainThread]: On master: Close
[0m11:36:33.574821 [debug] [MainThread]: Connection 'master' was properly closed.
[0m11:36:33.575626 [debug] [MainThread]: Connection 'list_sales_db' was properly closed.
[0m11:36:33.576364 [debug] [MainThread]: Connection 'list_sales_db_public' was properly closed.
[0m11:36:33.577069 [debug] [MainThread]: Connection 'model.sales_project.pareto_analysis' was properly closed.
[0m11:36:33.579329 [info ] [MainThread]: 
[0m11:36:33.581663 [info ] [MainThread]: Finished running 1 table model in 0 hours 0 minutes and 1.71 seconds (1.71s).
[0m11:36:33.584092 [debug] [MainThread]: Command end result
[0m11:36:34.096744 [debug] [MainThread]: Wrote artifact WritableManifest to D:\Data Analyst\Python\sales_project\target\manifest.json
[0m11:36:34.167185 [debug] [MainThread]: Wrote artifact SemanticManifest to D:\Data Analyst\Python\sales_project\target\semantic_manifest.json
[0m11:36:34.192232 [debug] [MainThread]: Wrote artifact OsiDocument to D:\Data Analyst\Python\sales_project\target\osi_document.json
[0m11:36:34.220077 [debug] [MainThread]: Wrote artifact RunExecutionResult to D:\Data Analyst\Python\sales_project\target\run_results.json
[0m11:36:34.220972 [info ] [MainThread]: 
[0m11:36:34.222244 [info ] [MainThread]: [31mCompleted with 1 error, 0 partial successes, and 0 warnings:[0m
[0m11:36:34.223798 [info ] [MainThread]: 
[0m11:36:34.225668 [error] [MainThread]: [[31mERROR[0m]: in model pareto_analysis (models\marts\pareto_analysis.sql)
[0m11:36:34.231724 [error] [MainThread]:   Database Error in model pareto_analysis (models\marts\pareto_analysis.sql)
  syntax error at or near ";"
  LINE 35: ORDER BY rank;
                        ^
  compiled code at target\run\sales_project\models\marts\pareto_analysis.sql
[0m11:36:34.233072 [info ] [MainThread]: 
[0m11:36:34.234560 [info ] [MainThread]:   compiled code at target\compiled\sales_project\models\marts\pareto_analysis.sql
[0m11:36:34.237203 [info ] [MainThread]: 
[0m11:36:34.239043 [info ] [MainThread]: Done. PASS=0 WARN=0 ERROR=1 SKIP=0 NO-OP=0 REUSED=0 TOTAL=1
[0m11:36:34.253791 [debug] [MainThread]: Command `dbt run` failed at 11:36:34.253445 after 6.62 seconds
[0m11:36:34.254813 [debug] [MainThread]: Sending event: {'category': 'dbt', 'action': 'invocation', 'label': 'end', 'context': [<snowplow_tracker.self_describing_json.SelfDescribingJson object at 0x0000017508DD6570>, <snowplow_tracker.self_describing_json.SelfDescribingJson object at 0x00000175091A8FF0>, <snowplow_tracker.self_describing_json.SelfDescribingJson object at 0x00000175091A8190>]}
[0m11:36:34.255779 [debug] [MainThread]: Flushing usage events
[0m11:36:34.270264 [debug] [MainThread]: An error was encountered while trying to flush usage events
[0m11:37:38.879285 [debug] [MainThread]: Sending event: {'category': 'dbt', 'action': 'invocation', 'label': 'start', 'context': [<snowplow_tracker.self_describing_json.SelfDescribingJson object at 0x000001FC8A78F8C0>, <snowplow_tracker.self_describing_json.SelfDescribingJson object at 0x000001FC8CE0BD90>, <snowplow_tracker.self_describing_json.SelfDescribingJson object at 0x000001FC8CE0B9D0>]}


============================== 11:37:38.890186 | 65b02664-bf03-4192-8c9b-257ce77f5350 ==============================
[0m11:37:38.890186 [info ] [MainThread]: Running with dbt=1.12.0-b3
[0m11:37:38.894449 [debug] [MainThread]: running dbt with arguments {'static_parser': 'True', 'no_print': 'None', 'version_check': 'True', 'target_path': 'None', 'warn_error_options': 'WarnErrorOptionsV2(error=[], warn=[], silence=[])', 'maximum_seed_size_mib': '1', 'printer_width': '80', 'write_json': 'True', 'introspect': 'True', 'log_cache_events': 'False', 'empty': 'False', 'cache_selected_only': 'False', 'fail_fast': 'False', 'debug': 'False', 'log_format': 'default', 'partial_parse': 'True', 'send_anonymous_usage_stats': 'True', 'quiet': 'False', 'warn_error': 'None', 'profiles_dir': 'C:\\Users\\Toranj\\.dbt', 'indirect_selection': 'eager', 'use_colors': 'True', 'invocation_command': 'dbt run --select pareto_analysis', 'use_experimental_parser': 'False', 'log_path': 'D:\\Data Analyst\\Python\\sales_project\\logs'}
[0m11:37:39.639844 [debug] [MainThread]: Sending event: {'category': 'dbt', 'action': 'project_id', 'label': '65b02664-bf03-4192-8c9b-257ce77f5350', 'context': [<snowplow_tracker.self_describing_json.SelfDescribingJson object at 0x000001FC8AD136F0>]}
[0m11:37:39.850303 [debug] [MainThread]: Sending event: {'category': 'dbt', 'action': 'adapter_info', 'label': '65b02664-bf03-4192-8c9b-257ce77f5350', 'context': [<snowplow_tracker.self_describing_json.SelfDescribingJson object at 0x000001FC8CC07680>]}
[0m11:37:39.853396 [info ] [MainThread]: Registered adapter: postgres=1.10.1
[0m11:37:40.471886 [debug] [MainThread]: checksum: 1422b360ba387c4a32c0f6c7d0628301536a3df5895ffefc77e86256980727b7, vars: {}, profile: sales_project, target: dev, version: 1.12.0b3
[0m11:37:41.022414 [debug] [MainThread]: Partial parsing enabled: 0 files deleted, 0 files added, 1 files changed.
[0m11:37:41.023906 [debug] [MainThread]: Partial parsing: updated file: sales_project://models\marts\pareto_analysis.sql
[0m11:37:41.896142 [debug] [MainThread]: Sending event: {'category': 'dbt', 'action': 'load_project', 'label': '65b02664-bf03-4192-8c9b-257ce77f5350', 'context': [<snowplow_tracker.self_describing_json.SelfDescribingJson object at 0x000001FC8CF00F50>]}
[0m11:37:42.114383 [debug] [MainThread]: Wrote artifact WritableManifest to D:\Data Analyst\Python\sales_project\target\manifest.json
[0m11:37:42.124376 [debug] [MainThread]: Wrote artifact SemanticManifest to D:\Data Analyst\Python\sales_project\target\semantic_manifest.json
[0m11:37:42.199969 [debug] [MainThread]: Wrote artifact OsiDocument to D:\Data Analyst\Python\sales_project\target\osi_document.json
[0m11:37:42.242398 [debug] [MainThread]: Sending event: {'category': 'dbt', 'action': 'resource_counts', 'label': '65b02664-bf03-4192-8c9b-257ce77f5350', 'context': [<snowplow_tracker.self_describing_json.SelfDescribingJson object at 0x000001FC8D3C3890>]}
[0m11:37:42.247768 [info ] [MainThread]: Found 19 models, 475 macros
[0m11:37:42.250068 [debug] [MainThread]: Sending event: {'category': 'dbt', 'action': 'runnable_timing', 'label': '65b02664-bf03-4192-8c9b-257ce77f5350', 'context': [<snowplow_tracker.self_describing_json.SelfDescribingJson object at 0x000001FC8D539B70>]}
[0m11:37:42.253629 [info ] [MainThread]: 
[0m11:37:42.257672 [info ] [MainThread]: Concurrency: 4 threads (target='dev')
[0m11:37:42.258725 [info ] [MainThread]: 
[0m11:37:42.266563 [debug] [MainThread]: Acquiring new postgres connection 'master'
[0m11:37:42.273235 [debug] [ThreadPool]: Acquiring new postgres connection 'list_sales_db'
[0m11:37:42.795501 [debug] [ThreadPool]: Using postgres connection "list_sales_db"
[0m11:37:42.796651 [debug] [ThreadPool]: On list_sales_db: /* {"app": "dbt", "dbt_version": "1.12.0b3", "profile_name": "sales_project", "target_name": "dev", "connection_name": "list_sales_db"} */

    select distinct nspname from pg_namespace
  
[0m11:37:42.797428 [debug] [ThreadPool]: Opening a new connection, currently in state init
[0m11:37:42.881604 [debug] [ThreadPool]: SQL status: SELECT 4 in 0.084 seconds
[0m11:37:42.884602 [debug] [ThreadPool]: On list_sales_db: Close
[0m11:37:42.904153 [debug] [ThreadPool]: Acquiring new postgres connection 'list_sales_db_public'
[0m11:37:42.919822 [debug] [ThreadPool]: Using postgres connection "list_sales_db_public"
[0m11:37:42.920780 [debug] [ThreadPool]: On list_sales_db_public: /* {"app": "dbt", "dbt_version": "1.12.0b3", "profile_name": "sales_project", "target_name": "dev", "connection_name": "list_sales_db_public"} */
select
      'sales_db' as database,
      tablename as name,
      schemaname as schema,
      'table' as type
    from pg_tables
    where schemaname ilike 'public'
    union all
    select
      'sales_db' as database,
      viewname as name,
      schemaname as schema,
      'view' as type
    from pg_views
    where schemaname ilike 'public'
    union all
    select
      'sales_db' as database,
      matviewname as name,
      schemaname as schema,
      'materialized_view' as type
    from pg_matviews
    where schemaname ilike 'public'
  
[0m11:37:42.921548 [debug] [ThreadPool]: Opening a new connection, currently in state init
[0m11:37:43.003742 [debug] [ThreadPool]: SQL status: SELECT 21 in 0.082 seconds
[0m11:37:43.007501 [debug] [ThreadPool]: On list_sales_db_public: ROLLBACK
[0m11:37:43.008682 [debug] [ThreadPool]: On list_sales_db_public: Close
[0m11:37:43.035626 [debug] [MainThread]: Using postgres connection "master"
[0m11:37:43.037576 [debug] [MainThread]: On master: /* {"app": "dbt", "dbt_version": "1.12.0b3", "profile_name": "sales_project", "target_name": "dev", "connection_name": "master"} */
select distinct
        dependent_namespace.nspname as dependent_schema,
        dependent_class.relname as dependent_name,
        referenced_namespace.nspname as referenced_schema,
        referenced_class.relname as referenced_name

    -- Query for views: views are entries in pg_class with an entry in pg_rewrite, but we avoid
    -- a seq scan on pg_rewrite by leveraging the fact there is an "internal" row in pg_depend for
    -- the view...
    from pg_class as dependent_class
    join pg_namespace as dependent_namespace on dependent_namespace.oid = dependent_class.relnamespace
    join pg_depend as dependent_depend on dependent_depend.refobjid = dependent_class.oid
        and dependent_depend.classid = 'pg_rewrite'::regclass
        and dependent_depend.refclassid = 'pg_class'::regclass
        and dependent_depend.deptype = 'i'

    -- ... and via pg_depend (that has a row per column, hence the need for "distinct" above, and
    -- making sure to exclude the internal row to avoid a view appearing to depend on itself)...
    join pg_depend as joining_depend on joining_depend.objid = dependent_depend.objid
        and joining_depend.classid = 'pg_rewrite'::regclass
        and joining_depend.refclassid = 'pg_class'::regclass
        and joining_depend.refobjid != dependent_depend.refobjid

    -- ... we can find the tables they query from in pg_class, but excluding system tables. Note we
    -- don't need need to exclude _dependent_ system tables, because they only query from other
    -- system tables, and so are automatically excluded by excluding _referenced_ system tables
    join pg_class as referenced_class on referenced_class.oid = joining_depend.refobjid
    join pg_namespace as referenced_namespace on referenced_namespace.oid = referenced_class.relnamespace
        and referenced_namespace.nspname != 'information_schema'
        and referenced_namespace.nspname not like 'pg\_%'

    order by
        dependent_schema, dependent_name, referenced_schema, referenced_name;
[0m11:37:43.038569 [debug] [MainThread]: Opening a new connection, currently in state init
[0m11:37:43.122773 [debug] [MainThread]: SQL status: SELECT 0 in 0.084 seconds
[0m11:37:43.125444 [debug] [MainThread]: Sending event: {'category': 'dbt', 'action': 'runnable_timing', 'label': '65b02664-bf03-4192-8c9b-257ce77f5350', 'context': [<snowplow_tracker.self_describing_json.SelfDescribingJson object at 0x000001FC8CEB5230>]}
[0m11:37:43.128038 [debug] [MainThread]: On master: ROLLBACK
[0m11:37:43.129100 [debug] [MainThread]: On master: COMMIT
[0m11:37:43.129838 [debug] [MainThread]: Using postgres connection "master"
[0m11:37:43.130531 [debug] [MainThread]: On master: COMMIT
[0m11:37:43.131402 [debug] [MainThread]: SQL status: COMMIT in 0.000 seconds
[0m11:37:43.132111 [debug] [MainThread]: On master: Close
[0m11:37:43.141098 [debug] [Thread-1 (]: Began running node model.sales_project.pareto_analysis
[0m11:37:43.142405 [info ] [Thread-1 (]: 1 of 1 START sql table model public.pareto_analysis ............................ [RUN]
[0m11:37:43.145422 [debug] [Thread-1 (]: Acquiring new postgres connection 'model.sales_project.pareto_analysis'
[0m11:37:43.146633 [debug] [Thread-1 (]: Began compiling node model.sales_project.pareto_analysis
[0m11:37:43.168535 [debug] [Thread-1 (]: Writing injected SQL for node "model.sales_project.pareto_analysis"
[0m11:37:43.171380 [debug] [Thread-1 (]: Began executing node model.sales_project.pareto_analysis
[0m11:37:43.304681 [debug] [Thread-1 (]: Writing runtime sql for node "model.sales_project.pareto_analysis"
[0m11:37:43.306819 [debug] [Thread-1 (]: Using postgres connection "model.sales_project.pareto_analysis"
[0m11:37:43.308123 [debug] [Thread-1 (]: On model.sales_project.pareto_analysis: /* {"app": "dbt", "dbt_version": "1.12.0b3", "profile_name": "sales_project", "target_name": "dev", "node_id": "model.sales_project.pareto_analysis"} */

  
    

  create  table "sales_db"."public"."pareto_analysis__dbt_tmp"
  
  
    as
  
  (
    WITH customer_revenue AS (
    SELECT
        customer_id,
        SUM(unit_price * quantity) AS total_spent
    FROM "sales_db"."public"."stg_sales"
    GROUP BY customer_id    
),
ranked AS (
    SELECT
        customer_id,
        total_spent,
        SUM(total_spent) OVER (ORDER BY total_spent DESC) AS cumulative_revenue,
        SUM(total_spent) OVER() AS total_revenue,
        ROW_NUMBER() OVER(ORDER BY total_spent DESC) AS rank,
        COUNT(*) OVER() AS total_customers
    FROM customer_revenue    
)
SELECT
    customer_id,
    total_spent,
    ROUND(100.0 * rank / total_customers , 2) AS customer_percentile,
    ROUND(100.0 * cumulative_revenue / total_revenue, 2) AS revenue_percentage
FROM ranked
ORDER BY rank
  );
  
[0m11:37:43.309104 [debug] [Thread-1 (]: Opening a new connection, currently in state init
[0m11:37:43.684210 [debug] [Thread-1 (]: SQL status: SELECT 609 in 0.375 seconds
[0m11:37:43.709073 [debug] [Thread-1 (]: Using postgres connection "model.sales_project.pareto_analysis"
[0m11:37:43.711514 [debug] [Thread-1 (]: On model.sales_project.pareto_analysis: /* {"app": "dbt", "dbt_version": "1.12.0b3", "profile_name": "sales_project", "target_name": "dev", "node_id": "model.sales_project.pareto_analysis"} */
alter table "sales_db"."public"."pareto_analysis" rename to "pareto_analysis__dbt_backup"
[0m11:37:43.713853 [debug] [Thread-1 (]: SQL status: ALTER TABLE in 0.001 seconds
[0m11:37:43.721063 [debug] [Thread-1 (]: Using postgres connection "model.sales_project.pareto_analysis"
[0m11:37:43.722050 [debug] [Thread-1 (]: On model.sales_project.pareto_analysis: /* {"app": "dbt", "dbt_version": "1.12.0b3", "profile_name": "sales_project", "target_name": "dev", "node_id": "model.sales_project.pareto_analysis"} */
alter table "sales_db"."public"."pareto_analysis__dbt_tmp" rename to "pareto_analysis"
[0m11:37:43.723748 [debug] [Thread-1 (]: SQL status: ALTER TABLE in 0.001 seconds
[0m11:37:43.778074 [debug] [Thread-1 (]: On model.sales_project.pareto_analysis: COMMIT
[0m11:37:43.779156 [debug] [Thread-1 (]: Using postgres connection "model.sales_project.pareto_analysis"
[0m11:37:43.780061 [debug] [Thread-1 (]: On model.sales_project.pareto_analysis: COMMIT
[0m11:37:43.783056 [debug] [Thread-1 (]: SQL status: COMMIT in 0.002 seconds
[0m11:37:43.799964 [debug] [Thread-1 (]: Applying DROP to: "sales_db"."public"."pareto_analysis__dbt_backup"
[0m11:37:43.816573 [debug] [Thread-1 (]: Using postgres connection "model.sales_project.pareto_analysis"
[0m11:37:43.817605 [debug] [Thread-1 (]: On model.sales_project.pareto_analysis: /* {"app": "dbt", "dbt_version": "1.12.0b3", "profile_name": "sales_project", "target_name": "dev", "node_id": "model.sales_project.pareto_analysis"} */
drop table if exists "sales_db"."public"."pareto_analysis__dbt_backup" cascade
[0m11:37:43.838996 [debug] [Thread-1 (]: SQL status: DROP TABLE in 0.020 seconds
[0m11:37:43.845209 [debug] [Thread-1 (]: On model.sales_project.pareto_analysis: Close
[0m11:37:43.850218 [debug] [Thread-1 (]: Sending event: {'category': 'dbt', 'action': 'run_model', 'label': '65b02664-bf03-4192-8c9b-257ce77f5350', 'context': [<snowplow_tracker.self_describing_json.SelfDescribingJson object at 0x000001FC8D6B9F10>]}
[0m11:37:43.851896 [info ] [Thread-1 (]: 1 of 1 OK created sql table model public.pareto_analysis ....................... [[32mSELECT 609[0m in 0.70s]
[0m11:37:43.854310 [debug] [Thread-1 (]: Finished running node model.sales_project.pareto_analysis
[0m11:37:43.857889 [debug] [MainThread]: On master: COMMIT
[0m11:37:43.858793 [debug] [MainThread]: Using postgres connection "master"
[0m11:37:43.862156 [debug] [MainThread]: On master: COMMIT
[0m11:37:43.863011 [debug] [MainThread]: Opening a new connection, currently in state closed
[0m11:37:43.955116 [debug] [MainThread]: SQL status: COMMIT in 0.092 seconds
[0m11:37:43.956111 [debug] [MainThread]: On master: Close
[0m11:37:43.957158 [debug] [MainThread]: Connection 'master' was properly closed.
[0m11:37:43.957940 [debug] [MainThread]: Connection 'list_sales_db' was properly closed.
[0m11:37:43.958645 [debug] [MainThread]: Connection 'list_sales_db_public' was properly closed.
[0m11:37:43.960313 [debug] [MainThread]: Connection 'model.sales_project.pareto_analysis' was properly closed.
[0m11:37:43.961851 [info ] [MainThread]: 
[0m11:37:43.965712 [info ] [MainThread]: Finished running 1 table model in 0 hours 0 minutes and 1.70 seconds (1.70s).
[0m11:37:43.968404 [debug] [MainThread]: Command end result
[0m11:37:44.074457 [debug] [MainThread]: Wrote artifact WritableManifest to D:\Data Analyst\Python\sales_project\target\manifest.json
[0m11:37:44.085110 [debug] [MainThread]: Wrote artifact SemanticManifest to D:\Data Analyst\Python\sales_project\target\semantic_manifest.json
[0m11:37:44.096884 [debug] [MainThread]: Wrote artifact OsiDocument to D:\Data Analyst\Python\sales_project\target\osi_document.json
[0m11:37:44.128166 [debug] [MainThread]: Wrote artifact RunExecutionResult to D:\Data Analyst\Python\sales_project\target\run_results.json
[0m11:37:44.129047 [info ] [MainThread]: 
[0m11:37:44.130253 [info ] [MainThread]: [32mCompleted successfully[0m
[0m11:37:44.131210 [info ] [MainThread]: 
[0m11:37:44.132580 [info ] [MainThread]: Done. PASS=1 WARN=0 ERROR=0 SKIP=0 NO-OP=0 REUSED=0 TOTAL=1
[0m11:37:44.137895 [debug] [MainThread]: Command `dbt run` succeeded at 11:37:44.137525 after 5.61 seconds
[0m11:37:44.138817 [debug] [MainThread]: Sending event: {'category': 'dbt', 'action': 'invocation', 'label': 'end', 'context': [<snowplow_tracker.self_describing_json.SelfDescribingJson object at 0x000001FC8D34F5F0>, <snowplow_tracker.self_describing_json.SelfDescribingJson object at 0x000001FC8DA6A350>, <snowplow_tracker.self_describing_json.SelfDescribingJson object at 0x000001FC8DA6AA30>]}
[0m11:37:44.139630 [debug] [MainThread]: Flushing usage events
[0m11:37:44.153284 [debug] [MainThread]: An error was encountered while trying to flush usage events
[0m12:34:11.428144 [debug] [MainThread]: Sending event: {'category': 'dbt', 'action': 'invocation', 'label': 'start', 'context': [<snowplow_tracker.self_describing_json.SelfDescribingJson object at 0x00000230DCC03620>, <snowplow_tracker.self_describing_json.SelfDescribingJson object at 0x00000230DF20FD90>, <snowplow_tracker.self_describing_json.SelfDescribingJson object at 0x00000230DF20F9D0>]}


============================== 12:34:11.438642 | 6100ec79-7f9b-4ab3-adcd-b29c2829ff31 ==============================
[0m12:34:11.438642 [info ] [MainThread]: Running with dbt=1.12.0-b3
[0m12:34:11.439979 [debug] [MainThread]: running dbt with arguments {'static_parser': 'True', 'no_print': 'None', 'maximum_seed_size_mib': '1', 'warn_error_options': 'WarnErrorOptionsV2(error=[], warn=[], silence=[])', 'target_path': 'None', 'version_check': 'True', 'printer_width': '80', 'write_json': 'True', 'introspect': 'True', 'log_cache_events': 'False', 'empty': 'None', 'cache_selected_only': 'False', 'fail_fast': 'False', 'debug': 'False', 'log_format': 'default', 'partial_parse': 'True', 'send_anonymous_usage_stats': 'True', 'quiet': 'False', 'warn_error': 'None', 'profiles_dir': 'C:\\Users\\Toranj\\.dbt', 'invocation_command': 'dbt ', 'indirect_selection': 'eager', 'use_colors': 'True', 'use_experimental_parser': 'False', 'log_path': 'd:\\Data Analyst\\Python\\sales_project\\logs'}
[0m12:34:12.295400 [debug] [MainThread]: Sending event: {'category': 'dbt', 'action': 'project_id', 'label': '6100ec79-7f9b-4ab3-adcd-b29c2829ff31', 'context': [<snowplow_tracker.self_describing_json.SelfDescribingJson object at 0x00000230DD1775C0>]}
[0m12:34:12.412663 [info ] [MainThread]: Warning: No packages were found in packages.yml
[0m12:34:12.416319 [info ] [MainThread]: Warning: No packages were found in packages.yml
[0m12:34:12.420364 [debug] [MainThread]: Command `cli deps` succeeded at 12:34:12.420043 after 1.49 seconds
[0m12:34:12.421163 [debug] [MainThread]: Sending event: {'category': 'dbt', 'action': 'invocation', 'label': 'end', 'context': [<snowplow_tracker.self_describing_json.SelfDescribingJson object at 0x00000230DC3427A0>, <snowplow_tracker.self_describing_json.SelfDescribingJson object at 0x00000230DF4B7130>, <snowplow_tracker.self_describing_json.SelfDescribingJson object at 0x00000230DF06D150>]}
[0m12:34:12.422084 [debug] [MainThread]: Flushing usage events
[0m12:34:12.436666 [debug] [MainThread]: An error was encountered while trying to flush usage events
[0m20:58:21.210699 [debug] [MainThread]: Sending event: {'category': 'dbt', 'action': 'invocation', 'label': 'start', 'context': [<snowplow_tracker.self_describing_json.SelfDescribingJson object at 0x0000026E622DF8C0>, <snowplow_tracker.self_describing_json.SelfDescribingJson object at 0x0000026E6495BD90>, <snowplow_tracker.self_describing_json.SelfDescribingJson object at 0x0000026E6495B9D0>]}


============================== 20:58:21.635739 | 8501df40-8feb-418b-821e-5cbd67c74947 ==============================
[0m20:58:21.635739 [info ] [MainThread]: Running with dbt=1.12.0-b3
[0m20:58:21.638365 [debug] [MainThread]: running dbt with arguments {'maximum_seed_size_mib': '1', 'no_print': 'None', 'static_parser': 'True', 'target_path': 'None', 'warn_error_options': 'WarnErrorOptionsV2(error=[], warn=[], silence=[])', 'version_check': 'True', 'printer_width': '80', 'write_json': 'True', 'introspect': 'True', 'log_cache_events': 'False', 'empty': 'False', 'cache_selected_only': 'False', 'fail_fast': 'False', 'debug': 'False', 'log_format': 'default', 'partial_parse': 'True', 'send_anonymous_usage_stats': 'True', 'quiet': 'False', 'warn_error': 'None', 'profiles_dir': 'C:\\Users\\Toranj\\.dbt', 'indirect_selection': 'eager', 'invocation_command': 'dbt run --select discount_vs_sales', 'use_colors': 'True', 'use_experimental_parser': 'False', 'log_path': 'D:\\Data Analyst\\Python\\sales_project\\logs'}
[0m20:58:33.542764 [debug] [MainThread]: Sending event: {'category': 'dbt', 'action': 'project_id', 'label': '8501df40-8feb-418b-821e-5cbd67c74947', 'context': [<snowplow_tracker.self_describing_json.SelfDescribingJson object at 0x0000026E628676F0>]}
[0m20:58:33.748828 [debug] [MainThread]: Sending event: {'category': 'dbt', 'action': 'adapter_info', 'label': '8501df40-8feb-418b-821e-5cbd67c74947', 'context': [<snowplow_tracker.self_describing_json.SelfDescribingJson object at 0x0000026E64757680>]}
[0m20:58:33.755685 [info ] [MainThread]: Registered adapter: postgres=1.10.1
[0m20:58:34.802203 [debug] [MainThread]: checksum: 1422b360ba387c4a32c0f6c7d0628301536a3df5895ffefc77e86256980727b7, vars: {}, profile: sales_project, target: dev, version: 1.12.0b3
[0m20:58:37.897592 [debug] [MainThread]: Partial parsing enabled: 0 files deleted, 0 files added, 1 files changed.
[0m20:58:37.898891 [debug] [MainThread]: Partial parsing: updated file: sales_project://models\marts\discount_vs_sales.sql
[0m20:58:39.042498 [debug] [MainThread]: Sending event: {'category': 'dbt', 'action': 'load_project', 'label': '8501df40-8feb-418b-821e-5cbd67c74947', 'context': [<snowplow_tracker.self_describing_json.SelfDescribingJson object at 0x0000026E64A50F50>]}
[0m20:58:39.656263 [debug] [MainThread]: Wrote artifact WritableManifest to D:\Data Analyst\Python\sales_project\target\manifest.json
[0m20:58:39.820072 [debug] [MainThread]: Wrote artifact SemanticManifest to D:\Data Analyst\Python\sales_project\target\semantic_manifest.json
[0m20:58:40.242280 [debug] [MainThread]: Wrote artifact OsiDocument to D:\Data Analyst\Python\sales_project\target\osi_document.json
[0m20:58:40.591052 [debug] [MainThread]: Sending event: {'category': 'dbt', 'action': 'resource_counts', 'label': '8501df40-8feb-418b-821e-5cbd67c74947', 'context': [<snowplow_tracker.self_describing_json.SelfDescribingJson object at 0x0000026E64E9F890>]}
[0m20:58:40.592200 [info ] [MainThread]: Found 19 models, 475 macros
[0m20:58:40.603806 [debug] [MainThread]: Sending event: {'category': 'dbt', 'action': 'runnable_timing', 'label': '8501df40-8feb-418b-821e-5cbd67c74947', 'context': [<snowplow_tracker.self_describing_json.SelfDescribingJson object at 0x0000026E6501D0F0>]}
[0m20:58:40.697938 [info ] [MainThread]: 
[0m20:58:40.958246 [info ] [MainThread]: Concurrency: 4 threads (target='dev')
[0m20:58:40.964264 [info ] [MainThread]: 
[0m20:58:40.966480 [debug] [MainThread]: Acquiring new postgres connection 'master'
[0m20:58:41.094352 [debug] [ThreadPool]: Acquiring new postgres connection 'list_sales_db'
[0m20:58:44.336217 [debug] [ThreadPool]: Using postgres connection "list_sales_db"
[0m20:58:44.337126 [debug] [ThreadPool]: On list_sales_db: /* {"app": "dbt", "dbt_version": "1.12.0b3", "profile_name": "sales_project", "target_name": "dev", "connection_name": "list_sales_db"} */

    select distinct nspname from pg_namespace
  
[0m20:58:44.337893 [debug] [ThreadPool]: Opening a new connection, currently in state init
[0m20:58:55.503076 [debug] [ThreadPool]: SQL status: SELECT 4 in 11.131 seconds
[0m20:58:55.506181 [debug] [ThreadPool]: On list_sales_db: Close
[0m20:58:55.525469 [debug] [ThreadPool]: Acquiring new postgres connection 'list_sales_db_public'
[0m20:58:55.541455 [debug] [ThreadPool]: Using postgres connection "list_sales_db_public"
[0m20:58:55.542493 [debug] [ThreadPool]: On list_sales_db_public: /* {"app": "dbt", "dbt_version": "1.12.0b3", "profile_name": "sales_project", "target_name": "dev", "connection_name": "list_sales_db_public"} */
select
      'sales_db' as database,
      tablename as name,
      schemaname as schema,
      'table' as type
    from pg_tables
    where schemaname ilike 'public'
    union all
    select
      'sales_db' as database,
      viewname as name,
      schemaname as schema,
      'view' as type
    from pg_views
    where schemaname ilike 'public'
    union all
    select
      'sales_db' as database,
      matviewname as name,
      schemaname as schema,
      'materialized_view' as type
    from pg_matviews
    where schemaname ilike 'public'
  
[0m20:58:55.543425 [debug] [ThreadPool]: Opening a new connection, currently in state init
[0m20:58:57.168136 [debug] [ThreadPool]: SQL status: SELECT 21 in 1.625 seconds
[0m20:58:57.171928 [debug] [ThreadPool]: On list_sales_db_public: ROLLBACK
[0m20:58:57.173035 [debug] [ThreadPool]: On list_sales_db_public: Close
[0m20:58:57.196925 [debug] [MainThread]: Using postgres connection "master"
[0m20:58:57.199040 [debug] [MainThread]: On master: /* {"app": "dbt", "dbt_version": "1.12.0b3", "profile_name": "sales_project", "target_name": "dev", "connection_name": "master"} */
select distinct
        dependent_namespace.nspname as dependent_schema,
        dependent_class.relname as dependent_name,
        referenced_namespace.nspname as referenced_schema,
        referenced_class.relname as referenced_name

    -- Query for views: views are entries in pg_class with an entry in pg_rewrite, but we avoid
    -- a seq scan on pg_rewrite by leveraging the fact there is an "internal" row in pg_depend for
    -- the view...
    from pg_class as dependent_class
    join pg_namespace as dependent_namespace on dependent_namespace.oid = dependent_class.relnamespace
    join pg_depend as dependent_depend on dependent_depend.refobjid = dependent_class.oid
        and dependent_depend.classid = 'pg_rewrite'::regclass
        and dependent_depend.refclassid = 'pg_class'::regclass
        and dependent_depend.deptype = 'i'

    -- ... and via pg_depend (that has a row per column, hence the need for "distinct" above, and
    -- making sure to exclude the internal row to avoid a view appearing to depend on itself)...
    join pg_depend as joining_depend on joining_depend.objid = dependent_depend.objid
        and joining_depend.classid = 'pg_rewrite'::regclass
        and joining_depend.refclassid = 'pg_class'::regclass
        and joining_depend.refobjid != dependent_depend.refobjid

    -- ... we can find the tables they query from in pg_class, but excluding system tables. Note we
    -- don't need need to exclude _dependent_ system tables, because they only query from other
    -- system tables, and so are automatically excluded by excluding _referenced_ system tables
    join pg_class as referenced_class on referenced_class.oid = joining_depend.refobjid
    join pg_namespace as referenced_namespace on referenced_namespace.oid = referenced_class.relnamespace
        and referenced_namespace.nspname != 'information_schema'
        and referenced_namespace.nspname not like 'pg\_%'

    order by
        dependent_schema, dependent_name, referenced_schema, referenced_name;
[0m20:58:57.203099 [debug] [MainThread]: Opening a new connection, currently in state init
[0m20:58:57.596512 [debug] [MainThread]: SQL status: SELECT 0 in 0.393 seconds
[0m20:58:57.599354 [debug] [MainThread]: Sending event: {'category': 'dbt', 'action': 'runnable_timing', 'label': '8501df40-8feb-418b-821e-5cbd67c74947', 'context': [<snowplow_tracker.self_describing_json.SelfDescribingJson object at 0x0000026E64A25230>]}
[0m20:58:57.601377 [debug] [MainThread]: On master: ROLLBACK
[0m20:58:57.602541 [debug] [MainThread]: On master: COMMIT
[0m20:58:57.603480 [debug] [MainThread]: Using postgres connection "master"
[0m20:58:57.604276 [debug] [MainThread]: On master: COMMIT
[0m20:58:57.632380 [debug] [MainThread]: SQL status: COMMIT in 0.027 seconds
[0m20:58:57.633564 [debug] [MainThread]: On master: Close
[0m20:58:57.721778 [debug] [Thread-1 (]: Began running node model.sales_project.discount_vs_sales
[0m20:58:57.723147 [info ] [Thread-1 (]: 1 of 1 START sql table model public.discount_vs_sales .......................... [RUN]
[0m20:58:57.725075 [debug] [Thread-1 (]: Acquiring new postgres connection 'model.sales_project.discount_vs_sales'
[0m20:58:57.726187 [debug] [Thread-1 (]: Began compiling node model.sales_project.discount_vs_sales
[0m20:58:57.744537 [debug] [Thread-1 (]: Writing injected SQL for node "model.sales_project.discount_vs_sales"
[0m20:58:57.746580 [debug] [Thread-1 (]: Began executing node model.sales_project.discount_vs_sales
[0m20:58:58.001874 [debug] [Thread-1 (]: Writing runtime sql for node "model.sales_project.discount_vs_sales"
[0m20:58:58.004195 [debug] [Thread-1 (]: Using postgres connection "model.sales_project.discount_vs_sales"
[0m20:58:58.006486 [debug] [Thread-1 (]: On model.sales_project.discount_vs_sales: /* {"app": "dbt", "dbt_version": "1.12.0b3", "profile_name": "sales_project", "target_name": "dev", "node_id": "model.sales_project.discount_vs_sales"} */

  
    

  create  table "sales_db"."public"."discount_vs_sales__dbt_tmp"
  
  
    as
  
  (
    WITH discounted_products AS (
    SELECT
        product_id,
        CASE 
            WHEN discount_percent > 0  THEN 'With Discount'
            WHEN discount_percent = 0  THEN 'Without Discount'
            ELSE 'Without Discount' 
        END AS discount_status,
        COUNT(*) AS total_sales,
        SUM(quantity) AS total_quantity_sold,
        SUM(unit_price * quantity) AS total_revenue,
        AVG(unit_price) AS avg_price
    FROM "sales_db"."public"."stg_sales"
    GROUP BY product_id    
)

SELECT
    discount_status,
    COUNT(product_id) AS number_of_products,
    SUM(total_sales) AS total_invoices,
    SUM(total_quantity_sold) AS total_quantity,
    SUM(total_revenue) AS total_revenue,
    ROUND(AVG(total_revenue), 2) AS avg_revenue_per_product
FROM discounted_products
GROUP BY discount_status
ORDER BY total_revenue DESC
  );
  
[0m20:58:58.008216 [debug] [Thread-1 (]: Opening a new connection, currently in state init
[0m20:58:58.680166 [debug] [Thread-1 (]: Postgres adapter: Postgres error: column "stg_sales.discount_percent" must appear in the GROUP BY clause or be used in an aggregate function
LINE 16:             WHEN discount_percent > 0  THEN 'With Discount'
                          ^

[0m20:58:58.681327 [debug] [Thread-1 (]: On model.sales_project.discount_vs_sales: ROLLBACK
[0m20:58:58.685820 [debug] [Thread-1 (]: On model.sales_project.discount_vs_sales: Close
[0m20:59:00.383806 [debug] [Thread-1 (]: Database Error in model discount_vs_sales (models\marts\discount_vs_sales.sql)
  column "stg_sales.discount_percent" must appear in the GROUP BY clause or be used in an aggregate function
  LINE 16:             WHEN discount_percent > 0  THEN 'With Discount'
                            ^
  compiled code at target\run\sales_project\models\marts\discount_vs_sales.sql
[0m20:59:00.398900 [debug] [Thread-1 (]: Sending event: {'category': 'dbt', 'action': 'run_model', 'label': '8501df40-8feb-418b-821e-5cbd67c74947', 'context': [<snowplow_tracker.self_describing_json.SelfDescribingJson object at 0x0000026E6518E510>]}
[0m20:59:00.401063 [error] [Thread-1 (]: 1 of 1 ERROR creating sql table model public.discount_vs_sales ................. [[31mERROR[0m in 2.66s]
[0m20:59:00.410151 [debug] [Thread-1 (]: Finished running node model.sales_project.discount_vs_sales
[0m20:59:00.413894 [debug] [Thread-7 (]: Marking all children of 'model.sales_project.discount_vs_sales' to be skipped because of status 'error'.  Reason: Database Error in model discount_vs_sales (models\marts\discount_vs_sales.sql)
  column "stg_sales.discount_percent" must appear in the GROUP BY clause or be used in an aggregate function
  LINE 16:             WHEN discount_percent > 0  THEN 'With Discount'
                            ^
  compiled code at target\run\sales_project\models\marts\discount_vs_sales.sql.
[0m20:59:00.457622 [debug] [MainThread]: On master: COMMIT
[0m20:59:00.459045 [debug] [MainThread]: Using postgres connection "master"
[0m20:59:00.460562 [debug] [MainThread]: On master: COMMIT
[0m20:59:00.461434 [debug] [MainThread]: Opening a new connection, currently in state closed
[0m20:59:00.627281 [debug] [MainThread]: SQL status: COMMIT in 0.166 seconds
[0m20:59:00.629458 [debug] [MainThread]: On master: Close
[0m20:59:00.631301 [debug] [MainThread]: Connection 'master' was properly closed.
[0m20:59:00.632189 [debug] [MainThread]: Connection 'list_sales_db' was properly closed.
[0m20:59:00.632915 [debug] [MainThread]: Connection 'list_sales_db_public' was properly closed.
[0m20:59:00.634808 [debug] [MainThread]: Connection 'model.sales_project.discount_vs_sales' was properly closed.
[0m20:59:00.635713 [info ] [MainThread]: 
[0m20:59:00.687859 [info ] [MainThread]: Finished running 1 table model in 0 hours 0 minutes and 19.67 seconds (19.67s).
[0m20:59:00.690380 [debug] [MainThread]: Command end result
[0m20:59:00.863791 [debug] [MainThread]: Wrote artifact WritableManifest to D:\Data Analyst\Python\sales_project\target\manifest.json
[0m20:59:00.877929 [debug] [MainThread]: Wrote artifact SemanticManifest to D:\Data Analyst\Python\sales_project\target\semantic_manifest.json
[0m20:59:00.894335 [debug] [MainThread]: Wrote artifact OsiDocument to D:\Data Analyst\Python\sales_project\target\osi_document.json
[0m20:59:00.917356 [debug] [MainThread]: Wrote artifact RunExecutionResult to D:\Data Analyst\Python\sales_project\target\run_results.json
[0m20:59:00.918366 [info ] [MainThread]: 
[0m20:59:00.940437 [info ] [MainThread]: [31mCompleted with 1 error, 0 partial successes, and 0 warnings:[0m
[0m20:59:00.943826 [info ] [MainThread]: 
[0m20:59:00.945187 [error] [MainThread]: [[31mERROR[0m]: in model discount_vs_sales (models\marts\discount_vs_sales.sql)
[0m20:59:00.949418 [error] [MainThread]:   Database Error in model discount_vs_sales (models\marts\discount_vs_sales.sql)
  column "stg_sales.discount_percent" must appear in the GROUP BY clause or be used in an aggregate function
  LINE 16:             WHEN discount_percent > 0  THEN 'With Discount'
                            ^
  compiled code at target\run\sales_project\models\marts\discount_vs_sales.sql
[0m20:59:00.977002 [info ] [MainThread]: 
[0m20:59:00.992297 [info ] [MainThread]:   compiled code at target\compiled\sales_project\models\marts\discount_vs_sales.sql
[0m20:59:01.008098 [info ] [MainThread]: 
[0m20:59:01.024040 [info ] [MainThread]: Done. PASS=0 WARN=0 ERROR=1 SKIP=0 NO-OP=0 REUSED=0 TOTAL=1
[0m20:59:01.031174 [debug] [MainThread]: Command `dbt run` failed at 20:59:01.030790 after 40.57 seconds
[0m20:59:01.032224 [debug] [MainThread]: Sending event: {'category': 'dbt', 'action': 'invocation', 'label': 'end', 'context': [<snowplow_tracker.self_describing_json.SelfDescribingJson object at 0x0000026E6516A6D0>, <snowplow_tracker.self_describing_json.SelfDescribingJson object at 0x0000026E654D0FF0>, <snowplow_tracker.self_describing_json.SelfDescribingJson object at 0x0000026E654D0190>]}
[0m20:59:01.035426 [debug] [MainThread]: Flushing usage events
[0m20:59:01.173310 [debug] [MainThread]: An error was encountered while trying to flush usage events
[0m21:01:08.983545 [debug] [MainThread]: Sending event: {'category': 'dbt', 'action': 'invocation', 'label': 'start', 'context': [<snowplow_tracker.self_describing_json.SelfDescribingJson object at 0x000001D0D6D1F8C0>, <snowplow_tracker.self_describing_json.SelfDescribingJson object at 0x000001D0D939BD90>, <snowplow_tracker.self_describing_json.SelfDescribingJson object at 0x000001D0D939B9D0>]}


============================== 21:01:08.993849 | d59cd024-0e55-4a63-ad82-a09d80f3f57e ==============================
[0m21:01:08.993849 [info ] [MainThread]: Running with dbt=1.12.0-b3
[0m21:01:08.995307 [debug] [MainThread]: running dbt with arguments {'static_parser': 'True', 'no_print': 'None', 'maximum_seed_size_mib': '1', 'target_path': 'None', 'warn_error_options': 'WarnErrorOptionsV2(error=[], warn=[], silence=[])', 'version_check': 'True', 'printer_width': '80', 'write_json': 'True', 'empty': 'False', 'log_cache_events': 'False', 'introspect': 'True', 'cache_selected_only': 'False', 'fail_fast': 'False', 'debug': 'False', 'log_format': 'default', 'profiles_dir': 'C:\\Users\\Toranj\\.dbt', 'send_anonymous_usage_stats': 'True', 'quiet': 'False', 'warn_error': 'None', 'partial_parse': 'True', 'indirect_selection': 'eager', 'invocation_command': 'dbt run --select discount_vs_sales', 'use_colors': 'True', 'use_experimental_parser': 'False', 'log_path': 'D:\\Data Analyst\\Python\\sales_project\\logs'}
[0m21:01:09.720593 [debug] [MainThread]: Sending event: {'category': 'dbt', 'action': 'project_id', 'label': 'd59cd024-0e55-4a63-ad82-a09d80f3f57e', 'context': [<snowplow_tracker.self_describing_json.SelfDescribingJson object at 0x000001D0D72A36F0>]}
[0m21:01:09.951004 [debug] [MainThread]: Sending event: {'category': 'dbt', 'action': 'adapter_info', 'label': 'd59cd024-0e55-4a63-ad82-a09d80f3f57e', 'context': [<snowplow_tracker.self_describing_json.SelfDescribingJson object at 0x000001D0D9197680>]}
[0m21:01:09.953875 [info ] [MainThread]: Registered adapter: postgres=1.10.1
[0m21:01:10.836931 [debug] [MainThread]: checksum: 1422b360ba387c4a32c0f6c7d0628301536a3df5895ffefc77e86256980727b7, vars: {}, profile: sales_project, target: dev, version: 1.12.0b3
[0m21:01:11.539730 [debug] [MainThread]: Partial parsing enabled: 0 files deleted, 0 files added, 1 files changed.
[0m21:01:11.541287 [debug] [MainThread]: Partial parsing: updated file: sales_project://models\marts\discount_vs_sales.sql
[0m21:01:12.391663 [debug] [MainThread]: Sending event: {'category': 'dbt', 'action': 'load_project', 'label': 'd59cd024-0e55-4a63-ad82-a09d80f3f57e', 'context': [<snowplow_tracker.self_describing_json.SelfDescribingJson object at 0x000001D0D9490F50>]}
[0m21:01:12.616413 [debug] [MainThread]: Wrote artifact WritableManifest to D:\Data Analyst\Python\sales_project\target\manifest.json
[0m21:01:12.627785 [debug] [MainThread]: Wrote artifact SemanticManifest to D:\Data Analyst\Python\sales_project\target\semantic_manifest.json
[0m21:01:12.693861 [debug] [MainThread]: Wrote artifact OsiDocument to D:\Data Analyst\Python\sales_project\target\osi_document.json
[0m21:01:12.737142 [debug] [MainThread]: Sending event: {'category': 'dbt', 'action': 'resource_counts', 'label': 'd59cd024-0e55-4a63-ad82-a09d80f3f57e', 'context': [<snowplow_tracker.self_describing_json.SelfDescribingJson object at 0x000001D0D990F890>]}
[0m21:01:12.738375 [info ] [MainThread]: Found 19 models, 475 macros
[0m21:01:12.739390 [debug] [MainThread]: Sending event: {'category': 'dbt', 'action': 'runnable_timing', 'label': 'd59cd024-0e55-4a63-ad82-a09d80f3f57e', 'context': [<snowplow_tracker.self_describing_json.SelfDescribingJson object at 0x000001D0D9A8DB70>]}
[0m21:01:12.743136 [info ] [MainThread]: 
[0m21:01:12.744270 [info ] [MainThread]: Concurrency: 4 threads (target='dev')
[0m21:01:12.751839 [info ] [MainThread]: 
[0m21:01:12.754252 [debug] [MainThread]: Acquiring new postgres connection 'master'
[0m21:01:12.767338 [debug] [ThreadPool]: Acquiring new postgres connection 'list_sales_db'
[0m21:01:13.305329 [debug] [ThreadPool]: Using postgres connection "list_sales_db"
[0m21:01:13.307200 [debug] [ThreadPool]: On list_sales_db: /* {"app": "dbt", "dbt_version": "1.12.0b3", "profile_name": "sales_project", "target_name": "dev", "connection_name": "list_sales_db"} */

    select distinct nspname from pg_namespace
  
[0m21:01:13.308029 [debug] [ThreadPool]: Opening a new connection, currently in state init
[0m21:01:13.512957 [debug] [ThreadPool]: SQL status: SELECT 4 in 0.205 seconds
[0m21:01:13.516436 [debug] [ThreadPool]: On list_sales_db: Close
[0m21:01:13.609034 [debug] [ThreadPool]: Acquiring new postgres connection 'list_sales_db_public'
[0m21:01:13.642811 [debug] [ThreadPool]: Using postgres connection "list_sales_db_public"
[0m21:01:13.643826 [debug] [ThreadPool]: On list_sales_db_public: /* {"app": "dbt", "dbt_version": "1.12.0b3", "profile_name": "sales_project", "target_name": "dev", "connection_name": "list_sales_db_public"} */
select
      'sales_db' as database,
      tablename as name,
      schemaname as schema,
      'table' as type
    from pg_tables
    where schemaname ilike 'public'
    union all
    select
      'sales_db' as database,
      viewname as name,
      schemaname as schema,
      'view' as type
    from pg_views
    where schemaname ilike 'public'
    union all
    select
      'sales_db' as database,
      matviewname as name,
      schemaname as schema,
      'materialized_view' as type
    from pg_matviews
    where schemaname ilike 'public'
  
[0m21:01:13.651818 [debug] [ThreadPool]: Opening a new connection, currently in state init
[0m21:01:13.774954 [debug] [ThreadPool]: SQL status: SELECT 21 in 0.123 seconds
[0m21:01:13.778509 [debug] [ThreadPool]: On list_sales_db_public: ROLLBACK
[0m21:01:13.779587 [debug] [ThreadPool]: On list_sales_db_public: Close
[0m21:01:13.806191 [debug] [MainThread]: Using postgres connection "master"
[0m21:01:13.808311 [debug] [MainThread]: On master: /* {"app": "dbt", "dbt_version": "1.12.0b3", "profile_name": "sales_project", "target_name": "dev", "connection_name": "master"} */
select distinct
        dependent_namespace.nspname as dependent_schema,
        dependent_class.relname as dependent_name,
        referenced_namespace.nspname as referenced_schema,
        referenced_class.relname as referenced_name

    -- Query for views: views are entries in pg_class with an entry in pg_rewrite, but we avoid
    -- a seq scan on pg_rewrite by leveraging the fact there is an "internal" row in pg_depend for
    -- the view...
    from pg_class as dependent_class
    join pg_namespace as dependent_namespace on dependent_namespace.oid = dependent_class.relnamespace
    join pg_depend as dependent_depend on dependent_depend.refobjid = dependent_class.oid
        and dependent_depend.classid = 'pg_rewrite'::regclass
        and dependent_depend.refclassid = 'pg_class'::regclass
        and dependent_depend.deptype = 'i'

    -- ... and via pg_depend (that has a row per column, hence the need for "distinct" above, and
    -- making sure to exclude the internal row to avoid a view appearing to depend on itself)...
    join pg_depend as joining_depend on joining_depend.objid = dependent_depend.objid
        and joining_depend.classid = 'pg_rewrite'::regclass
        and joining_depend.refclassid = 'pg_class'::regclass
        and joining_depend.refobjid != dependent_depend.refobjid

    -- ... we can find the tables they query from in pg_class, but excluding system tables. Note we
    -- don't need need to exclude _dependent_ system tables, because they only query from other
    -- system tables, and so are automatically excluded by excluding _referenced_ system tables
    join pg_class as referenced_class on referenced_class.oid = joining_depend.refobjid
    join pg_namespace as referenced_namespace on referenced_namespace.oid = referenced_class.relnamespace
        and referenced_namespace.nspname != 'information_schema'
        and referenced_namespace.nspname not like 'pg\_%'

    order by
        dependent_schema, dependent_name, referenced_schema, referenced_name;
[0m21:01:13.809327 [debug] [MainThread]: Opening a new connection, currently in state init
[0m21:01:13.950259 [debug] [MainThread]: SQL status: SELECT 0 in 0.141 seconds
[0m21:01:13.953228 [debug] [MainThread]: Sending event: {'category': 'dbt', 'action': 'runnable_timing', 'label': 'd59cd024-0e55-4a63-ad82-a09d80f3f57e', 'context': [<snowplow_tracker.self_describing_json.SelfDescribingJson object at 0x000001D0D9465230>]}
[0m21:01:13.954366 [debug] [MainThread]: On master: ROLLBACK
[0m21:01:13.955317 [debug] [MainThread]: On master: COMMIT
[0m21:01:13.956139 [debug] [MainThread]: Using postgres connection "master"
[0m21:01:13.956880 [debug] [MainThread]: On master: COMMIT
[0m21:01:13.957870 [debug] [MainThread]: SQL status: COMMIT in 0.000 seconds
[0m21:01:13.958701 [debug] [MainThread]: On master: Close
[0m21:01:14.116922 [debug] [Thread-1 (]: Began running node model.sales_project.discount_vs_sales
[0m21:01:14.118183 [info ] [Thread-1 (]: 1 of 1 START sql table model public.discount_vs_sales .......................... [RUN]
[0m21:01:14.120143 [debug] [Thread-1 (]: Acquiring new postgres connection 'model.sales_project.discount_vs_sales'
[0m21:01:14.121162 [debug] [Thread-1 (]: Began compiling node model.sales_project.discount_vs_sales
[0m21:01:14.148508 [debug] [Thread-1 (]: Writing injected SQL for node "model.sales_project.discount_vs_sales"
[0m21:01:14.168084 [debug] [Thread-1 (]: Began executing node model.sales_project.discount_vs_sales
[0m21:01:14.370387 [debug] [Thread-1 (]: Writing runtime sql for node "model.sales_project.discount_vs_sales"
[0m21:01:14.372548 [debug] [Thread-1 (]: Using postgres connection "model.sales_project.discount_vs_sales"
[0m21:01:14.373630 [debug] [Thread-1 (]: On model.sales_project.discount_vs_sales: /* {"app": "dbt", "dbt_version": "1.12.0b3", "profile_name": "sales_project", "target_name": "dev", "node_id": "model.sales_project.discount_vs_sales"} */

  
    

  create  table "sales_db"."public"."discount_vs_sales__dbt_tmp"
  
  
    as
  
  (
    WITH discounted_products AS (
    SELECT
        product_id,
        CASE 
            WHEN discount_percent > 0  THEN 'With Discount'
            WHEN discount_percent = 0  THEN 'Without Discount'
            ELSE 'Without Discount' 
        END AS discount_status,
        COUNT(*) AS total_sales,
        SUM(quantity) AS total_quantity_sold,
        SUM(unit_price * quantity) AS total_revenue,
        AVG(unit_price) AS avg_price
    FROM "sales_db"."public"."stg_sales"
    GROUP BY product_id, discount_percent    
)

SELECT
    discount_status,
    COUNT(product_id) AS number_of_products,
    SUM(total_sales) AS total_invoices,
    SUM(total_quantity_sold) AS total_quantity,
    SUM(total_revenue) AS total_revenue,
    ROUND(AVG(total_revenue), 2) AS avg_revenue_per_product
FROM discounted_products
GROUP BY discount_status
ORDER BY total_revenue DESC
  );
  
[0m21:01:14.374601 [debug] [Thread-1 (]: Opening a new connection, currently in state init
[0m21:01:16.818806 [debug] [Thread-1 (]: SQL status: SELECT 2 in 2.444 seconds
[0m21:01:16.845351 [debug] [Thread-1 (]: Using postgres connection "model.sales_project.discount_vs_sales"
[0m21:01:16.846547 [debug] [Thread-1 (]: On model.sales_project.discount_vs_sales: /* {"app": "dbt", "dbt_version": "1.12.0b3", "profile_name": "sales_project", "target_name": "dev", "node_id": "model.sales_project.discount_vs_sales"} */
alter table "sales_db"."public"."discount_vs_sales" rename to "discount_vs_sales__dbt_backup"
[0m21:01:16.900259 [debug] [Thread-1 (]: SQL status: ALTER TABLE in 0.052 seconds
[0m21:01:16.907735 [debug] [Thread-1 (]: Using postgres connection "model.sales_project.discount_vs_sales"
[0m21:01:16.908784 [debug] [Thread-1 (]: On model.sales_project.discount_vs_sales: /* {"app": "dbt", "dbt_version": "1.12.0b3", "profile_name": "sales_project", "target_name": "dev", "node_id": "model.sales_project.discount_vs_sales"} */
alter table "sales_db"."public"."discount_vs_sales__dbt_tmp" rename to "discount_vs_sales"
[0m21:01:16.910765 [debug] [Thread-1 (]: SQL status: ALTER TABLE in 0.001 seconds
[0m21:01:16.970162 [debug] [Thread-1 (]: On model.sales_project.discount_vs_sales: COMMIT
[0m21:01:16.971339 [debug] [Thread-1 (]: Using postgres connection "model.sales_project.discount_vs_sales"
[0m21:01:16.972546 [debug] [Thread-1 (]: On model.sales_project.discount_vs_sales: COMMIT
[0m21:01:16.988998 [debug] [Thread-1 (]: SQL status: COMMIT in 0.002 seconds
[0m21:01:17.005333 [debug] [Thread-1 (]: Applying DROP to: "sales_db"."public"."discount_vs_sales__dbt_backup"
[0m21:01:17.019079 [debug] [Thread-1 (]: Using postgres connection "model.sales_project.discount_vs_sales"
[0m21:01:17.021742 [debug] [Thread-1 (]: On model.sales_project.discount_vs_sales: /* {"app": "dbt", "dbt_version": "1.12.0b3", "profile_name": "sales_project", "target_name": "dev", "node_id": "model.sales_project.discount_vs_sales"} */
drop table if exists "sales_db"."public"."discount_vs_sales__dbt_backup" cascade
[0m21:01:17.243619 [debug] [Thread-1 (]: SQL status: DROP TABLE in 0.219 seconds
[0m21:01:17.249605 [debug] [Thread-1 (]: On model.sales_project.discount_vs_sales: Close
[0m21:01:17.254612 [debug] [Thread-1 (]: Sending event: {'category': 'dbt', 'action': 'run_model', 'label': 'd59cd024-0e55-4a63-ad82-a09d80f3f57e', 'context': [<snowplow_tracker.self_describing_json.SelfDescribingJson object at 0x000001D0D9C06090>]}
[0m21:01:17.256207 [info ] [Thread-1 (]: 1 of 1 OK created sql table model public.discount_vs_sales ..................... [[32mSELECT 2[0m in 3.13s]
[0m21:01:17.269776 [debug] [Thread-1 (]: Finished running node model.sales_project.discount_vs_sales
[0m21:01:17.275539 [debug] [MainThread]: On master: COMMIT
[0m21:01:17.276463 [debug] [MainThread]: Using postgres connection "master"
[0m21:01:17.277215 [debug] [MainThread]: On master: COMMIT
[0m21:01:17.277963 [debug] [MainThread]: Opening a new connection, currently in state closed
[0m21:01:17.408787 [debug] [MainThread]: SQL status: COMMIT in 0.131 seconds
[0m21:01:17.409715 [debug] [MainThread]: On master: Close
[0m21:01:17.410967 [debug] [MainThread]: Connection 'master' was properly closed.
[0m21:01:17.411869 [debug] [MainThread]: Connection 'list_sales_db' was properly closed.
[0m21:01:17.413210 [debug] [MainThread]: Connection 'list_sales_db_public' was properly closed.
[0m21:01:17.416852 [debug] [MainThread]: Connection 'model.sales_project.discount_vs_sales' was properly closed.
[0m21:01:17.418173 [info ] [MainThread]: 
[0m21:01:17.454552 [info ] [MainThread]: Finished running 1 table model in 0 hours 0 minutes and 4.66 seconds (4.66s).
[0m21:01:17.457800 [debug] [MainThread]: Command end result
[0m21:01:17.592432 [debug] [MainThread]: Wrote artifact WritableManifest to D:\Data Analyst\Python\sales_project\target\manifest.json
[0m21:01:17.603342 [debug] [MainThread]: Wrote artifact SemanticManifest to D:\Data Analyst\Python\sales_project\target\semantic_manifest.json
[0m21:01:17.613009 [debug] [MainThread]: Wrote artifact OsiDocument to D:\Data Analyst\Python\sales_project\target\osi_document.json
[0m21:01:17.640149 [debug] [MainThread]: Wrote artifact RunExecutionResult to D:\Data Analyst\Python\sales_project\target\run_results.json
[0m21:01:17.641072 [info ] [MainThread]: 
[0m21:01:17.642805 [info ] [MainThread]: [32mCompleted successfully[0m
[0m21:01:17.643851 [info ] [MainThread]: 
[0m21:01:17.644886 [info ] [MainThread]: Done. PASS=1 WARN=0 ERROR=0 SKIP=0 NO-OP=0 REUSED=0 TOTAL=1
[0m21:01:17.650771 [debug] [MainThread]: Command `dbt run` succeeded at 21:01:17.647957 after 9.53 seconds
[0m21:01:17.651859 [debug] [MainThread]: Sending event: {'category': 'dbt', 'action': 'invocation', 'label': 'end', 'context': [<snowplow_tracker.self_describing_json.SelfDescribingJson object at 0x000001D0D9A6BEE0>, <snowplow_tracker.self_describing_json.SelfDescribingJson object at 0x000001D0D9FBE0D0>, <snowplow_tracker.self_describing_json.SelfDescribingJson object at 0x000001D0D9FBEA30>]}
[0m21:01:17.652781 [debug] [MainThread]: Flushing usage events
[0m21:01:17.667164 [debug] [MainThread]: An error was encountered while trying to flush usage events
[0m21:41:12.261164 [debug] [MainThread]: Sending event: {'category': 'dbt', 'action': 'invocation', 'label': 'start', 'context': [<snowplow_tracker.self_describing_json.SelfDescribingJson object at 0x000002C78F49F8C0>, <snowplow_tracker.self_describing_json.SelfDescribingJson object at 0x000002C791B1BD90>, <snowplow_tracker.self_describing_json.SelfDescribingJson object at 0x000002C791B1B9D0>]}


============================== 21:41:12.271619 | 55ff4316-3445-438f-99e4-e3295e83bf33 ==============================
[0m21:41:12.271619 [info ] [MainThread]: Running with dbt=1.12.0-b3
[0m21:41:12.274433 [debug] [MainThread]: running dbt with arguments {'maximum_seed_size_mib': '1', 'no_print': 'None', 'static_parser': 'True', 'warn_error_options': 'WarnErrorOptionsV2(error=[], warn=[], silence=[])', 'version_check': 'True', 'target_path': 'None', 'printer_width': '80', 'write_json': 'True', 'introspect': 'True', 'log_cache_events': 'False', 'empty': 'False', 'cache_selected_only': 'False', 'fail_fast': 'False', 'debug': 'False', 'log_format': 'default', 'partial_parse': 'True', 'send_anonymous_usage_stats': 'True', 'quiet': 'False', 'warn_error': 'None', 'profiles_dir': 'C:\\Users\\Toranj\\.dbt', 'invocation_command': 'dbt run --select scl_analysis', 'use_colors': 'True', 'indirect_selection': 'eager', 'use_experimental_parser': 'False', 'log_path': 'D:\\Data Analyst\\Python\\sales_project\\logs'}
[0m21:41:13.044156 [debug] [MainThread]: Sending event: {'category': 'dbt', 'action': 'project_id', 'label': '55ff4316-3445-438f-99e4-e3295e83bf33', 'context': [<snowplow_tracker.self_describing_json.SelfDescribingJson object at 0x000002C78FA236F0>]}
[0m21:41:13.243610 [debug] [MainThread]: Sending event: {'category': 'dbt', 'action': 'adapter_info', 'label': '55ff4316-3445-438f-99e4-e3295e83bf33', 'context': [<snowplow_tracker.self_describing_json.SelfDescribingJson object at 0x000002C791917680>]}
[0m21:41:13.246526 [info ] [MainThread]: Registered adapter: postgres=1.10.1
[0m21:41:13.834551 [debug] [MainThread]: checksum: 1422b360ba387c4a32c0f6c7d0628301536a3df5895ffefc77e86256980727b7, vars: {}, profile: sales_project, target: dev, version: 1.12.0b3
[0m21:41:14.383111 [debug] [MainThread]: Partial parsing enabled: 0 files deleted, 0 files added, 1 files changed.
[0m21:41:14.384672 [debug] [MainThread]: Partial parsing: updated file: sales_project://models\marts\scl_analysis.sql
[0m21:41:15.219903 [debug] [MainThread]: Sending event: {'category': 'dbt', 'action': 'load_project', 'label': '55ff4316-3445-438f-99e4-e3295e83bf33', 'context': [<snowplow_tracker.self_describing_json.SelfDescribingJson object at 0x000002C791C10F50>]}
[0m21:41:15.427532 [debug] [MainThread]: Wrote artifact WritableManifest to D:\Data Analyst\Python\sales_project\target\manifest.json
[0m21:41:15.441352 [debug] [MainThread]: Wrote artifact SemanticManifest to D:\Data Analyst\Python\sales_project\target\semantic_manifest.json
[0m21:41:15.751752 [debug] [MainThread]: Wrote artifact OsiDocument to D:\Data Analyst\Python\sales_project\target\osi_document.json
[0m21:41:15.784328 [debug] [MainThread]: Sending event: {'category': 'dbt', 'action': 'resource_counts', 'label': '55ff4316-3445-438f-99e4-e3295e83bf33', 'context': [<snowplow_tracker.self_describing_json.SelfDescribingJson object at 0x000002C79208F2F0>]}
[0m21:41:15.785669 [info ] [MainThread]: Found 19 models, 475 macros
[0m21:41:15.786887 [debug] [MainThread]: Sending event: {'category': 'dbt', 'action': 'runnable_timing', 'label': '55ff4316-3445-438f-99e4-e3295e83bf33', 'context': [<snowplow_tracker.self_describing_json.SelfDescribingJson object at 0x000002C79220DE10>]}
[0m21:41:15.790370 [info ] [MainThread]: 
[0m21:41:15.793159 [info ] [MainThread]: Concurrency: 4 threads (target='dev')
[0m21:41:15.795380 [info ] [MainThread]: 
[0m21:41:15.797405 [debug] [MainThread]: Acquiring new postgres connection 'master'
[0m21:41:15.808033 [debug] [ThreadPool]: Acquiring new postgres connection 'list_sales_db'
[0m21:41:16.320290 [debug] [ThreadPool]: Using postgres connection "list_sales_db"
[0m21:41:16.321279 [debug] [ThreadPool]: On list_sales_db: /* {"app": "dbt", "dbt_version": "1.12.0b3", "profile_name": "sales_project", "target_name": "dev", "connection_name": "list_sales_db"} */

    select distinct nspname from pg_namespace
  
[0m21:41:16.322127 [debug] [ThreadPool]: Opening a new connection, currently in state init
[0m21:41:16.408741 [debug] [ThreadPool]: SQL status: SELECT 4 in 0.087 seconds
[0m21:41:16.411543 [debug] [ThreadPool]: On list_sales_db: Close
[0m21:41:16.430277 [debug] [ThreadPool]: Acquiring new postgres connection 'list_sales_db_public'
[0m21:41:16.447222 [debug] [ThreadPool]: Using postgres connection "list_sales_db_public"
[0m21:41:16.449780 [debug] [ThreadPool]: On list_sales_db_public: /* {"app": "dbt", "dbt_version": "1.12.0b3", "profile_name": "sales_project", "target_name": "dev", "connection_name": "list_sales_db_public"} */
select
      'sales_db' as database,
      tablename as name,
      schemaname as schema,
      'table' as type
    from pg_tables
    where schemaname ilike 'public'
    union all
    select
      'sales_db' as database,
      viewname as name,
      schemaname as schema,
      'view' as type
    from pg_views
    where schemaname ilike 'public'
    union all
    select
      'sales_db' as database,
      matviewname as name,
      schemaname as schema,
      'materialized_view' as type
    from pg_matviews
    where schemaname ilike 'public'
  
[0m21:41:16.450913 [debug] [ThreadPool]: Opening a new connection, currently in state init
[0m21:41:16.530337 [debug] [ThreadPool]: SQL status: SELECT 21 in 0.079 seconds
[0m21:41:16.535247 [debug] [ThreadPool]: On list_sales_db_public: ROLLBACK
[0m21:41:16.536452 [debug] [ThreadPool]: On list_sales_db_public: Close
[0m21:41:16.558929 [debug] [MainThread]: Using postgres connection "master"
[0m21:41:16.560921 [debug] [MainThread]: On master: /* {"app": "dbt", "dbt_version": "1.12.0b3", "profile_name": "sales_project", "target_name": "dev", "connection_name": "master"} */
select distinct
        dependent_namespace.nspname as dependent_schema,
        dependent_class.relname as dependent_name,
        referenced_namespace.nspname as referenced_schema,
        referenced_class.relname as referenced_name

    -- Query for views: views are entries in pg_class with an entry in pg_rewrite, but we avoid
    -- a seq scan on pg_rewrite by leveraging the fact there is an "internal" row in pg_depend for
    -- the view...
    from pg_class as dependent_class
    join pg_namespace as dependent_namespace on dependent_namespace.oid = dependent_class.relnamespace
    join pg_depend as dependent_depend on dependent_depend.refobjid = dependent_class.oid
        and dependent_depend.classid = 'pg_rewrite'::regclass
        and dependent_depend.refclassid = 'pg_class'::regclass
        and dependent_depend.deptype = 'i'

    -- ... and via pg_depend (that has a row per column, hence the need for "distinct" above, and
    -- making sure to exclude the internal row to avoid a view appearing to depend on itself)...
    join pg_depend as joining_depend on joining_depend.objid = dependent_depend.objid
        and joining_depend.classid = 'pg_rewrite'::regclass
        and joining_depend.refclassid = 'pg_class'::regclass
        and joining_depend.refobjid != dependent_depend.refobjid

    -- ... we can find the tables they query from in pg_class, but excluding system tables. Note we
    -- don't need need to exclude _dependent_ system tables, because they only query from other
    -- system tables, and so are automatically excluded by excluding _referenced_ system tables
    join pg_class as referenced_class on referenced_class.oid = joining_depend.refobjid
    join pg_namespace as referenced_namespace on referenced_namespace.oid = referenced_class.relnamespace
        and referenced_namespace.nspname != 'information_schema'
        and referenced_namespace.nspname not like 'pg\_%'

    order by
        dependent_schema, dependent_name, referenced_schema, referenced_name;
[0m21:41:16.562138 [debug] [MainThread]: Opening a new connection, currently in state init
[0m21:41:16.646392 [debug] [MainThread]: SQL status: SELECT 0 in 0.084 seconds
[0m21:41:16.649722 [debug] [MainThread]: Sending event: {'category': 'dbt', 'action': 'runnable_timing', 'label': '55ff4316-3445-438f-99e4-e3295e83bf33', 'context': [<snowplow_tracker.self_describing_json.SelfDescribingJson object at 0x000002C791BE5230>]}
[0m21:41:16.650846 [debug] [MainThread]: On master: ROLLBACK
[0m21:41:16.652017 [debug] [MainThread]: On master: COMMIT
[0m21:41:16.652810 [debug] [MainThread]: Using postgres connection "master"
[0m21:41:16.653506 [debug] [MainThread]: On master: COMMIT
[0m21:41:16.654411 [debug] [MainThread]: SQL status: COMMIT in 0.000 seconds
[0m21:41:16.655133 [debug] [MainThread]: On master: Close
[0m21:41:16.664379 [debug] [Thread-1 (]: Began running node model.sales_project.scl_analysis
[0m21:41:16.666229 [info ] [Thread-1 (]: 1 of 1 START sql table model public.scl_analysis ............................... [RUN]
[0m21:41:16.667793 [debug] [Thread-1 (]: Acquiring new postgres connection 'model.sales_project.scl_analysis'
[0m21:41:16.668756 [debug] [Thread-1 (]: Began compiling node model.sales_project.scl_analysis
[0m21:41:16.688594 [debug] [Thread-1 (]: Writing injected SQL for node "model.sales_project.scl_analysis"
[0m21:41:16.693245 [debug] [Thread-1 (]: Began executing node model.sales_project.scl_analysis
[0m21:41:16.819813 [debug] [Thread-1 (]: Writing runtime sql for node "model.sales_project.scl_analysis"
[0m21:41:16.822749 [debug] [Thread-1 (]: Using postgres connection "model.sales_project.scl_analysis"
[0m21:41:16.823937 [debug] [Thread-1 (]: On model.sales_project.scl_analysis: /* {"app": "dbt", "dbt_version": "1.12.0b3", "profile_name": "sales_project", "target_name": "dev", "node_id": "model.sales_project.scl_analysis"} */

  
    

  create  table "sales_db"."public"."scl_analysis__dbt_tmp"
  
  
    as
  
  (
    WITH product_pairs AS (
    SELECT DISTINCT
        a.sale_id AS invoice_id,
        a.product_id AS product_a,
        b.product_id AS product_b
    FROM "sales_db"."public"."stg_sales" a  
    JOIN "sales_db"."public"."stg_sales" b 
        ON a.sale_id = b.sale_id
        AND a.product_id <> b.product_id  
),

pair_counts AS (
    SELECT
        product_a,
        product_b,
        COUNT(*) AS pair_frequency
    FROM product_pairs
    GROUP BY product_a, product_b    
),

product_counts AS (
    SELECT
        product_id,
        COUNT(DISTINCT sale_id) AS product_frequency
    FROM "sales_db"."public"."stg_sales"
    GROUP BY product_id    
),

total_invoices AS (
    SELECT COUNT(DISTINCT sale_id) AS total_count
    FROM "sales_db"."public"."stg_sales"
)

SELECT
    pc.product_a,
    pc.product_b,
    pc.pair_frequency,
    ti.total_count,
    ROUND(pc.pair_frequency * 1.0 /ti.total_count, 3) AS support,
    ROUND(pc.pair_frequency * 1.0 /pa.product_frequency, 3) AS confidence,
    ROUND(
        (pc.pair_frequency * 1.0 / pa.product_frequency) / 
        (pb.product_frequency *1.0 / ti.total_count), 3
    ) AS lift
FROM pair_counts pc 
JOIN product_counts pa ON pc.product_a = pa.product_id
JOIN product_counts pb ON pc.product_b = pb.product_id
CROSS JOIN total_invoices ti 
ORDER BY lift DESC, support DESC
  );
  
[0m21:41:16.824960 [debug] [Thread-1 (]: Opening a new connection, currently in state init
[0m21:41:17.671834 [debug] [Thread-1 (]: SQL status: SELECT 18796 in 0.847 seconds
[0m21:41:17.695406 [debug] [Thread-1 (]: Using postgres connection "model.sales_project.scl_analysis"
[0m21:41:17.696438 [debug] [Thread-1 (]: On model.sales_project.scl_analysis: /* {"app": "dbt", "dbt_version": "1.12.0b3", "profile_name": "sales_project", "target_name": "dev", "node_id": "model.sales_project.scl_analysis"} */
alter table "sales_db"."public"."scl_analysis" rename to "scl_analysis__dbt_backup"
[0m21:41:17.697887 [debug] [Thread-1 (]: SQL status: ALTER TABLE in 0.001 seconds
[0m21:41:17.705691 [debug] [Thread-1 (]: Using postgres connection "model.sales_project.scl_analysis"
[0m21:41:17.706693 [debug] [Thread-1 (]: On model.sales_project.scl_analysis: /* {"app": "dbt", "dbt_version": "1.12.0b3", "profile_name": "sales_project", "target_name": "dev", "node_id": "model.sales_project.scl_analysis"} */
alter table "sales_db"."public"."scl_analysis__dbt_tmp" rename to "scl_analysis"
[0m21:41:17.708405 [debug] [Thread-1 (]: SQL status: ALTER TABLE in 0.001 seconds
[0m21:41:17.756657 [debug] [Thread-1 (]: On model.sales_project.scl_analysis: COMMIT
[0m21:41:17.757871 [debug] [Thread-1 (]: Using postgres connection "model.sales_project.scl_analysis"
[0m21:41:17.758727 [debug] [Thread-1 (]: On model.sales_project.scl_analysis: COMMIT
[0m21:41:17.773131 [debug] [Thread-1 (]: SQL status: COMMIT in 0.013 seconds
[0m21:41:17.789484 [debug] [Thread-1 (]: Applying DROP to: "sales_db"."public"."scl_analysis__dbt_backup"
[0m21:41:17.802825 [debug] [Thread-1 (]: Using postgres connection "model.sales_project.scl_analysis"
[0m21:41:17.803861 [debug] [Thread-1 (]: On model.sales_project.scl_analysis: /* {"app": "dbt", "dbt_version": "1.12.0b3", "profile_name": "sales_project", "target_name": "dev", "node_id": "model.sales_project.scl_analysis"} */
drop table if exists "sales_db"."public"."scl_analysis__dbt_backup" cascade
[0m21:41:17.925464 [debug] [Thread-1 (]: SQL status: DROP TABLE in 0.121 seconds
[0m21:41:17.933026 [debug] [Thread-1 (]: On model.sales_project.scl_analysis: Close
[0m21:41:17.938157 [debug] [Thread-1 (]: Sending event: {'category': 'dbt', 'action': 'run_model', 'label': '55ff4316-3445-438f-99e4-e3295e83bf33', 'context': [<snowplow_tracker.self_describing_json.SelfDescribingJson object at 0x000002C79237DF10>]}
[0m21:41:17.939869 [info ] [Thread-1 (]: 1 of 1 OK created sql table model public.scl_analysis .......................... [[32mSELECT 18796[0m in 1.27s]
[0m21:41:17.944059 [debug] [Thread-1 (]: Finished running node model.sales_project.scl_analysis
[0m21:41:17.946706 [debug] [MainThread]: On master: COMMIT
[0m21:41:17.947606 [debug] [MainThread]: Using postgres connection "master"
[0m21:41:17.949601 [debug] [MainThread]: On master: COMMIT
[0m21:41:17.950645 [debug] [MainThread]: Opening a new connection, currently in state closed
[0m21:41:18.038803 [debug] [MainThread]: SQL status: COMMIT in 0.088 seconds
[0m21:41:18.039907 [debug] [MainThread]: On master: Close
[0m21:41:18.041077 [debug] [MainThread]: Connection 'master' was properly closed.
[0m21:41:18.041870 [debug] [MainThread]: Connection 'list_sales_db' was properly closed.
[0m21:41:18.042574 [debug] [MainThread]: Connection 'list_sales_db_public' was properly closed.
[0m21:41:18.043373 [debug] [MainThread]: Connection 'model.sales_project.scl_analysis' was properly closed.
[0m21:41:18.044177 [info ] [MainThread]: 
[0m21:41:18.047824 [info ] [MainThread]: Finished running 1 table model in 0 hours 0 minutes and 2.25 seconds (2.25s).
[0m21:41:18.051521 [debug] [MainThread]: Command end result
[0m21:41:18.144372 [debug] [MainThread]: Wrote artifact WritableManifest to D:\Data Analyst\Python\sales_project\target\manifest.json
[0m21:41:18.156144 [debug] [MainThread]: Wrote artifact SemanticManifest to D:\Data Analyst\Python\sales_project\target\semantic_manifest.json
[0m21:41:18.169604 [debug] [MainThread]: Wrote artifact OsiDocument to D:\Data Analyst\Python\sales_project\target\osi_document.json
[0m21:41:18.202638 [debug] [MainThread]: Wrote artifact RunExecutionResult to D:\Data Analyst\Python\sales_project\target\run_results.json
[0m21:41:18.203539 [info ] [MainThread]: 
[0m21:41:18.204723 [info ] [MainThread]: [32mCompleted successfully[0m
[0m21:41:18.205780 [info ] [MainThread]: 
[0m21:41:18.206896 [info ] [MainThread]: Done. PASS=1 WARN=0 ERROR=0 SKIP=0 NO-OP=0 REUSED=0 TOTAL=1
[0m21:41:18.209326 [debug] [MainThread]: Command `dbt run` succeeded at 21:41:18.209059 after 6.93 seconds
[0m21:41:18.210177 [debug] [MainThread]: Sending event: {'category': 'dbt', 'action': 'invocation', 'label': 'end', 'context': [<snowplow_tracker.self_describing_json.SelfDescribingJson object at 0x000002C7923673E0>, <snowplow_tracker.self_describing_json.SelfDescribingJson object at 0x000002C792643E30>, <snowplow_tracker.self_describing_json.SelfDescribingJson object at 0x000002C792641810>]}
[0m21:41:18.211056 [debug] [MainThread]: Flushing usage events
[0m21:41:18.224494 [debug] [MainThread]: An error was encountered while trying to flush usage events
[0m09:59:46.247219 [debug] [MainThread]: Sending event: {'category': 'dbt', 'action': 'invocation', 'label': 'start', 'context': [<snowplow_tracker.self_describing_json.SelfDescribingJson object at 0x00000138281E3620>, <snowplow_tracker.self_describing_json.SelfDescribingJson object at 0x000001382A7EFD90>, <snowplow_tracker.self_describing_json.SelfDescribingJson object at 0x000001382A7EF9D0>]}


============================== 09:59:46.258106 | 05113859-85cc-4af0-8ed3-ff77fe10f0e8 ==============================
[0m09:59:46.258106 [info ] [MainThread]: Running with dbt=1.12.0-b3
[0m09:59:46.259841 [debug] [MainThread]: running dbt with arguments {'version_check': 'True', 'no_print': 'None', 'static_parser': 'True', 'warn_error_options': 'WarnErrorOptionsV2(error=[], warn=[], silence=[])', 'target_path': 'None', 'maximum_seed_size_mib': '1', 'printer_width': '80', 'write_json': 'True', 'introspect': 'True', 'log_cache_events': 'False', 'empty': 'None', 'cache_selected_only': 'False', 'log_format': 'default', 'debug': 'False', 'fail_fast': 'False', 'partial_parse': 'True', 'send_anonymous_usage_stats': 'True', 'quiet': 'False', 'warn_error': 'None', 'profiles_dir': 'C:\\Users\\Toranj\\.dbt', 'invocation_command': 'dbt ', 'use_colors': 'True', 'indirect_selection': 'eager', 'use_experimental_parser': 'False', 'log_path': 'd:\\Data Analyst\\Python\\sales_project\\logs'}
[0m09:59:46.808100 [debug] [MainThread]: Sending event: {'category': 'dbt', 'action': 'project_id', 'label': '05113859-85cc-4af0-8ed3-ff77fe10f0e8', 'context': [<snowplow_tracker.self_describing_json.SelfDescribingJson object at 0x00000138287575C0>]}
[0m09:59:47.058180 [info ] [MainThread]: Warning: No packages were found in packages.yml
[0m09:59:47.060175 [info ] [MainThread]: Warning: No packages were found in packages.yml
[0m09:59:47.062527 [debug] [MainThread]: Command `cli deps` succeeded at 09:59:47.062242 after 1.14 seconds
[0m09:59:47.063299 [debug] [MainThread]: Sending event: {'category': 'dbt', 'action': 'invocation', 'label': 'end', 'context': [<snowplow_tracker.self_describing_json.SelfDescribingJson object at 0x00000138279327A0>, <snowplow_tracker.self_describing_json.SelfDescribingJson object at 0x000001382A9D3130>, <snowplow_tracker.self_describing_json.SelfDescribingJson object at 0x000001382A64D150>]}
[0m09:59:47.064070 [debug] [MainThread]: Flushing usage events
[0m09:59:47.105471 [debug] [MainThread]: An error was encountered while trying to flush usage events
[0m10:07:11.324591 [debug] [MainThread]: Sending event: {'category': 'dbt', 'action': 'invocation', 'label': 'start', 'context': [<snowplow_tracker.self_describing_json.SelfDescribingJson object at 0x0000027F586EF8C0>, <snowplow_tracker.self_describing_json.SelfDescribingJson object at 0x0000027F5AD5BD90>, <snowplow_tracker.self_describing_json.SelfDescribingJson object at 0x0000027F5AD5B9D0>]}


============================== 10:07:11.334237 | dc84fda1-c233-4799-b586-aa8b977ae4ce ==============================
[0m10:07:11.334237 [info ] [MainThread]: Running with dbt=1.12.0-b3
[0m10:07:11.335740 [debug] [MainThread]: running dbt with arguments {'static_parser': 'True', 'no_print': 'None', 'maximum_seed_size_mib': '1', 'target_path': 'None', 'warn_error_options': 'WarnErrorOptionsV2(error=[], warn=[], silence=[])', 'version_check': 'True', 'printer_width': '80', 'write_json': 'True', 'introspect': 'True', 'log_cache_events': 'False', 'empty': 'False', 'cache_selected_only': 'False', 'log_format': 'default', 'debug': 'False', 'fail_fast': 'False', 'partial_parse': 'True', 'send_anonymous_usage_stats': 'True', 'quiet': 'False', 'warn_error': 'None', 'profiles_dir': 'C:\\Users\\Toranj\\.dbt', 'use_colors': 'True', 'invocation_command': 'dbt run --select city_platform_analysis', 'indirect_selection': 'eager', 'use_experimental_parser': 'False', 'log_path': 'D:\\Data Analyst\\Python\\sales_project\\logs'}
[0m10:07:12.004151 [debug] [MainThread]: Sending event: {'category': 'dbt', 'action': 'project_id', 'label': 'dc84fda1-c233-4799-b586-aa8b977ae4ce', 'context': [<snowplow_tracker.self_describing_json.SelfDescribingJson object at 0x0000027F58C736F0>]}
[0m10:07:12.192841 [debug] [MainThread]: Sending event: {'category': 'dbt', 'action': 'adapter_info', 'label': 'dc84fda1-c233-4799-b586-aa8b977ae4ce', 'context': [<snowplow_tracker.self_describing_json.SelfDescribingJson object at 0x0000027F5AB57680>]}
[0m10:07:12.195818 [info ] [MainThread]: Registered adapter: postgres=1.10.1
[0m10:07:12.788364 [debug] [MainThread]: checksum: 1422b360ba387c4a32c0f6c7d0628301536a3df5895ffefc77e86256980727b7, vars: {}, profile: sales_project, target: dev, version: 1.12.0b3
[0m10:07:13.276119 [debug] [MainThread]: Partial parsing enabled: 0 files deleted, 0 files added, 1 files changed.
[0m10:07:13.277453 [debug] [MainThread]: Partial parsing: updated file: sales_project://models\marts\city_platform_analysis.sql
[0m10:07:14.047675 [debug] [MainThread]: Sending event: {'category': 'dbt', 'action': 'load_project', 'label': 'dc84fda1-c233-4799-b586-aa8b977ae4ce', 'context': [<snowplow_tracker.self_describing_json.SelfDescribingJson object at 0x0000027F5AE50F50>]}
[0m10:07:14.236997 [debug] [MainThread]: Wrote artifact WritableManifest to D:\Data Analyst\Python\sales_project\target\manifest.json
[0m10:07:14.261250 [debug] [MainThread]: Wrote artifact SemanticManifest to D:\Data Analyst\Python\sales_project\target\semantic_manifest.json
[0m10:07:14.429292 [debug] [MainThread]: Wrote artifact OsiDocument to D:\Data Analyst\Python\sales_project\target\osi_document.json
[0m10:07:14.507642 [debug] [MainThread]: Sending event: {'category': 'dbt', 'action': 'resource_counts', 'label': 'dc84fda1-c233-4799-b586-aa8b977ae4ce', 'context': [<snowplow_tracker.self_describing_json.SelfDescribingJson object at 0x0000027F5B30F890>]}
[0m10:07:14.508815 [info ] [MainThread]: Found 19 models, 475 macros
[0m10:07:14.511270 [debug] [MainThread]: Sending event: {'category': 'dbt', 'action': 'runnable_timing', 'label': 'dc84fda1-c233-4799-b586-aa8b977ae4ce', 'context': [<snowplow_tracker.self_describing_json.SelfDescribingJson object at 0x0000027F5B491630>]}
[0m10:07:14.514740 [info ] [MainThread]: 
[0m10:07:14.516666 [info ] [MainThread]: Concurrency: 4 threads (target='dev')
[0m10:07:14.517992 [info ] [MainThread]: 
[0m10:07:14.519410 [debug] [MainThread]: Acquiring new postgres connection 'master'
[0m10:07:14.521296 [debug] [ThreadPool]: Acquiring new postgres connection 'list_sales_db'
[0m10:07:15.485659 [debug] [ThreadPool]: Using postgres connection "list_sales_db"
[0m10:07:15.486650 [debug] [ThreadPool]: On list_sales_db: /* {"app": "dbt", "dbt_version": "1.12.0b3", "profile_name": "sales_project", "target_name": "dev", "connection_name": "list_sales_db"} */

    select distinct nspname from pg_namespace
  
[0m10:07:15.487386 [debug] [ThreadPool]: Opening a new connection, currently in state init
[0m10:07:16.232198 [debug] [ThreadPool]: SQL status: SELECT 4 in 0.745 seconds
[0m10:07:16.237949 [debug] [ThreadPool]: On list_sales_db: Close
[0m10:07:16.261814 [debug] [ThreadPool]: Acquiring new postgres connection 'list_sales_db_public'
[0m10:07:16.279262 [debug] [ThreadPool]: Using postgres connection "list_sales_db_public"
[0m10:07:16.280195 [debug] [ThreadPool]: On list_sales_db_public: /* {"app": "dbt", "dbt_version": "1.12.0b3", "profile_name": "sales_project", "target_name": "dev", "connection_name": "list_sales_db_public"} */
select
      'sales_db' as database,
      tablename as name,
      schemaname as schema,
      'table' as type
    from pg_tables
    where schemaname ilike 'public'
    union all
    select
      'sales_db' as database,
      viewname as name,
      schemaname as schema,
      'view' as type
    from pg_views
    where schemaname ilike 'public'
    union all
    select
      'sales_db' as database,
      matviewname as name,
      schemaname as schema,
      'materialized_view' as type
    from pg_matviews
    where schemaname ilike 'public'
  
[0m10:07:16.280966 [debug] [ThreadPool]: Opening a new connection, currently in state init
[0m10:07:16.429116 [debug] [ThreadPool]: SQL status: SELECT 21 in 0.148 seconds
[0m10:07:16.432468 [debug] [ThreadPool]: On list_sales_db_public: ROLLBACK
[0m10:07:16.433409 [debug] [ThreadPool]: On list_sales_db_public: Close
[0m10:07:16.453667 [debug] [MainThread]: Using postgres connection "master"
[0m10:07:16.455596 [debug] [MainThread]: On master: /* {"app": "dbt", "dbt_version": "1.12.0b3", "profile_name": "sales_project", "target_name": "dev", "connection_name": "master"} */
select distinct
        dependent_namespace.nspname as dependent_schema,
        dependent_class.relname as dependent_name,
        referenced_namespace.nspname as referenced_schema,
        referenced_class.relname as referenced_name

    -- Query for views: views are entries in pg_class with an entry in pg_rewrite, but we avoid
    -- a seq scan on pg_rewrite by leveraging the fact there is an "internal" row in pg_depend for
    -- the view...
    from pg_class as dependent_class
    join pg_namespace as dependent_namespace on dependent_namespace.oid = dependent_class.relnamespace
    join pg_depend as dependent_depend on dependent_depend.refobjid = dependent_class.oid
        and dependent_depend.classid = 'pg_rewrite'::regclass
        and dependent_depend.refclassid = 'pg_class'::regclass
        and dependent_depend.deptype = 'i'

    -- ... and via pg_depend (that has a row per column, hence the need for "distinct" above, and
    -- making sure to exclude the internal row to avoid a view appearing to depend on itself)...
    join pg_depend as joining_depend on joining_depend.objid = dependent_depend.objid
        and joining_depend.classid = 'pg_rewrite'::regclass
        and joining_depend.refclassid = 'pg_class'::regclass
        and joining_depend.refobjid != dependent_depend.refobjid

    -- ... we can find the tables they query from in pg_class, but excluding system tables. Note we
    -- don't need need to exclude _dependent_ system tables, because they only query from other
    -- system tables, and so are automatically excluded by excluding _referenced_ system tables
    join pg_class as referenced_class on referenced_class.oid = joining_depend.refobjid
    join pg_namespace as referenced_namespace on referenced_namespace.oid = referenced_class.relnamespace
        and referenced_namespace.nspname != 'information_schema'
        and referenced_namespace.nspname not like 'pg\_%'

    order by
        dependent_schema, dependent_name, referenced_schema, referenced_name;
[0m10:07:16.457654 [debug] [MainThread]: Opening a new connection, currently in state init
[0m10:07:16.553446 [debug] [MainThread]: SQL status: SELECT 0 in 0.096 seconds
[0m10:07:16.557776 [debug] [MainThread]: Sending event: {'category': 'dbt', 'action': 'runnable_timing', 'label': 'dc84fda1-c233-4799-b586-aa8b977ae4ce', 'context': [<snowplow_tracker.self_describing_json.SelfDescribingJson object at 0x0000027F5AE25230>]}
[0m10:07:16.559121 [debug] [MainThread]: On master: ROLLBACK
[0m10:07:16.560114 [debug] [MainThread]: On master: COMMIT
[0m10:07:16.560911 [debug] [MainThread]: Using postgres connection "master"
[0m10:07:16.561630 [debug] [MainThread]: On master: COMMIT
[0m10:07:16.562747 [debug] [MainThread]: SQL status: COMMIT in 0.000 seconds
[0m10:07:16.563560 [debug] [MainThread]: On master: Close
[0m10:07:16.598384 [debug] [Thread-1 (]: Began running node model.sales_project.city_platform_analysis
[0m10:07:16.599629 [info ] [Thread-1 (]: 1 of 1 START sql table model public.city_platform_analysis ..................... [RUN]
[0m10:07:16.601083 [debug] [Thread-1 (]: Acquiring new postgres connection 'model.sales_project.city_platform_analysis'
[0m10:07:16.602103 [debug] [Thread-1 (]: Began compiling node model.sales_project.city_platform_analysis
[0m10:07:16.619745 [debug] [Thread-1 (]: Writing injected SQL for node "model.sales_project.city_platform_analysis"
[0m10:07:16.621929 [debug] [Thread-1 (]: Began executing node model.sales_project.city_platform_analysis
[0m10:07:16.738253 [debug] [Thread-1 (]: Writing runtime sql for node "model.sales_project.city_platform_analysis"
[0m10:07:16.742271 [debug] [Thread-1 (]: Using postgres connection "model.sales_project.city_platform_analysis"
[0m10:07:16.743374 [debug] [Thread-1 (]: On model.sales_project.city_platform_analysis: /* {"app": "dbt", "dbt_version": "1.12.0b3", "profile_name": "sales_project", "target_name": "dev", "node_id": "model.sales_project.city_platform_analysis"} */

  
    

  create  table "sales_db"."public"."city_platform_analysis__dbt_tmp"
  
  
    as
  
  (
    WITH city_platform_stats AS (
    SELECT
        CASE 
            WHEN city IN ('Malard','Tehran','Karaj','Fardis','malard','tehran','karaj','fardis') THEN city  
            ELSE 'other' 
        END AS city_group,
        platform,
        COUNT(DISTINCT sale_id) AS total_invoices,
        SUM(unit_price * quantity) AS total_revenue
    FROM "sales_db"."public"."stg_sales"
    GROUP BY city_group, platform    
)
SELECT
    city_group,
    platform,
    total_invoices,
    total_revenue
FROM city_platform_stats
GROUP BY city, platform
ORDER BY city_group, total_revenue DESC
  );
  
[0m10:07:16.744308 [debug] [Thread-1 (]: Opening a new connection, currently in state init
[0m10:07:16.893383 [debug] [Thread-1 (]: Postgres adapter: Postgres error: column "city" does not exist
LINE 30: GROUP BY city, platform
                  ^

[0m10:07:16.894958 [debug] [Thread-1 (]: On model.sales_project.city_platform_analysis: ROLLBACK
[0m10:07:16.896980 [debug] [Thread-1 (]: On model.sales_project.city_platform_analysis: Close
[0m10:07:17.060536 [debug] [Thread-1 (]: Database Error in model city_platform_analysis (models\marts\city_platform_analysis.sql)
  column "city" does not exist
  LINE 30: GROUP BY city, platform
                    ^
  compiled code at target\run\sales_project\models\marts\city_platform_analysis.sql
[0m10:07:17.067574 [debug] [Thread-1 (]: Sending event: {'category': 'dbt', 'action': 'run_model', 'label': 'dc84fda1-c233-4799-b586-aa8b977ae4ce', 'context': [<snowplow_tracker.self_describing_json.SelfDescribingJson object at 0x0000027F5B5FE510>]}
[0m10:07:17.069863 [error] [Thread-1 (]: 1 of 1 ERROR creating sql table model public.city_platform_analysis ............ [[31mERROR[0m in 0.46s]
[0m10:07:17.072674 [debug] [Thread-1 (]: Finished running node model.sales_project.city_platform_analysis
[0m10:07:17.075440 [debug] [Thread-7 (]: Marking all children of 'model.sales_project.city_platform_analysis' to be skipped because of status 'error'.  Reason: Database Error in model city_platform_analysis (models\marts\city_platform_analysis.sql)
  column "city" does not exist
  LINE 30: GROUP BY city, platform
                    ^
  compiled code at target\run\sales_project\models\marts\city_platform_analysis.sql.
[0m10:07:17.081020 [debug] [MainThread]: On master: COMMIT
[0m10:07:17.082321 [debug] [MainThread]: Using postgres connection "master"
[0m10:07:17.083889 [debug] [MainThread]: On master: COMMIT
[0m10:07:17.084710 [debug] [MainThread]: Opening a new connection, currently in state closed
[0m10:07:17.157023 [debug] [MainThread]: SQL status: COMMIT in 0.072 seconds
[0m10:07:17.158027 [debug] [MainThread]: On master: Close
[0m10:07:17.159059 [debug] [MainThread]: Connection 'master' was properly closed.
[0m10:07:17.159856 [debug] [MainThread]: Connection 'list_sales_db' was properly closed.
[0m10:07:17.160631 [debug] [MainThread]: Connection 'list_sales_db_public' was properly closed.
[0m10:07:17.161342 [debug] [MainThread]: Connection 'model.sales_project.city_platform_analysis' was properly closed.
[0m10:07:17.162085 [info ] [MainThread]: 
[0m10:07:17.167692 [info ] [MainThread]: Finished running 1 table model in 0 hours 0 minutes and 2.64 seconds (2.64s).
[0m10:07:17.170905 [debug] [MainThread]: Command end result
[0m10:07:17.259971 [debug] [MainThread]: Wrote artifact WritableManifest to D:\Data Analyst\Python\sales_project\target\manifest.json
[0m10:07:17.269139 [debug] [MainThread]: Wrote artifact SemanticManifest to D:\Data Analyst\Python\sales_project\target\semantic_manifest.json
[0m10:07:17.279495 [debug] [MainThread]: Wrote artifact OsiDocument to D:\Data Analyst\Python\sales_project\target\osi_document.json
[0m10:07:17.337447 [debug] [MainThread]: Wrote artifact RunExecutionResult to D:\Data Analyst\Python\sales_project\target\run_results.json
[0m10:07:17.338719 [info ] [MainThread]: 
[0m10:07:17.393902 [info ] [MainThread]: [31mCompleted with 1 error, 0 partial successes, and 0 warnings:[0m
[0m10:07:17.408868 [info ] [MainThread]: 
[0m10:07:17.455113 [error] [MainThread]: [[31mERROR[0m]: in model city_platform_analysis (models\marts\city_platform_analysis.sql)
[0m10:07:17.459017 [error] [MainThread]:   Database Error in model city_platform_analysis (models\marts\city_platform_analysis.sql)
  column "city" does not exist
  LINE 30: GROUP BY city, platform
                    ^
  compiled code at target\run\sales_project\models\marts\city_platform_analysis.sql
[0m10:07:17.460232 [info ] [MainThread]: 
[0m10:07:17.461515 [info ] [MainThread]:   compiled code at target\compiled\sales_project\models\marts\city_platform_analysis.sql
[0m10:07:17.462722 [info ] [MainThread]: 
[0m10:07:17.463894 [info ] [MainThread]: Done. PASS=0 WARN=0 ERROR=1 SKIP=0 NO-OP=0 REUSED=0 TOTAL=1
[0m10:07:17.469142 [debug] [MainThread]: Command `dbt run` failed at 10:07:17.468790 after 6.54 seconds
[0m10:07:17.470149 [debug] [MainThread]: Sending event: {'category': 'dbt', 'action': 'invocation', 'label': 'end', 'context': [<snowplow_tracker.self_describing_json.SelfDescribingJson object at 0x0000027F5B5CA620>, <snowplow_tracker.self_describing_json.SelfDescribingJson object at 0x0000027F5B940FF0>, <snowplow_tracker.self_describing_json.SelfDescribingJson object at 0x0000027F5B940050>]}
[0m10:07:17.471059 [debug] [MainThread]: Flushing usage events
[0m10:07:17.514176 [debug] [MainThread]: An error was encountered while trying to flush usage events
[0m10:08:29.632528 [debug] [MainThread]: Sending event: {'category': 'dbt', 'action': 'invocation', 'label': 'start', 'context': [<snowplow_tracker.self_describing_json.SelfDescribingJson object at 0x00000169C43FF8C0>, <snowplow_tracker.self_describing_json.SelfDescribingJson object at 0x00000169C6A6BD90>, <snowplow_tracker.self_describing_json.SelfDescribingJson object at 0x00000169C6A6B9D0>]}


============================== 10:08:29.643185 | df37c23c-599c-4532-a695-5fe17731b353 ==============================
[0m10:08:29.643185 [info ] [MainThread]: Running with dbt=1.12.0-b3
[0m10:08:29.644727 [debug] [MainThread]: running dbt with arguments {'version_check': 'True', 'no_print': 'None', 'static_parser': 'True', 'target_path': 'None', 'warn_error_options': 'WarnErrorOptionsV2(error=[], warn=[], silence=[])', 'maximum_seed_size_mib': '1', 'printer_width': '80', 'write_json': 'True', 'empty': 'False', 'log_cache_events': 'False', 'introspect': 'True', 'cache_selected_only': 'False', 'fail_fast': 'False', 'debug': 'False', 'log_format': 'default', 'profiles_dir': 'C:\\Users\\Toranj\\.dbt', 'send_anonymous_usage_stats': 'True', 'quiet': 'False', 'warn_error': 'None', 'partial_parse': 'True', 'invocation_command': 'dbt run --select city_platform_analysis', 'indirect_selection': 'eager', 'use_colors': 'True', 'use_experimental_parser': 'False', 'log_path': 'D:\\Data Analyst\\Python\\sales_project\\logs'}
[0m10:08:30.280544 [debug] [MainThread]: Sending event: {'category': 'dbt', 'action': 'project_id', 'label': 'df37c23c-599c-4532-a695-5fe17731b353', 'context': [<snowplow_tracker.self_describing_json.SelfDescribingJson object at 0x00000169C49876F0>]}
[0m10:08:30.448941 [debug] [MainThread]: Sending event: {'category': 'dbt', 'action': 'adapter_info', 'label': 'df37c23c-599c-4532-a695-5fe17731b353', 'context': [<snowplow_tracker.self_describing_json.SelfDescribingJson object at 0x00000169C6867680>]}
[0m10:08:30.451789 [info ] [MainThread]: Registered adapter: postgres=1.10.1
[0m10:08:30.987332 [debug] [MainThread]: checksum: 1422b360ba387c4a32c0f6c7d0628301536a3df5895ffefc77e86256980727b7, vars: {}, profile: sales_project, target: dev, version: 1.12.0b3
[0m10:08:31.469948 [debug] [MainThread]: Partial parsing enabled: 0 files deleted, 0 files added, 1 files changed.
[0m10:08:31.471250 [debug] [MainThread]: Partial parsing: updated file: sales_project://models\marts\city_platform_analysis.sql
[0m10:08:32.215162 [debug] [MainThread]: Sending event: {'category': 'dbt', 'action': 'load_project', 'label': 'df37c23c-599c-4532-a695-5fe17731b353', 'context': [<snowplow_tracker.self_describing_json.SelfDescribingJson object at 0x00000169C6B60F50>]}
[0m10:08:32.402963 [debug] [MainThread]: Wrote artifact WritableManifest to D:\Data Analyst\Python\sales_project\target\manifest.json
[0m10:08:32.413393 [debug] [MainThread]: Wrote artifact SemanticManifest to D:\Data Analyst\Python\sales_project\target\semantic_manifest.json
[0m10:08:32.471085 [debug] [MainThread]: Wrote artifact OsiDocument to D:\Data Analyst\Python\sales_project\target\osi_document.json
[0m10:08:32.500208 [debug] [MainThread]: Sending event: {'category': 'dbt', 'action': 'resource_counts', 'label': 'df37c23c-599c-4532-a695-5fe17731b353', 'context': [<snowplow_tracker.self_describing_json.SelfDescribingJson object at 0x00000169C700F890>]}
[0m10:08:32.501363 [info ] [MainThread]: Found 19 models, 475 macros
[0m10:08:32.503796 [debug] [MainThread]: Sending event: {'category': 'dbt', 'action': 'runnable_timing', 'label': 'df37c23c-599c-4532-a695-5fe17731b353', 'context': [<snowplow_tracker.self_describing_json.SelfDescribingJson object at 0x00000169C718DB70>]}
[0m10:08:32.508188 [info ] [MainThread]: 
[0m10:08:32.509937 [info ] [MainThread]: Concurrency: 4 threads (target='dev')
[0m10:08:32.511679 [info ] [MainThread]: 
[0m10:08:32.513183 [debug] [MainThread]: Acquiring new postgres connection 'master'
[0m10:08:32.515026 [debug] [ThreadPool]: Acquiring new postgres connection 'list_sales_db'
[0m10:08:32.967418 [debug] [ThreadPool]: Using postgres connection "list_sales_db"
[0m10:08:32.968300 [debug] [ThreadPool]: On list_sales_db: /* {"app": "dbt", "dbt_version": "1.12.0b3", "profile_name": "sales_project", "target_name": "dev", "connection_name": "list_sales_db"} */

    select distinct nspname from pg_namespace
  
[0m10:08:32.969016 [debug] [ThreadPool]: Opening a new connection, currently in state init
[0m10:08:33.045088 [debug] [ThreadPool]: SQL status: SELECT 4 in 0.076 seconds
[0m10:08:33.047887 [debug] [ThreadPool]: On list_sales_db: Close
[0m10:08:33.062020 [debug] [ThreadPool]: Acquiring new postgres connection 'list_sales_db_public'
[0m10:08:33.075216 [debug] [ThreadPool]: Using postgres connection "list_sales_db_public"
[0m10:08:33.076153 [debug] [ThreadPool]: On list_sales_db_public: /* {"app": "dbt", "dbt_version": "1.12.0b3", "profile_name": "sales_project", "target_name": "dev", "connection_name": "list_sales_db_public"} */
select
      'sales_db' as database,
      tablename as name,
      schemaname as schema,
      'table' as type
    from pg_tables
    where schemaname ilike 'public'
    union all
    select
      'sales_db' as database,
      viewname as name,
      schemaname as schema,
      'view' as type
    from pg_views
    where schemaname ilike 'public'
    union all
    select
      'sales_db' as database,
      matviewname as name,
      schemaname as schema,
      'materialized_view' as type
    from pg_matviews
    where schemaname ilike 'public'
  
[0m10:08:33.076922 [debug] [ThreadPool]: Opening a new connection, currently in state init
[0m10:08:33.148341 [debug] [ThreadPool]: SQL status: SELECT 21 in 0.071 seconds
[0m10:08:33.151735 [debug] [ThreadPool]: On list_sales_db_public: ROLLBACK
[0m10:08:33.152677 [debug] [ThreadPool]: On list_sales_db_public: Close
[0m10:08:33.173734 [debug] [MainThread]: Using postgres connection "master"
[0m10:08:33.175656 [debug] [MainThread]: On master: /* {"app": "dbt", "dbt_version": "1.12.0b3", "profile_name": "sales_project", "target_name": "dev", "connection_name": "master"} */
select distinct
        dependent_namespace.nspname as dependent_schema,
        dependent_class.relname as dependent_name,
        referenced_namespace.nspname as referenced_schema,
        referenced_class.relname as referenced_name

    -- Query for views: views are entries in pg_class with an entry in pg_rewrite, but we avoid
    -- a seq scan on pg_rewrite by leveraging the fact there is an "internal" row in pg_depend for
    -- the view...
    from pg_class as dependent_class
    join pg_namespace as dependent_namespace on dependent_namespace.oid = dependent_class.relnamespace
    join pg_depend as dependent_depend on dependent_depend.refobjid = dependent_class.oid
        and dependent_depend.classid = 'pg_rewrite'::regclass
        and dependent_depend.refclassid = 'pg_class'::regclass
        and dependent_depend.deptype = 'i'

    -- ... and via pg_depend (that has a row per column, hence the need for "distinct" above, and
    -- making sure to exclude the internal row to avoid a view appearing to depend on itself)...
    join pg_depend as joining_depend on joining_depend.objid = dependent_depend.objid
        and joining_depend.classid = 'pg_rewrite'::regclass
        and joining_depend.refclassid = 'pg_class'::regclass
        and joining_depend.refobjid != dependent_depend.refobjid

    -- ... we can find the tables they query from in pg_class, but excluding system tables. Note we
    -- don't need need to exclude _dependent_ system tables, because they only query from other
    -- system tables, and so are automatically excluded by excluding _referenced_ system tables
    join pg_class as referenced_class on referenced_class.oid = joining_depend.refobjid
    join pg_namespace as referenced_namespace on referenced_namespace.oid = referenced_class.relnamespace
        and referenced_namespace.nspname != 'information_schema'
        and referenced_namespace.nspname not like 'pg\_%'

    order by
        dependent_schema, dependent_name, referenced_schema, referenced_name;
[0m10:08:33.176584 [debug] [MainThread]: Opening a new connection, currently in state init
[0m10:08:33.251399 [debug] [MainThread]: SQL status: SELECT 0 in 0.075 seconds
[0m10:08:33.253946 [debug] [MainThread]: Sending event: {'category': 'dbt', 'action': 'runnable_timing', 'label': 'df37c23c-599c-4532-a695-5fe17731b353', 'context': [<snowplow_tracker.self_describing_json.SelfDescribingJson object at 0x00000169C6B31230>]}
[0m10:08:33.256215 [debug] [MainThread]: On master: ROLLBACK
[0m10:08:33.257275 [debug] [MainThread]: On master: COMMIT
[0m10:08:33.258043 [debug] [MainThread]: Using postgres connection "master"
[0m10:08:33.258746 [debug] [MainThread]: On master: COMMIT
[0m10:08:33.259669 [debug] [MainThread]: SQL status: COMMIT in 0.000 seconds
[0m10:08:33.260421 [debug] [MainThread]: On master: Close
[0m10:08:33.267921 [debug] [Thread-1 (]: Began running node model.sales_project.city_platform_analysis
[0m10:08:33.269180 [info ] [Thread-1 (]: 1 of 1 START sql table model public.city_platform_analysis ..................... [RUN]
[0m10:08:33.270631 [debug] [Thread-1 (]: Acquiring new postgres connection 'model.sales_project.city_platform_analysis'
[0m10:08:33.272109 [debug] [Thread-1 (]: Began compiling node model.sales_project.city_platform_analysis
[0m10:08:33.287966 [debug] [Thread-1 (]: Writing injected SQL for node "model.sales_project.city_platform_analysis"
[0m10:08:33.291312 [debug] [Thread-1 (]: Began executing node model.sales_project.city_platform_analysis
[0m10:08:33.407141 [debug] [Thread-1 (]: Writing runtime sql for node "model.sales_project.city_platform_analysis"
[0m10:08:33.409069 [debug] [Thread-1 (]: Using postgres connection "model.sales_project.city_platform_analysis"
[0m10:08:33.410180 [debug] [Thread-1 (]: On model.sales_project.city_platform_analysis: /* {"app": "dbt", "dbt_version": "1.12.0b3", "profile_name": "sales_project", "target_name": "dev", "node_id": "model.sales_project.city_platform_analysis"} */

  
    

  create  table "sales_db"."public"."city_platform_analysis__dbt_tmp"
  
  
    as
  
  (
    WITH city_platform_stats AS (
    SELECT
        CASE 
            WHEN city IN ('Malard','Tehran','Karaj','Fardis','malard','tehran','karaj','fardis') THEN city  
            ELSE 'other' 
        END AS city_group,
        platform,
        COUNT(DISTINCT sale_id) AS total_invoices,
        SUM(unit_price * quantity) AS total_revenue
    FROM "sales_db"."public"."stg_sales"
    GROUP BY city_group, platform    
)
SELECT
    city_group,
    platform,
    total_invoices,
    total_revenue
FROM city_platform_stats
ORDER BY city_group, total_revenue DESC
  );
  
[0m10:08:33.411124 [debug] [Thread-1 (]: Opening a new connection, currently in state init
[0m10:08:33.813322 [debug] [Thread-1 (]: SQL status: SELECT 15 in 0.402 seconds
[0m10:08:33.836048 [debug] [Thread-1 (]: Using postgres connection "model.sales_project.city_platform_analysis"
[0m10:08:33.837083 [debug] [Thread-1 (]: On model.sales_project.city_platform_analysis: /* {"app": "dbt", "dbt_version": "1.12.0b3", "profile_name": "sales_project", "target_name": "dev", "node_id": "model.sales_project.city_platform_analysis"} */
alter table "sales_db"."public"."city_platform_analysis" rename to "city_platform_analysis__dbt_backup"
[0m10:08:33.878923 [debug] [Thread-1 (]: SQL status: ALTER TABLE in 0.041 seconds
[0m10:08:33.885788 [debug] [Thread-1 (]: Using postgres connection "model.sales_project.city_platform_analysis"
[0m10:08:33.886806 [debug] [Thread-1 (]: On model.sales_project.city_platform_analysis: /* {"app": "dbt", "dbt_version": "1.12.0b3", "profile_name": "sales_project", "target_name": "dev", "node_id": "model.sales_project.city_platform_analysis"} */
alter table "sales_db"."public"."city_platform_analysis__dbt_tmp" rename to "city_platform_analysis"
[0m10:08:33.888868 [debug] [Thread-1 (]: SQL status: ALTER TABLE in 0.001 seconds
[0m10:08:33.936368 [debug] [Thread-1 (]: On model.sales_project.city_platform_analysis: COMMIT
[0m10:08:33.937427 [debug] [Thread-1 (]: Using postgres connection "model.sales_project.city_platform_analysis"
[0m10:08:33.938590 [debug] [Thread-1 (]: On model.sales_project.city_platform_analysis: COMMIT
[0m10:08:33.942084 [debug] [Thread-1 (]: SQL status: COMMIT in 0.002 seconds
[0m10:08:33.964637 [debug] [Thread-1 (]: Applying DROP to: "sales_db"."public"."city_platform_analysis__dbt_backup"
[0m10:08:33.977458 [debug] [Thread-1 (]: Using postgres connection "model.sales_project.city_platform_analysis"
[0m10:08:33.978488 [debug] [Thread-1 (]: On model.sales_project.city_platform_analysis: /* {"app": "dbt", "dbt_version": "1.12.0b3", "profile_name": "sales_project", "target_name": "dev", "node_id": "model.sales_project.city_platform_analysis"} */
drop table if exists "sales_db"."public"."city_platform_analysis__dbt_backup" cascade
[0m10:08:34.035079 [debug] [Thread-1 (]: SQL status: DROP TABLE in 0.056 seconds
[0m10:08:34.041553 [debug] [Thread-1 (]: On model.sales_project.city_platform_analysis: Close
[0m10:08:34.046486 [debug] [Thread-1 (]: Sending event: {'category': 'dbt', 'action': 'run_model', 'label': 'df37c23c-599c-4532-a695-5fe17731b353', 'context': [<snowplow_tracker.self_describing_json.SelfDescribingJson object at 0x00000169C7306390>]}
[0m10:08:34.048114 [info ] [Thread-1 (]: 1 of 1 OK created sql table model public.city_platform_analysis ................ [[32mSELECT 15[0m in 0.77s]
[0m10:08:34.050399 [debug] [Thread-1 (]: Finished running node model.sales_project.city_platform_analysis
[0m10:08:34.052913 [debug] [MainThread]: On master: COMMIT
[0m10:08:34.053772 [debug] [MainThread]: Using postgres connection "master"
[0m10:08:34.054491 [debug] [MainThread]: On master: COMMIT
[0m10:08:34.056219 [debug] [MainThread]: Opening a new connection, currently in state closed
[0m10:08:34.219035 [debug] [MainThread]: SQL status: COMMIT in 0.163 seconds
[0m10:08:34.219989 [debug] [MainThread]: On master: Close
[0m10:08:34.222706 [debug] [MainThread]: Connection 'master' was properly closed.
[0m10:08:34.223641 [debug] [MainThread]: Connection 'list_sales_db' was properly closed.
[0m10:08:34.224346 [debug] [MainThread]: Connection 'list_sales_db_public' was properly closed.
[0m10:08:34.225170 [debug] [MainThread]: Connection 'model.sales_project.city_platform_analysis' was properly closed.
[0m10:08:34.226042 [info ] [MainThread]: 
[0m10:08:34.227955 [info ] [MainThread]: Finished running 1 table model in 0 hours 0 minutes and 1.71 seconds (1.71s).
[0m10:08:34.229898 [debug] [MainThread]: Command end result
[0m10:08:34.316295 [debug] [MainThread]: Wrote artifact WritableManifest to D:\Data Analyst\Python\sales_project\target\manifest.json
[0m10:08:34.326556 [debug] [MainThread]: Wrote artifact SemanticManifest to D:\Data Analyst\Python\sales_project\target\semantic_manifest.json
[0m10:08:34.335711 [debug] [MainThread]: Wrote artifact OsiDocument to D:\Data Analyst\Python\sales_project\target\osi_document.json
[0m10:08:34.357340 [debug] [MainThread]: Wrote artifact RunExecutionResult to D:\Data Analyst\Python\sales_project\target\run_results.json
[0m10:08:34.358286 [info ] [MainThread]: 
[0m10:08:34.361769 [info ] [MainThread]: [32mCompleted successfully[0m
[0m10:08:34.362839 [info ] [MainThread]: 
[0m10:08:34.363918 [info ] [MainThread]: Done. PASS=1 WARN=0 ERROR=0 SKIP=0 NO-OP=0 REUSED=0 TOTAL=1
[0m10:08:34.366383 [debug] [MainThread]: Command `dbt run` succeeded at 10:08:34.366100 after 5.03 seconds
[0m10:08:34.367246 [debug] [MainThread]: Sending event: {'category': 'dbt', 'action': 'invocation', 'label': 'end', 'context': [<snowplow_tracker.self_describing_json.SelfDescribingJson object at 0x00000169C716B6A0>, <snowplow_tracker.self_describing_json.SelfDescribingJson object at 0x00000169C76BA0D0>, <snowplow_tracker.self_describing_json.SelfDescribingJson object at 0x00000169C76BAA30>]}
[0m10:08:34.368075 [debug] [MainThread]: Flushing usage events
[0m10:08:34.375110 [debug] [MainThread]: An error was encountered while trying to flush usage events
[0m16:57:10.471589 [debug] [MainThread]: Sending event: {'category': 'dbt', 'action': 'invocation', 'label': 'start', 'context': [<snowplow_tracker.self_describing_json.SelfDescribingJson object at 0x00000254DD8EF8C0>, <snowplow_tracker.self_describing_json.SelfDescribingJson object at 0x00000254DFF5BD90>, <snowplow_tracker.self_describing_json.SelfDescribingJson object at 0x00000254DFF5B9D0>]}


============================== 16:57:10.527991 | 8a80b0d8-0109-4df1-8645-b48981bc8dda ==============================
[0m16:57:10.527991 [info ] [MainThread]: Running with dbt=1.12.0-b3
[0m16:57:10.529644 [debug] [MainThread]: running dbt with arguments {'version_check': 'True', 'no_print': 'None', 'static_parser': 'True', 'warn_error_options': 'WarnErrorOptionsV2(error=[], warn=[], silence=[])', 'target_path': 'None', 'maximum_seed_size_mib': '1', 'printer_width': '80', 'write_json': 'True', 'introspect': 'True', 'log_cache_events': 'False', 'empty': 'False', 'cache_selected_only': 'False', 'log_format': 'default', 'debug': 'False', 'fail_fast': 'False', 'profiles_dir': 'C:\\Users\\Toranj\\.dbt', 'send_anonymous_usage_stats': 'True', 'quiet': 'False', 'warn_error': 'None', 'partial_parse': 'True', 'use_colors': 'True', 'invocation_command': 'dbt run --select discount_analysis', 'indirect_selection': 'eager', 'use_experimental_parser': 'False', 'log_path': 'D:\\Data Analyst\\Python\\sales_project\\logs'}
[0m16:57:14.006015 [debug] [MainThread]: Sending event: {'category': 'dbt', 'action': 'project_id', 'label': '8a80b0d8-0109-4df1-8645-b48981bc8dda', 'context': [<snowplow_tracker.self_describing_json.SelfDescribingJson object at 0x00000254DDE776F0>]}
[0m16:57:14.184561 [debug] [MainThread]: Sending event: {'category': 'dbt', 'action': 'adapter_info', 'label': '8a80b0d8-0109-4df1-8645-b48981bc8dda', 'context': [<snowplow_tracker.self_describing_json.SelfDescribingJson object at 0x00000254DFD57680>]}
[0m16:57:14.187931 [info ] [MainThread]: Registered adapter: postgres=1.10.1
[0m16:57:14.787308 [debug] [MainThread]: checksum: 1422b360ba387c4a32c0f6c7d0628301536a3df5895ffefc77e86256980727b7, vars: {}, profile: sales_project, target: dev, version: 1.12.0b3
[0m16:57:15.618588 [debug] [MainThread]: Partial parsing enabled: 0 files deleted, 0 files added, 1 files changed.
[0m16:57:15.619911 [debug] [MainThread]: Partial parsing: updated file: sales_project://models\marts\discount_analysis.sql
[0m16:57:16.482321 [debug] [MainThread]: Sending event: {'category': 'dbt', 'action': 'load_project', 'label': '8a80b0d8-0109-4df1-8645-b48981bc8dda', 'context': [<snowplow_tracker.self_describing_json.SelfDescribingJson object at 0x00000254E0050F50>]}
[0m16:57:16.710619 [debug] [MainThread]: Wrote artifact WritableManifest to D:\Data Analyst\Python\sales_project\target\manifest.json
[0m16:57:16.736218 [debug] [MainThread]: Wrote artifact SemanticManifest to D:\Data Analyst\Python\sales_project\target\semantic_manifest.json
[0m16:57:16.950300 [debug] [MainThread]: Wrote artifact OsiDocument to D:\Data Analyst\Python\sales_project\target\osi_document.json
[0m16:57:17.078362 [debug] [MainThread]: Sending event: {'category': 'dbt', 'action': 'resource_counts', 'label': '8a80b0d8-0109-4df1-8645-b48981bc8dda', 'context': [<snowplow_tracker.self_describing_json.SelfDescribingJson object at 0x00000254E04FF2F0>]}
[0m16:57:17.079456 [info ] [MainThread]: Found 19 models, 475 macros
[0m16:57:17.081443 [debug] [MainThread]: Sending event: {'category': 'dbt', 'action': 'runnable_timing', 'label': '8a80b0d8-0109-4df1-8645-b48981bc8dda', 'context': [<snowplow_tracker.self_describing_json.SelfDescribingJson object at 0x00000254E067DB70>]}
[0m16:57:17.085237 [info ] [MainThread]: 
[0m16:57:17.109752 [info ] [MainThread]: Concurrency: 4 threads (target='dev')
[0m16:57:17.111199 [info ] [MainThread]: 
[0m16:57:17.115663 [debug] [MainThread]: Acquiring new postgres connection 'master'
[0m16:57:17.128832 [debug] [ThreadPool]: Acquiring new postgres connection 'list_sales_db'
[0m16:57:18.094273 [debug] [ThreadPool]: Using postgres connection "list_sales_db"
[0m16:57:18.095253 [debug] [ThreadPool]: On list_sales_db: /* {"app": "dbt", "dbt_version": "1.12.0b3", "profile_name": "sales_project", "target_name": "dev", "connection_name": "list_sales_db"} */

    select distinct nspname from pg_namespace
  
[0m16:57:18.096103 [debug] [ThreadPool]: Opening a new connection, currently in state init
[0m16:57:18.504288 [debug] [ThreadPool]: SQL status: SELECT 4 in 0.408 seconds
[0m16:57:18.507036 [debug] [ThreadPool]: On list_sales_db: Close
[0m16:57:18.527740 [debug] [ThreadPool]: Acquiring new postgres connection 'list_sales_db_public'
[0m16:57:18.541612 [debug] [ThreadPool]: Using postgres connection "list_sales_db_public"
[0m16:57:18.542546 [debug] [ThreadPool]: On list_sales_db_public: /* {"app": "dbt", "dbt_version": "1.12.0b3", "profile_name": "sales_project", "target_name": "dev", "connection_name": "list_sales_db_public"} */
select
      'sales_db' as database,
      tablename as name,
      schemaname as schema,
      'table' as type
    from pg_tables
    where schemaname ilike 'public'
    union all
    select
      'sales_db' as database,
      viewname as name,
      schemaname as schema,
      'view' as type
    from pg_views
    where schemaname ilike 'public'
    union all
    select
      'sales_db' as database,
      matviewname as name,
      schemaname as schema,
      'materialized_view' as type
    from pg_matviews
    where schemaname ilike 'public'
  
[0m16:57:18.543341 [debug] [ThreadPool]: Opening a new connection, currently in state init
[0m16:57:18.621062 [debug] [ThreadPool]: SQL status: SELECT 21 in 0.078 seconds
[0m16:57:18.624831 [debug] [ThreadPool]: On list_sales_db_public: ROLLBACK
[0m16:57:18.625978 [debug] [ThreadPool]: On list_sales_db_public: Close
[0m16:57:18.646589 [debug] [MainThread]: Using postgres connection "master"
[0m16:57:18.648545 [debug] [MainThread]: On master: /* {"app": "dbt", "dbt_version": "1.12.0b3", "profile_name": "sales_project", "target_name": "dev", "connection_name": "master"} */
select distinct
        dependent_namespace.nspname as dependent_schema,
        dependent_class.relname as dependent_name,
        referenced_namespace.nspname as referenced_schema,
        referenced_class.relname as referenced_name

    -- Query for views: views are entries in pg_class with an entry in pg_rewrite, but we avoid
    -- a seq scan on pg_rewrite by leveraging the fact there is an "internal" row in pg_depend for
    -- the view...
    from pg_class as dependent_class
    join pg_namespace as dependent_namespace on dependent_namespace.oid = dependent_class.relnamespace
    join pg_depend as dependent_depend on dependent_depend.refobjid = dependent_class.oid
        and dependent_depend.classid = 'pg_rewrite'::regclass
        and dependent_depend.refclassid = 'pg_class'::regclass
        and dependent_depend.deptype = 'i'

    -- ... and via pg_depend (that has a row per column, hence the need for "distinct" above, and
    -- making sure to exclude the internal row to avoid a view appearing to depend on itself)...
    join pg_depend as joining_depend on joining_depend.objid = dependent_depend.objid
        and joining_depend.classid = 'pg_rewrite'::regclass
        and joining_depend.refclassid = 'pg_class'::regclass
        and joining_depend.refobjid != dependent_depend.refobjid

    -- ... we can find the tables they query from in pg_class, but excluding system tables. Note we
    -- don't need need to exclude _dependent_ system tables, because they only query from other
    -- system tables, and so are automatically excluded by excluding _referenced_ system tables
    join pg_class as referenced_class on referenced_class.oid = joining_depend.refobjid
    join pg_namespace as referenced_namespace on referenced_namespace.oid = referenced_class.relnamespace
        and referenced_namespace.nspname != 'information_schema'
        and referenced_namespace.nspname not like 'pg\_%'

    order by
        dependent_schema, dependent_name, referenced_schema, referenced_name;
[0m16:57:18.649471 [debug] [MainThread]: Opening a new connection, currently in state init
[0m16:57:18.739735 [debug] [MainThread]: SQL status: SELECT 0 in 0.090 seconds
[0m16:57:18.742311 [debug] [MainThread]: Sending event: {'category': 'dbt', 'action': 'runnable_timing', 'label': '8a80b0d8-0109-4df1-8645-b48981bc8dda', 'context': [<snowplow_tracker.self_describing_json.SelfDescribingJson object at 0x00000254E0025230>]}
[0m16:57:18.743447 [debug] [MainThread]: On master: ROLLBACK
[0m16:57:18.744469 [debug] [MainThread]: On master: COMMIT
[0m16:57:18.745334 [debug] [MainThread]: Using postgres connection "master"
[0m16:57:18.746105 [debug] [MainThread]: On master: COMMIT
[0m16:57:18.747137 [debug] [MainThread]: SQL status: COMMIT in 0.000 seconds
[0m16:57:18.747921 [debug] [MainThread]: On master: Close
[0m16:57:18.787403 [debug] [Thread-1 (]: Began running node model.sales_project.discount_analysis
[0m16:57:18.788769 [info ] [Thread-1 (]: 1 of 1 START sql table model public.discount_analysis .......................... [RUN]
[0m16:57:18.790245 [debug] [Thread-1 (]: Acquiring new postgres connection 'model.sales_project.discount_analysis'
[0m16:57:18.791165 [debug] [Thread-1 (]: Began compiling node model.sales_project.discount_analysis
[0m16:57:18.818039 [debug] [Thread-1 (]: Writing injected SQL for node "model.sales_project.discount_analysis"
[0m16:57:18.827466 [debug] [Thread-1 (]: Began executing node model.sales_project.discount_analysis
[0m16:57:18.964242 [debug] [Thread-1 (]: Writing runtime sql for node "model.sales_project.discount_analysis"
[0m16:57:18.979797 [debug] [Thread-1 (]: Using postgres connection "model.sales_project.discount_analysis"
[0m16:57:18.980915 [debug] [Thread-1 (]: On model.sales_project.discount_analysis: /* {"app": "dbt", "dbt_version": "1.12.0b3", "profile_name": "sales_project", "target_name": "dev", "node_id": "model.sales_project.discount_analysis"} */

  
    

  create  table "sales_db"."public"."discount_analysis__dbt_tmp"
  
  
    as
  
  (
    WITH discount_stats AS (
    SELECT
        product_id,
        AVG(discount_percent) AS avg_discount,
        COUNT(*) AS total_sales,
        SUM(quantity) AS total_quantity_sold,
        SUM(unit_price * quantity) AS total_revenue
    FROM "sales_db"."public"."stg_sales"
    GROUP BY product_id    
)

SELECT
    p.product_name,
    p.category,
    ds.avg_discount,
    ds.total_sales,
    ds.total_quantity_sold,
    ds.total_revenue,
    CASE 
        WHEN ds.avg_discount > 15 THEN 'High Discount'
        WHEN ds.avg_discount > 5 THEN 'Medium Discount'  
        ELSE 'Low Discount' 
    END AS discount_category
FROM discount_stats ds 
LEFT JOIN "sales_db"."public"."stg_products" p USING (product_id)
ORDER BY ds.avg_discount DESC
  );
  
[0m16:57:18.981864 [debug] [Thread-1 (]: Opening a new connection, currently in state init
[0m16:57:19.226518 [debug] [Thread-1 (]: SQL status: SELECT 138 in 0.245 seconds
[0m16:57:19.249446 [debug] [Thread-1 (]: Using postgres connection "model.sales_project.discount_analysis"
[0m16:57:19.250639 [debug] [Thread-1 (]: On model.sales_project.discount_analysis: /* {"app": "dbt", "dbt_version": "1.12.0b3", "profile_name": "sales_project", "target_name": "dev", "node_id": "model.sales_project.discount_analysis"} */
alter table "sales_db"."public"."discount_analysis" rename to "discount_analysis__dbt_backup"
[0m16:57:19.252427 [debug] [Thread-1 (]: SQL status: ALTER TABLE in 0.001 seconds
[0m16:57:19.259758 [debug] [Thread-1 (]: Using postgres connection "model.sales_project.discount_analysis"
[0m16:57:19.260750 [debug] [Thread-1 (]: On model.sales_project.discount_analysis: /* {"app": "dbt", "dbt_version": "1.12.0b3", "profile_name": "sales_project", "target_name": "dev", "node_id": "model.sales_project.discount_analysis"} */
alter table "sales_db"."public"."discount_analysis__dbt_tmp" rename to "discount_analysis"
[0m16:57:19.262311 [debug] [Thread-1 (]: SQL status: ALTER TABLE in 0.001 seconds
[0m16:57:19.313708 [debug] [Thread-1 (]: On model.sales_project.discount_analysis: COMMIT
[0m16:57:19.314805 [debug] [Thread-1 (]: Using postgres connection "model.sales_project.discount_analysis"
[0m16:57:19.315761 [debug] [Thread-1 (]: On model.sales_project.discount_analysis: COMMIT
[0m16:57:19.320075 [debug] [Thread-1 (]: SQL status: COMMIT in 0.003 seconds
[0m16:57:19.336098 [debug] [Thread-1 (]: Applying DROP to: "sales_db"."public"."discount_analysis__dbt_backup"
[0m16:57:19.348991 [debug] [Thread-1 (]: Using postgres connection "model.sales_project.discount_analysis"
[0m16:57:19.350415 [debug] [Thread-1 (]: On model.sales_project.discount_analysis: /* {"app": "dbt", "dbt_version": "1.12.0b3", "profile_name": "sales_project", "target_name": "dev", "node_id": "model.sales_project.discount_analysis"} */
drop table if exists "sales_db"."public"."discount_analysis__dbt_backup" cascade
[0m16:57:19.370188 [debug] [Thread-1 (]: SQL status: DROP TABLE in 0.019 seconds
[0m16:57:19.375734 [debug] [Thread-1 (]: On model.sales_project.discount_analysis: Close
[0m16:57:19.380596 [debug] [Thread-1 (]: Sending event: {'category': 'dbt', 'action': 'run_model', 'label': '8a80b0d8-0109-4df1-8645-b48981bc8dda', 'context': [<snowplow_tracker.self_describing_json.SelfDescribingJson object at 0x00000254E07F5F10>]}
[0m16:57:19.382115 [info ] [Thread-1 (]: 1 of 1 OK created sql table model public.discount_analysis ..................... [[32mSELECT 138[0m in 0.59s]
[0m16:57:19.390276 [debug] [Thread-1 (]: Finished running node model.sales_project.discount_analysis
[0m16:57:19.392724 [debug] [MainThread]: On master: COMMIT
[0m16:57:19.393651 [debug] [MainThread]: Using postgres connection "master"
[0m16:57:19.394464 [debug] [MainThread]: On master: COMMIT
[0m16:57:19.395215 [debug] [MainThread]: Opening a new connection, currently in state closed
[0m16:57:19.497183 [debug] [MainThread]: SQL status: COMMIT in 0.102 seconds
[0m16:57:19.498077 [debug] [MainThread]: On master: Close
[0m16:57:19.499068 [debug] [MainThread]: Connection 'master' was properly closed.
[0m16:57:19.499751 [debug] [MainThread]: Connection 'list_sales_db' was properly closed.
[0m16:57:19.501035 [debug] [MainThread]: Connection 'list_sales_db_public' was properly closed.
[0m16:57:19.501744 [debug] [MainThread]: Connection 'model.sales_project.discount_analysis' was properly closed.
[0m16:57:19.502536 [info ] [MainThread]: 
[0m16:57:19.506659 [info ] [MainThread]: Finished running 1 table model in 0 hours 0 minutes and 2.39 seconds (2.39s).
[0m16:57:19.510184 [debug] [MainThread]: Command end result
[0m16:57:19.619745 [debug] [MainThread]: Wrote artifact WritableManifest to D:\Data Analyst\Python\sales_project\target\manifest.json
[0m16:57:19.726952 [debug] [MainThread]: Wrote artifact SemanticManifest to D:\Data Analyst\Python\sales_project\target\semantic_manifest.json
[0m16:57:19.811068 [debug] [MainThread]: Wrote artifact OsiDocument to D:\Data Analyst\Python\sales_project\target\osi_document.json
[0m16:57:19.838429 [debug] [MainThread]: Wrote artifact RunExecutionResult to D:\Data Analyst\Python\sales_project\target\run_results.json
[0m16:57:19.839276 [info ] [MainThread]: 
[0m16:57:19.842368 [info ] [MainThread]: [32mCompleted successfully[0m
[0m16:57:19.872906 [info ] [MainThread]: 
[0m16:57:19.878125 [info ] [MainThread]: Done. PASS=1 WARN=0 ERROR=0 SKIP=0 NO-OP=0 REUSED=0 TOTAL=1
[0m16:57:19.894169 [debug] [MainThread]: Command `dbt run` succeeded at 16:57:19.893845 after 9.79 seconds
[0m16:57:19.895168 [debug] [MainThread]: Sending event: {'category': 'dbt', 'action': 'invocation', 'label': 'end', 'context': [<snowplow_tracker.self_describing_json.SelfDescribingJson object at 0x00000254E07D78B0>, <snowplow_tracker.self_describing_json.SelfDescribingJson object at 0x00000254E0BAA210>, <snowplow_tracker.self_describing_json.SelfDescribingJson object at 0x00000254E0BAA7B0>]}
[0m16:57:19.896141 [debug] [MainThread]: Flushing usage events
[0m16:57:19.923163 [debug] [MainThread]: An error was encountered while trying to flush usage events
[0m17:14:41.682526 [debug] [MainThread]: Sending event: {'category': 'dbt', 'action': 'invocation', 'label': 'start', 'context': [<snowplow_tracker.self_describing_json.SelfDescribingJson object at 0x0000016EB7EFF8C0>, <snowplow_tracker.self_describing_json.SelfDescribingJson object at 0x0000016EBA57BD90>, <snowplow_tracker.self_describing_json.SelfDescribingJson object at 0x0000016EBA57B9D0>]}


============================== 17:14:41.691978 | c724cb3c-ab29-450b-af3e-a0022606ff40 ==============================
[0m17:14:41.691978 [info ] [MainThread]: Running with dbt=1.12.0-b3
[0m17:14:41.693432 [debug] [MainThread]: running dbt with arguments {'version_check': 'True', 'no_print': 'None', 'static_parser': 'True', 'target_path': 'None', 'warn_error_options': 'WarnErrorOptionsV2(error=[], warn=[], silence=[])', 'maximum_seed_size_mib': '1', 'printer_width': '80', 'write_json': 'True', 'empty': 'False', 'log_cache_events': 'False', 'introspect': 'True', 'cache_selected_only': 'False', 'fail_fast': 'False', 'debug': 'False', 'log_format': 'default', 'profiles_dir': 'C:\\Users\\Toranj\\.dbt', 'send_anonymous_usage_stats': 'True', 'quiet': 'False', 'warn_error': 'None', 'partial_parse': 'True', 'invocation_command': 'dbt run --select discount_analysis', 'use_colors': 'True', 'indirect_selection': 'eager', 'use_experimental_parser': 'False', 'log_path': 'D:\\Data Analyst\\Python\\sales_project\\logs'}
[0m17:14:42.387041 [debug] [MainThread]: Sending event: {'category': 'dbt', 'action': 'project_id', 'label': 'c724cb3c-ab29-450b-af3e-a0022606ff40', 'context': [<snowplow_tracker.self_describing_json.SelfDescribingJson object at 0x0000016EB84876F0>]}
[0m17:14:42.570520 [debug] [MainThread]: Sending event: {'category': 'dbt', 'action': 'adapter_info', 'label': 'c724cb3c-ab29-450b-af3e-a0022606ff40', 'context': [<snowplow_tracker.self_describing_json.SelfDescribingJson object at 0x0000016EBA377680>]}
[0m17:14:42.573298 [info ] [MainThread]: Registered adapter: postgres=1.10.1
[0m17:14:43.140267 [debug] [MainThread]: checksum: 1422b360ba387c4a32c0f6c7d0628301536a3df5895ffefc77e86256980727b7, vars: {}, profile: sales_project, target: dev, version: 1.12.0b3
[0m17:14:43.637317 [debug] [MainThread]: Partial parsing enabled: 0 files deleted, 0 files added, 1 files changed.
[0m17:14:43.638693 [debug] [MainThread]: Partial parsing: updated file: sales_project://models\marts\discount_analysis.sql
[0m17:14:44.438948 [debug] [MainThread]: Sending event: {'category': 'dbt', 'action': 'load_project', 'label': 'c724cb3c-ab29-450b-af3e-a0022606ff40', 'context': [<snowplow_tracker.self_describing_json.SelfDescribingJson object at 0x0000016EBA670F50>]}
[0m17:14:44.636756 [debug] [MainThread]: Wrote artifact WritableManifest to D:\Data Analyst\Python\sales_project\target\manifest.json
[0m17:14:44.651563 [debug] [MainThread]: Wrote artifact SemanticManifest to D:\Data Analyst\Python\sales_project\target\semantic_manifest.json
[0m17:14:44.739153 [debug] [MainThread]: Wrote artifact OsiDocument to D:\Data Analyst\Python\sales_project\target\osi_document.json
[0m17:14:44.792964 [debug] [MainThread]: Sending event: {'category': 'dbt', 'action': 'resource_counts', 'label': 'c724cb3c-ab29-450b-af3e-a0022606ff40', 'context': [<snowplow_tracker.self_describing_json.SelfDescribingJson object at 0x0000016EBAB8F890>]}
[0m17:14:44.798760 [info ] [MainThread]: Found 19 models, 475 macros
[0m17:14:44.822104 [debug] [MainThread]: Sending event: {'category': 'dbt', 'action': 'runnable_timing', 'label': 'c724cb3c-ab29-450b-af3e-a0022606ff40', 'context': [<snowplow_tracker.self_describing_json.SelfDescribingJson object at 0x0000016EBAD0DB70>]}
[0m17:14:44.835015 [info ] [MainThread]: 
[0m17:14:44.840568 [info ] [MainThread]: Concurrency: 4 threads (target='dev')
[0m17:14:44.842784 [info ] [MainThread]: 
[0m17:14:44.853321 [debug] [MainThread]: Acquiring new postgres connection 'master'
[0m17:14:44.855190 [debug] [ThreadPool]: Acquiring new postgres connection 'list_sales_db'
[0m17:14:45.618687 [debug] [ThreadPool]: Using postgres connection "list_sales_db"
[0m17:14:45.619818 [debug] [ThreadPool]: On list_sales_db: /* {"app": "dbt", "dbt_version": "1.12.0b3", "profile_name": "sales_project", "target_name": "dev", "connection_name": "list_sales_db"} */

    select distinct nspname from pg_namespace
  
[0m17:14:45.620636 [debug] [ThreadPool]: Opening a new connection, currently in state init
[0m17:14:45.704625 [debug] [ThreadPool]: SQL status: SELECT 4 in 0.084 seconds
[0m17:14:45.707459 [debug] [ThreadPool]: On list_sales_db: Close
[0m17:14:45.731037 [debug] [ThreadPool]: Acquiring new postgres connection 'list_sales_db_public'
[0m17:14:45.744377 [debug] [ThreadPool]: Using postgres connection "list_sales_db_public"
[0m17:14:45.745802 [debug] [ThreadPool]: On list_sales_db_public: /* {"app": "dbt", "dbt_version": "1.12.0b3", "profile_name": "sales_project", "target_name": "dev", "connection_name": "list_sales_db_public"} */
select
      'sales_db' as database,
      tablename as name,
      schemaname as schema,
      'table' as type
    from pg_tables
    where schemaname ilike 'public'
    union all
    select
      'sales_db' as database,
      viewname as name,
      schemaname as schema,
      'view' as type
    from pg_views
    where schemaname ilike 'public'
    union all
    select
      'sales_db' as database,
      matviewname as name,
      schemaname as schema,
      'materialized_view' as type
    from pg_matviews
    where schemaname ilike 'public'
  
[0m17:14:45.746725 [debug] [ThreadPool]: Opening a new connection, currently in state init
[0m17:14:45.872491 [debug] [ThreadPool]: SQL status: SELECT 21 in 0.126 seconds
[0m17:14:45.876028 [debug] [ThreadPool]: On list_sales_db_public: ROLLBACK
[0m17:14:45.877324 [debug] [ThreadPool]: On list_sales_db_public: Close
[0m17:14:45.898548 [debug] [MainThread]: Using postgres connection "master"
[0m17:14:45.900464 [debug] [MainThread]: On master: /* {"app": "dbt", "dbt_version": "1.12.0b3", "profile_name": "sales_project", "target_name": "dev", "connection_name": "master"} */
select distinct
        dependent_namespace.nspname as dependent_schema,
        dependent_class.relname as dependent_name,
        referenced_namespace.nspname as referenced_schema,
        referenced_class.relname as referenced_name

    -- Query for views: views are entries in pg_class with an entry in pg_rewrite, but we avoid
    -- a seq scan on pg_rewrite by leveraging the fact there is an "internal" row in pg_depend for
    -- the view...
    from pg_class as dependent_class
    join pg_namespace as dependent_namespace on dependent_namespace.oid = dependent_class.relnamespace
    join pg_depend as dependent_depend on dependent_depend.refobjid = dependent_class.oid
        and dependent_depend.classid = 'pg_rewrite'::regclass
        and dependent_depend.refclassid = 'pg_class'::regclass
        and dependent_depend.deptype = 'i'

    -- ... and via pg_depend (that has a row per column, hence the need for "distinct" above, and
    -- making sure to exclude the internal row to avoid a view appearing to depend on itself)...
    join pg_depend as joining_depend on joining_depend.objid = dependent_depend.objid
        and joining_depend.classid = 'pg_rewrite'::regclass
        and joining_depend.refclassid = 'pg_class'::regclass
        and joining_depend.refobjid != dependent_depend.refobjid

    -- ... we can find the tables they query from in pg_class, but excluding system tables. Note we
    -- don't need need to exclude _dependent_ system tables, because they only query from other
    -- system tables, and so are automatically excluded by excluding _referenced_ system tables
    join pg_class as referenced_class on referenced_class.oid = joining_depend.refobjid
    join pg_namespace as referenced_namespace on referenced_namespace.oid = referenced_class.relnamespace
        and referenced_namespace.nspname != 'information_schema'
        and referenced_namespace.nspname not like 'pg\_%'

    order by
        dependent_schema, dependent_name, referenced_schema, referenced_name;
[0m17:14:45.901377 [debug] [MainThread]: Opening a new connection, currently in state init
[0m17:14:45.984336 [debug] [MainThread]: SQL status: SELECT 0 in 0.083 seconds
[0m17:14:45.986936 [debug] [MainThread]: Sending event: {'category': 'dbt', 'action': 'runnable_timing', 'label': 'c724cb3c-ab29-450b-af3e-a0022606ff40', 'context': [<snowplow_tracker.self_describing_json.SelfDescribingJson object at 0x0000016EBA645230>]}
[0m17:14:45.988043 [debug] [MainThread]: On master: ROLLBACK
[0m17:14:45.989094 [debug] [MainThread]: On master: COMMIT
[0m17:14:45.990059 [debug] [MainThread]: Using postgres connection "master"
[0m17:14:45.990942 [debug] [MainThread]: On master: COMMIT
[0m17:14:45.991916 [debug] [MainThread]: SQL status: COMMIT in 0.000 seconds
[0m17:14:45.992635 [debug] [MainThread]: On master: Close
[0m17:14:46.027715 [debug] [Thread-1 (]: Began running node model.sales_project.discount_analysis
[0m17:14:46.029422 [info ] [Thread-1 (]: 1 of 1 START sql table model public.discount_analysis .......................... [RUN]
[0m17:14:46.031336 [debug] [Thread-1 (]: Acquiring new postgres connection 'model.sales_project.discount_analysis'
[0m17:14:46.032276 [debug] [Thread-1 (]: Began compiling node model.sales_project.discount_analysis
[0m17:14:46.050245 [debug] [Thread-1 (]: Writing injected SQL for node "model.sales_project.discount_analysis"
[0m17:14:46.052174 [debug] [Thread-1 (]: Began executing node model.sales_project.discount_analysis
[0m17:14:46.233602 [debug] [Thread-1 (]: Writing runtime sql for node "model.sales_project.discount_analysis"
[0m17:14:46.235479 [debug] [Thread-1 (]: Using postgres connection "model.sales_project.discount_analysis"
[0m17:14:46.236556 [debug] [Thread-1 (]: On model.sales_project.discount_analysis: /* {"app": "dbt", "dbt_version": "1.12.0b3", "profile_name": "sales_project", "target_name": "dev", "node_id": "model.sales_project.discount_analysis"} */

  
    

  create  table "sales_db"."public"."discount_analysis__dbt_tmp"
  
  
    as
  
  (
    WITH discount_stats AS (
    SELECT
        product_id,
        AVG(discount_percent) AS avg_discount,
        COUNT(*) AS total_sales,
        SUM(quantity) AS total_quantity_sold,
        SUM(unit_price * quantity) AS total_revenue
    FROM "sales_db"."public"."stg_sales"
    GROUP BY product_id    
)

SELECT
    p.product_name,
    p.category,
    ds.avg_discount,
    ds.total_sales,
    ds.total_quantity_sold,
    ds.total_revenue,
    CASE 
        WHEN ds.avg_discount > 5 THEN 'High Discount'
        WHEN ds.avg_discount > 2 THEN 'Medium Discount'  
        ELSE 'Low Discount' 
    END AS discount_category
FROM discount_stats ds 
LEFT JOIN "sales_db"."public"."stg_products" p USING (product_id)
ORDER BY ds.avg_discount DESC
  );
  
[0m17:14:46.237504 [debug] [Thread-1 (]: Opening a new connection, currently in state init
[0m17:14:46.368343 [debug] [Thread-1 (]: SQL status: SELECT 138 in 0.131 seconds
[0m17:14:46.392466 [debug] [Thread-1 (]: Using postgres connection "model.sales_project.discount_analysis"
[0m17:14:46.393526 [debug] [Thread-1 (]: On model.sales_project.discount_analysis: /* {"app": "dbt", "dbt_version": "1.12.0b3", "profile_name": "sales_project", "target_name": "dev", "node_id": "model.sales_project.discount_analysis"} */
alter table "sales_db"."public"."discount_analysis" rename to "discount_analysis__dbt_backup"
[0m17:14:46.395848 [debug] [Thread-1 (]: SQL status: ALTER TABLE in 0.001 seconds
[0m17:14:46.403517 [debug] [Thread-1 (]: Using postgres connection "model.sales_project.discount_analysis"
[0m17:14:46.404614 [debug] [Thread-1 (]: On model.sales_project.discount_analysis: /* {"app": "dbt", "dbt_version": "1.12.0b3", "profile_name": "sales_project", "target_name": "dev", "node_id": "model.sales_project.discount_analysis"} */
alter table "sales_db"."public"."discount_analysis__dbt_tmp" rename to "discount_analysis"
[0m17:14:46.406423 [debug] [Thread-1 (]: SQL status: ALTER TABLE in 0.001 seconds
[0m17:14:46.454030 [debug] [Thread-1 (]: On model.sales_project.discount_analysis: COMMIT
[0m17:14:46.455147 [debug] [Thread-1 (]: Using postgres connection "model.sales_project.discount_analysis"
[0m17:14:46.456142 [debug] [Thread-1 (]: On model.sales_project.discount_analysis: COMMIT
[0m17:14:46.459234 [debug] [Thread-1 (]: SQL status: COMMIT in 0.002 seconds
[0m17:14:46.475160 [debug] [Thread-1 (]: Applying DROP to: "sales_db"."public"."discount_analysis__dbt_backup"
[0m17:14:46.488223 [debug] [Thread-1 (]: Using postgres connection "model.sales_project.discount_analysis"
[0m17:14:46.489365 [debug] [Thread-1 (]: On model.sales_project.discount_analysis: /* {"app": "dbt", "dbt_version": "1.12.0b3", "profile_name": "sales_project", "target_name": "dev", "node_id": "model.sales_project.discount_analysis"} */
drop table if exists "sales_db"."public"."discount_analysis__dbt_backup" cascade
[0m17:14:46.496649 [debug] [Thread-1 (]: SQL status: DROP TABLE in 0.006 seconds
[0m17:14:46.502164 [debug] [Thread-1 (]: On model.sales_project.discount_analysis: Close
[0m17:14:46.506948 [debug] [Thread-1 (]: Sending event: {'category': 'dbt', 'action': 'run_model', 'label': 'c724cb3c-ab29-450b-af3e-a0022606ff40', 'context': [<snowplow_tracker.self_describing_json.SelfDescribingJson object at 0x0000016EBAE85F10>]}
[0m17:14:46.508457 [info ] [Thread-1 (]: 1 of 1 OK created sql table model public.discount_analysis ..................... [[32mSELECT 138[0m in 0.47s]
[0m17:14:46.522302 [debug] [Thread-1 (]: Finished running node model.sales_project.discount_analysis
[0m17:14:46.525314 [debug] [MainThread]: On master: COMMIT
[0m17:14:46.526393 [debug] [MainThread]: Using postgres connection "master"
[0m17:14:46.527186 [debug] [MainThread]: On master: COMMIT
[0m17:14:46.527899 [debug] [MainThread]: Opening a new connection, currently in state closed
[0m17:14:46.618832 [debug] [MainThread]: SQL status: COMMIT in 0.091 seconds
[0m17:14:46.619817 [debug] [MainThread]: On master: Close
[0m17:14:46.620770 [debug] [MainThread]: Connection 'master' was properly closed.
[0m17:14:46.621441 [debug] [MainThread]: Connection 'list_sales_db' was properly closed.
[0m17:14:46.622076 [debug] [MainThread]: Connection 'list_sales_db_public' was properly closed.
[0m17:14:46.622759 [debug] [MainThread]: Connection 'model.sales_project.discount_analysis' was properly closed.
[0m17:14:46.623570 [info ] [MainThread]: 
[0m17:14:46.634192 [info ] [MainThread]: Finished running 1 table model in 0 hours 0 minutes and 1.77 seconds (1.77s).
[0m17:14:46.652904 [debug] [MainThread]: Command end result
[0m17:14:46.761562 [debug] [MainThread]: Wrote artifact WritableManifest to D:\Data Analyst\Python\sales_project\target\manifest.json
[0m17:14:46.772655 [debug] [MainThread]: Wrote artifact SemanticManifest to D:\Data Analyst\Python\sales_project\target\semantic_manifest.json
[0m17:14:46.788942 [debug] [MainThread]: Wrote artifact OsiDocument to D:\Data Analyst\Python\sales_project\target\osi_document.json
[0m17:14:46.813775 [debug] [MainThread]: Wrote artifact RunExecutionResult to D:\Data Analyst\Python\sales_project\target\run_results.json
[0m17:14:46.815101 [info ] [MainThread]: 
[0m17:14:46.817478 [info ] [MainThread]: [32mCompleted successfully[0m
[0m17:14:46.818786 [info ] [MainThread]: 
[0m17:14:46.819909 [info ] [MainThread]: Done. PASS=1 WARN=0 ERROR=0 SKIP=0 NO-OP=0 REUSED=0 TOTAL=1
[0m17:14:46.828123 [debug] [MainThread]: Command `dbt run` succeeded at 17:14:46.822201 after 5.52 seconds
[0m17:14:46.833736 [debug] [MainThread]: Sending event: {'category': 'dbt', 'action': 'invocation', 'label': 'end', 'context': [<snowplow_tracker.self_describing_json.SelfDescribingJson object at 0x0000016EBACFB120>, <snowplow_tracker.self_describing_json.SelfDescribingJson object at 0x0000016EBB23A2B0>, <snowplow_tracker.self_describing_json.SelfDescribingJson object at 0x0000016EBB23A850>]}
[0m17:14:46.834643 [debug] [MainThread]: Flushing usage events
[0m17:14:46.840596 [debug] [MainThread]: An error was encountered while trying to flush usage events
[0m17:19:45.483695 [debug] [MainThread]: Sending event: {'category': 'dbt', 'action': 'invocation', 'label': 'start', 'context': [<snowplow_tracker.self_describing_json.SelfDescribingJson object at 0x000001D6E039F8C0>, <snowplow_tracker.self_describing_json.SelfDescribingJson object at 0x000001D6E2A1BD90>, <snowplow_tracker.self_describing_json.SelfDescribingJson object at 0x000001D6E2A1B9D0>]}


============================== 17:19:45.494116 | 43792be9-1481-4195-b152-39f45c4c284c ==============================
[0m17:19:45.494116 [info ] [MainThread]: Running with dbt=1.12.0-b3
[0m17:19:45.495581 [debug] [MainThread]: running dbt with arguments {'version_check': 'True', 'no_print': 'None', 'maximum_seed_size_mib': '1', 'target_path': 'None', 'static_parser': 'True', 'warn_error_options': 'WarnErrorOptionsV2(error=[], warn=[], silence=[])', 'printer_width': '80', 'write_json': 'True', 'empty': 'False', 'log_cache_events': 'False', 'introspect': 'True', 'cache_selected_only': 'False', 'fail_fast': 'False', 'debug': 'False', 'log_format': 'default', 'profiles_dir': 'C:\\Users\\Toranj\\.dbt', 'send_anonymous_usage_stats': 'True', 'quiet': 'False', 'warn_error': 'None', 'partial_parse': 'True', 'indirect_selection': 'eager', 'invocation_command': 'dbt run --select discount_analysis', 'use_colors': 'True', 'use_experimental_parser': 'False', 'log_path': 'D:\\Data Analyst\\Python\\sales_project\\logs'}
[0m17:19:46.377398 [debug] [MainThread]: Sending event: {'category': 'dbt', 'action': 'project_id', 'label': '43792be9-1481-4195-b152-39f45c4c284c', 'context': [<snowplow_tracker.self_describing_json.SelfDescribingJson object at 0x000001D6E09276F0>]}
[0m17:19:46.557881 [debug] [MainThread]: Sending event: {'category': 'dbt', 'action': 'adapter_info', 'label': '43792be9-1481-4195-b152-39f45c4c284c', 'context': [<snowplow_tracker.self_describing_json.SelfDescribingJson object at 0x000001D6E2817680>]}
[0m17:19:46.560737 [info ] [MainThread]: Registered adapter: postgres=1.10.1
[0m17:19:47.110405 [debug] [MainThread]: checksum: 1422b360ba387c4a32c0f6c7d0628301536a3df5895ffefc77e86256980727b7, vars: {}, profile: sales_project, target: dev, version: 1.12.0b3
[0m17:19:47.602149 [debug] [MainThread]: Partial parsing enabled: 0 files deleted, 0 files added, 1 files changed.
[0m17:19:47.607172 [debug] [MainThread]: Partial parsing: updated file: sales_project://models\marts\discount_analysis.sql
[0m17:19:48.391391 [debug] [MainThread]: Sending event: {'category': 'dbt', 'action': 'load_project', 'label': '43792be9-1481-4195-b152-39f45c4c284c', 'context': [<snowplow_tracker.self_describing_json.SelfDescribingJson object at 0x000001D6E2B10F50>]}
[0m17:19:48.580901 [debug] [MainThread]: Wrote artifact WritableManifest to D:\Data Analyst\Python\sales_project\target\manifest.json
[0m17:19:48.591791 [debug] [MainThread]: Wrote artifact SemanticManifest to D:\Data Analyst\Python\sales_project\target\semantic_manifest.json
[0m17:19:48.660873 [debug] [MainThread]: Wrote artifact OsiDocument to D:\Data Analyst\Python\sales_project\target\osi_document.json
[0m17:19:48.694153 [debug] [MainThread]: Sending event: {'category': 'dbt', 'action': 'resource_counts', 'label': '43792be9-1481-4195-b152-39f45c4c284c', 'context': [<snowplow_tracker.self_describing_json.SelfDescribingJson object at 0x000001D6E2F5F890>]}
[0m17:19:48.695276 [info ] [MainThread]: Found 19 models, 475 macros
[0m17:19:48.697432 [debug] [MainThread]: Sending event: {'category': 'dbt', 'action': 'runnable_timing', 'label': '43792be9-1481-4195-b152-39f45c4c284c', 'context': [<snowplow_tracker.self_describing_json.SelfDescribingJson object at 0x000001D6E30DDB70>]}
[0m17:19:48.701022 [info ] [MainThread]: 
[0m17:19:48.702189 [info ] [MainThread]: Concurrency: 4 threads (target='dev')
[0m17:19:48.715594 [info ] [MainThread]: 
[0m17:19:48.729401 [debug] [MainThread]: Acquiring new postgres connection 'master'
[0m17:19:48.732258 [debug] [ThreadPool]: Acquiring new postgres connection 'list_sales_db'
[0m17:19:49.225056 [debug] [ThreadPool]: Using postgres connection "list_sales_db"
[0m17:19:49.226220 [debug] [ThreadPool]: On list_sales_db: /* {"app": "dbt", "dbt_version": "1.12.0b3", "profile_name": "sales_project", "target_name": "dev", "connection_name": "list_sales_db"} */

    select distinct nspname from pg_namespace
  
[0m17:19:49.227160 [debug] [ThreadPool]: Opening a new connection, currently in state init
[0m17:19:49.309152 [debug] [ThreadPool]: SQL status: SELECT 4 in 0.082 seconds
[0m17:19:49.312121 [debug] [ThreadPool]: On list_sales_db: Close
[0m17:19:49.328053 [debug] [ThreadPool]: Acquiring new postgres connection 'list_sales_db_public'
[0m17:19:49.341776 [debug] [ThreadPool]: Using postgres connection "list_sales_db_public"
[0m17:19:49.343072 [debug] [ThreadPool]: On list_sales_db_public: /* {"app": "dbt", "dbt_version": "1.12.0b3", "profile_name": "sales_project", "target_name": "dev", "connection_name": "list_sales_db_public"} */
select
      'sales_db' as database,
      tablename as name,
      schemaname as schema,
      'table' as type
    from pg_tables
    where schemaname ilike 'public'
    union all
    select
      'sales_db' as database,
      viewname as name,
      schemaname as schema,
      'view' as type
    from pg_views
    where schemaname ilike 'public'
    union all
    select
      'sales_db' as database,
      matviewname as name,
      schemaname as schema,
      'materialized_view' as type
    from pg_matviews
    where schemaname ilike 'public'
  
[0m17:19:49.343925 [debug] [ThreadPool]: Opening a new connection, currently in state init
[0m17:19:49.419599 [debug] [ThreadPool]: SQL status: SELECT 21 in 0.076 seconds
[0m17:19:49.423239 [debug] [ThreadPool]: On list_sales_db_public: ROLLBACK
[0m17:19:49.424436 [debug] [ThreadPool]: On list_sales_db_public: Close
[0m17:19:49.445695 [debug] [MainThread]: Using postgres connection "master"
[0m17:19:49.447649 [debug] [MainThread]: On master: /* {"app": "dbt", "dbt_version": "1.12.0b3", "profile_name": "sales_project", "target_name": "dev", "connection_name": "master"} */
select distinct
        dependent_namespace.nspname as dependent_schema,
        dependent_class.relname as dependent_name,
        referenced_namespace.nspname as referenced_schema,
        referenced_class.relname as referenced_name

    -- Query for views: views are entries in pg_class with an entry in pg_rewrite, but we avoid
    -- a seq scan on pg_rewrite by leveraging the fact there is an "internal" row in pg_depend for
    -- the view...
    from pg_class as dependent_class
    join pg_namespace as dependent_namespace on dependent_namespace.oid = dependent_class.relnamespace
    join pg_depend as dependent_depend on dependent_depend.refobjid = dependent_class.oid
        and dependent_depend.classid = 'pg_rewrite'::regclass
        and dependent_depend.refclassid = 'pg_class'::regclass
        and dependent_depend.deptype = 'i'

    -- ... and via pg_depend (that has a row per column, hence the need for "distinct" above, and
    -- making sure to exclude the internal row to avoid a view appearing to depend on itself)...
    join pg_depend as joining_depend on joining_depend.objid = dependent_depend.objid
        and joining_depend.classid = 'pg_rewrite'::regclass
        and joining_depend.refclassid = 'pg_class'::regclass
        and joining_depend.refobjid != dependent_depend.refobjid

    -- ... we can find the tables they query from in pg_class, but excluding system tables. Note we
    -- don't need need to exclude _dependent_ system tables, because they only query from other
    -- system tables, and so are automatically excluded by excluding _referenced_ system tables
    join pg_class as referenced_class on referenced_class.oid = joining_depend.refobjid
    join pg_namespace as referenced_namespace on referenced_namespace.oid = referenced_class.relnamespace
        and referenced_namespace.nspname != 'information_schema'
        and referenced_namespace.nspname not like 'pg\_%'

    order by
        dependent_schema, dependent_name, referenced_schema, referenced_name;
[0m17:19:49.448711 [debug] [MainThread]: Opening a new connection, currently in state init
[0m17:19:49.526136 [debug] [MainThread]: SQL status: SELECT 0 in 0.077 seconds
[0m17:19:49.528759 [debug] [MainThread]: Sending event: {'category': 'dbt', 'action': 'runnable_timing', 'label': '43792be9-1481-4195-b152-39f45c4c284c', 'context': [<snowplow_tracker.self_describing_json.SelfDescribingJson object at 0x000001D6E2AE5230>]}
[0m17:19:49.529727 [debug] [MainThread]: On master: ROLLBACK
[0m17:19:49.530738 [debug] [MainThread]: On master: COMMIT
[0m17:19:49.531475 [debug] [MainThread]: Using postgres connection "master"
[0m17:19:49.532167 [debug] [MainThread]: On master: COMMIT
[0m17:19:49.533050 [debug] [MainThread]: SQL status: COMMIT in 0.000 seconds
[0m17:19:49.533847 [debug] [MainThread]: On master: Close
[0m17:19:49.545580 [debug] [Thread-1 (]: Began running node model.sales_project.discount_analysis
[0m17:19:49.546828 [info ] [Thread-1 (]: 1 of 1 START sql table model public.discount_analysis .......................... [RUN]
[0m17:19:49.548576 [debug] [Thread-1 (]: Acquiring new postgres connection 'model.sales_project.discount_analysis'
[0m17:19:49.549755 [debug] [Thread-1 (]: Began compiling node model.sales_project.discount_analysis
[0m17:19:49.581026 [debug] [Thread-1 (]: Writing injected SQL for node "model.sales_project.discount_analysis"
[0m17:19:49.582871 [debug] [Thread-1 (]: Began executing node model.sales_project.discount_analysis
[0m17:19:49.701649 [debug] [Thread-1 (]: Writing runtime sql for node "model.sales_project.discount_analysis"
[0m17:19:49.704282 [debug] [Thread-1 (]: Using postgres connection "model.sales_project.discount_analysis"
[0m17:19:49.705816 [debug] [Thread-1 (]: On model.sales_project.discount_analysis: /* {"app": "dbt", "dbt_version": "1.12.0b3", "profile_name": "sales_project", "target_name": "dev", "node_id": "model.sales_project.discount_analysis"} */

  
    

  create  table "sales_db"."public"."discount_analysis__dbt_tmp"
  
  
    as
  
  (
    WITH discount_stats AS (
    SELECT
        product_id,
        discount_percent,
        COUNT(*) AS total_sales,
        SUM(quantity) AS total_quantity_sold,
        SUM(unit_price * quantity) AS total_revenue
    FROM "sales_db"."public"."stg_sales"
    GROUP BY product_id, discount_percent   
)

SELECT
    p.product_name,
    p.category,
    ds.discount_percent,
    ds.total_sales,
    ds.total_quantity_sold,
    ds.total_revenue,
    CASE 
        WHEN ds.discount_percent > 15 THEN 'High Discount'
        WHEN ds.discount_percent > 5 THEN 'Medium Discount'  
        ELSE 'Low Discount' 
    END AS discount_category
FROM discount_stats ds 
LEFT JOIN "sales_db"."public"."stg_products" p USING (product_id)
ORDER BY ds.discount_percent DESC
  );
  
[0m17:19:49.707028 [debug] [Thread-1 (]: Opening a new connection, currently in state init
[0m17:19:49.820343 [debug] [Thread-1 (]: SQL status: SELECT 690 in 0.113 seconds
[0m17:19:49.844927 [debug] [Thread-1 (]: Using postgres connection "model.sales_project.discount_analysis"
[0m17:19:49.846044 [debug] [Thread-1 (]: On model.sales_project.discount_analysis: /* {"app": "dbt", "dbt_version": "1.12.0b3", "profile_name": "sales_project", "target_name": "dev", "node_id": "model.sales_project.discount_analysis"} */
alter table "sales_db"."public"."discount_analysis" rename to "discount_analysis__dbt_backup"
[0m17:19:49.847675 [debug] [Thread-1 (]: SQL status: ALTER TABLE in 0.001 seconds
[0m17:19:49.855090 [debug] [Thread-1 (]: Using postgres connection "model.sales_project.discount_analysis"
[0m17:19:49.856330 [debug] [Thread-1 (]: On model.sales_project.discount_analysis: /* {"app": "dbt", "dbt_version": "1.12.0b3", "profile_name": "sales_project", "target_name": "dev", "node_id": "model.sales_project.discount_analysis"} */
alter table "sales_db"."public"."discount_analysis__dbt_tmp" rename to "discount_analysis"
[0m17:19:49.858478 [debug] [Thread-1 (]: SQL status: ALTER TABLE in 0.001 seconds
[0m17:19:49.911036 [debug] [Thread-1 (]: On model.sales_project.discount_analysis: COMMIT
[0m17:19:49.912120 [debug] [Thread-1 (]: Using postgres connection "model.sales_project.discount_analysis"
[0m17:19:49.913033 [debug] [Thread-1 (]: On model.sales_project.discount_analysis: COMMIT
[0m17:19:49.917435 [debug] [Thread-1 (]: SQL status: COMMIT in 0.003 seconds
[0m17:19:49.934095 [debug] [Thread-1 (]: Applying DROP to: "sales_db"."public"."discount_analysis__dbt_backup"
[0m17:19:49.948570 [debug] [Thread-1 (]: Using postgres connection "model.sales_project.discount_analysis"
[0m17:19:49.949602 [debug] [Thread-1 (]: On model.sales_project.discount_analysis: /* {"app": "dbt", "dbt_version": "1.12.0b3", "profile_name": "sales_project", "target_name": "dev", "node_id": "model.sales_project.discount_analysis"} */
drop table if exists "sales_db"."public"."discount_analysis__dbt_backup" cascade
[0m17:19:49.956999 [debug] [Thread-1 (]: SQL status: DROP TABLE in 0.006 seconds
[0m17:19:49.962434 [debug] [Thread-1 (]: On model.sales_project.discount_analysis: Close
[0m17:19:49.967219 [debug] [Thread-1 (]: Sending event: {'category': 'dbt', 'action': 'run_model', 'label': '43792be9-1481-4195-b152-39f45c4c284c', 'context': [<snowplow_tracker.self_describing_json.SelfDescribingJson object at 0x000001D6E3255F10>]}
[0m17:19:49.969155 [info ] [Thread-1 (]: 1 of 1 OK created sql table model public.discount_analysis ..................... [[32mSELECT 690[0m in 0.42s]
[0m17:19:49.971539 [debug] [Thread-1 (]: Finished running node model.sales_project.discount_analysis
[0m17:19:49.974660 [debug] [MainThread]: On master: COMMIT
[0m17:19:49.975607 [debug] [MainThread]: Using postgres connection "master"
[0m17:19:49.976625 [debug] [MainThread]: On master: COMMIT
[0m17:19:49.977392 [debug] [MainThread]: Opening a new connection, currently in state closed
[0m17:19:50.060777 [debug] [MainThread]: SQL status: COMMIT in 0.083 seconds
[0m17:19:50.061661 [debug] [MainThread]: On master: Close
[0m17:19:50.062632 [debug] [MainThread]: Connection 'master' was properly closed.
[0m17:19:50.063411 [debug] [MainThread]: Connection 'list_sales_db' was properly closed.
[0m17:19:50.064191 [debug] [MainThread]: Connection 'list_sales_db_public' was properly closed.
[0m17:19:50.064928 [debug] [MainThread]: Connection 'model.sales_project.discount_analysis' was properly closed.
[0m17:19:50.065736 [info ] [MainThread]: 
[0m17:19:50.068679 [info ] [MainThread]: Finished running 1 table model in 0 hours 0 minutes and 1.34 seconds (1.34s).
[0m17:19:50.071617 [debug] [MainThread]: Command end result
[0m17:19:50.165485 [debug] [MainThread]: Wrote artifact WritableManifest to D:\Data Analyst\Python\sales_project\target\manifest.json
[0m17:19:50.175467 [debug] [MainThread]: Wrote artifact SemanticManifest to D:\Data Analyst\Python\sales_project\target\semantic_manifest.json
[0m17:19:50.186459 [debug] [MainThread]: Wrote artifact OsiDocument to D:\Data Analyst\Python\sales_project\target\osi_document.json
[0m17:19:50.215133 [debug] [MainThread]: Wrote artifact RunExecutionResult to D:\Data Analyst\Python\sales_project\target\run_results.json
[0m17:19:50.216237 [info ] [MainThread]: 
[0m17:19:50.217656 [info ] [MainThread]: [32mCompleted successfully[0m
[0m17:19:50.218686 [info ] [MainThread]: 
[0m17:19:50.219818 [info ] [MainThread]: Done. PASS=1 WARN=0 ERROR=0 SKIP=0 NO-OP=0 REUSED=0 TOTAL=1
[0m17:19:50.227256 [debug] [MainThread]: Command `dbt run` succeeded at 17:19:50.223518 after 5.12 seconds
[0m17:19:50.228239 [debug] [MainThread]: Sending event: {'category': 'dbt', 'action': 'invocation', 'label': 'end', 'context': [<snowplow_tracker.self_describing_json.SelfDescribingJson object at 0x000001D6E30BB5F0>, <snowplow_tracker.self_describing_json.SelfDescribingJson object at 0x000001D6E360A2B0>, <snowplow_tracker.self_describing_json.SelfDescribingJson object at 0x000001D6E360A850>]}
[0m17:19:50.229181 [debug] [MainThread]: Flushing usage events
[0m17:19:50.235280 [debug] [MainThread]: An error was encountered while trying to flush usage events
[0m17:33:59.480149 [debug] [MainThread]: Sending event: {'category': 'dbt', 'action': 'invocation', 'label': 'start', 'context': [<snowplow_tracker.self_describing_json.SelfDescribingJson object at 0x000002323A21F8C0>, <snowplow_tracker.self_describing_json.SelfDescribingJson object at 0x000002323C89BD90>, <snowplow_tracker.self_describing_json.SelfDescribingJson object at 0x000002323C89B9D0>]}


============================== 17:33:59.489949 | a4187254-8fc5-4bc0-96ee-973e3d88f052 ==============================
[0m17:33:59.489949 [info ] [MainThread]: Running with dbt=1.12.0-b3
[0m17:33:59.491423 [debug] [MainThread]: running dbt with arguments {'maximum_seed_size_mib': '1', 'no_print': 'None', 'version_check': 'True', 'target_path': 'None', 'warn_error_options': 'WarnErrorOptionsV2(error=[], warn=[], silence=[])', 'static_parser': 'True', 'printer_width': '80', 'write_json': 'True', 'empty': 'False', 'log_cache_events': 'False', 'introspect': 'True', 'cache_selected_only': 'False', 'fail_fast': 'False', 'debug': 'False', 'log_format': 'default', 'partial_parse': 'True', 'send_anonymous_usage_stats': 'True', 'quiet': 'False', 'warn_error': 'None', 'profiles_dir': 'C:\\Users\\Toranj\\.dbt', 'invocation_command': 'dbt run --select discount_analysis', 'indirect_selection': 'eager', 'use_colors': 'True', 'use_experimental_parser': 'False', 'log_path': 'D:\\Data Analyst\\Python\\sales_project\\logs'}
[0m17:34:00.259502 [debug] [MainThread]: Sending event: {'category': 'dbt', 'action': 'project_id', 'label': 'a4187254-8fc5-4bc0-96ee-973e3d88f052', 'context': [<snowplow_tracker.self_describing_json.SelfDescribingJson object at 0x000002323A7A36F0>]}
[0m17:34:00.448828 [debug] [MainThread]: Sending event: {'category': 'dbt', 'action': 'adapter_info', 'label': 'a4187254-8fc5-4bc0-96ee-973e3d88f052', 'context': [<snowplow_tracker.self_describing_json.SelfDescribingJson object at 0x000002323C697680>]}
[0m17:34:00.451627 [info ] [MainThread]: Registered adapter: postgres=1.10.1
[0m17:34:01.007677 [debug] [MainThread]: checksum: 1422b360ba387c4a32c0f6c7d0628301536a3df5895ffefc77e86256980727b7, vars: {}, profile: sales_project, target: dev, version: 1.12.0b3
[0m17:34:01.492459 [debug] [MainThread]: Partial parsing enabled: 0 files deleted, 0 files added, 1 files changed.
[0m17:34:01.493978 [debug] [MainThread]: Partial parsing: updated file: sales_project://models\marts\discount_analysis.sql
[0m17:34:02.234405 [debug] [MainThread]: Sending event: {'category': 'dbt', 'action': 'load_project', 'label': 'a4187254-8fc5-4bc0-96ee-973e3d88f052', 'context': [<snowplow_tracker.self_describing_json.SelfDescribingJson object at 0x000002323C990F50>]}
[0m17:34:02.433316 [debug] [MainThread]: Wrote artifact WritableManifest to D:\Data Analyst\Python\sales_project\target\manifest.json
[0m17:34:02.443620 [debug] [MainThread]: Wrote artifact SemanticManifest to D:\Data Analyst\Python\sales_project\target\semantic_manifest.json
[0m17:34:02.505495 [debug] [MainThread]: Wrote artifact OsiDocument to D:\Data Analyst\Python\sales_project\target\osi_document.json
[0m17:34:02.542664 [debug] [MainThread]: Sending event: {'category': 'dbt', 'action': 'resource_counts', 'label': 'a4187254-8fc5-4bc0-96ee-973e3d88f052', 'context': [<snowplow_tracker.self_describing_json.SelfDescribingJson object at 0x000002323CDDF890>]}
[0m17:34:02.543809 [info ] [MainThread]: Found 19 models, 475 macros
[0m17:34:02.545016 [debug] [MainThread]: Sending event: {'category': 'dbt', 'action': 'runnable_timing', 'label': 'a4187254-8fc5-4bc0-96ee-973e3d88f052', 'context': [<snowplow_tracker.self_describing_json.SelfDescribingJson object at 0x000002323CF59B70>]}
[0m17:34:02.548689 [info ] [MainThread]: 
[0m17:34:02.550693 [info ] [MainThread]: Concurrency: 4 threads (target='dev')
[0m17:34:02.558558 [info ] [MainThread]: 
[0m17:34:02.577919 [debug] [MainThread]: Acquiring new postgres connection 'master'
[0m17:34:02.585853 [debug] [ThreadPool]: Acquiring new postgres connection 'list_sales_db'
[0m17:34:03.076104 [debug] [ThreadPool]: Using postgres connection "list_sales_db"
[0m17:34:03.076985 [debug] [ThreadPool]: On list_sales_db: /* {"app": "dbt", "dbt_version": "1.12.0b3", "profile_name": "sales_project", "target_name": "dev", "connection_name": "list_sales_db"} */

    select distinct nspname from pg_namespace
  
[0m17:34:03.077918 [debug] [ThreadPool]: Opening a new connection, currently in state init
[0m17:34:03.155133 [debug] [ThreadPool]: SQL status: SELECT 4 in 0.077 seconds
[0m17:34:03.158235 [debug] [ThreadPool]: On list_sales_db: Close
[0m17:34:03.171856 [debug] [ThreadPool]: Acquiring new postgres connection 'list_sales_db_public'
[0m17:34:03.185487 [debug] [ThreadPool]: Using postgres connection "list_sales_db_public"
[0m17:34:03.186450 [debug] [ThreadPool]: On list_sales_db_public: /* {"app": "dbt", "dbt_version": "1.12.0b3", "profile_name": "sales_project", "target_name": "dev", "connection_name": "list_sales_db_public"} */
select
      'sales_db' as database,
      tablename as name,
      schemaname as schema,
      'table' as type
    from pg_tables
    where schemaname ilike 'public'
    union all
    select
      'sales_db' as database,
      viewname as name,
      schemaname as schema,
      'view' as type
    from pg_views
    where schemaname ilike 'public'
    union all
    select
      'sales_db' as database,
      matviewname as name,
      schemaname as schema,
      'materialized_view' as type
    from pg_matviews
    where schemaname ilike 'public'
  
[0m17:34:03.187215 [debug] [ThreadPool]: Opening a new connection, currently in state init
[0m17:34:03.259273 [debug] [ThreadPool]: SQL status: SELECT 21 in 0.072 seconds
[0m17:34:03.262654 [debug] [ThreadPool]: On list_sales_db_public: ROLLBACK
[0m17:34:03.263680 [debug] [ThreadPool]: On list_sales_db_public: Close
[0m17:34:03.286779 [debug] [MainThread]: Using postgres connection "master"
[0m17:34:03.289881 [debug] [MainThread]: On master: /* {"app": "dbt", "dbt_version": "1.12.0b3", "profile_name": "sales_project", "target_name": "dev", "connection_name": "master"} */
select distinct
        dependent_namespace.nspname as dependent_schema,
        dependent_class.relname as dependent_name,
        referenced_namespace.nspname as referenced_schema,
        referenced_class.relname as referenced_name

    -- Query for views: views are entries in pg_class with an entry in pg_rewrite, but we avoid
    -- a seq scan on pg_rewrite by leveraging the fact there is an "internal" row in pg_depend for
    -- the view...
    from pg_class as dependent_class
    join pg_namespace as dependent_namespace on dependent_namespace.oid = dependent_class.relnamespace
    join pg_depend as dependent_depend on dependent_depend.refobjid = dependent_class.oid
        and dependent_depend.classid = 'pg_rewrite'::regclass
        and dependent_depend.refclassid = 'pg_class'::regclass
        and dependent_depend.deptype = 'i'

    -- ... and via pg_depend (that has a row per column, hence the need for "distinct" above, and
    -- making sure to exclude the internal row to avoid a view appearing to depend on itself)...
    join pg_depend as joining_depend on joining_depend.objid = dependent_depend.objid
        and joining_depend.classid = 'pg_rewrite'::regclass
        and joining_depend.refclassid = 'pg_class'::regclass
        and joining_depend.refobjid != dependent_depend.refobjid

    -- ... we can find the tables they query from in pg_class, but excluding system tables. Note we
    -- don't need need to exclude _dependent_ system tables, because they only query from other
    -- system tables, and so are automatically excluded by excluding _referenced_ system tables
    join pg_class as referenced_class on referenced_class.oid = joining_depend.refobjid
    join pg_namespace as referenced_namespace on referenced_namespace.oid = referenced_class.relnamespace
        and referenced_namespace.nspname != 'information_schema'
        and referenced_namespace.nspname not like 'pg\_%'

    order by
        dependent_schema, dependent_name, referenced_schema, referenced_name;
[0m17:34:03.290821 [debug] [MainThread]: Opening a new connection, currently in state init
[0m17:34:03.372931 [debug] [MainThread]: SQL status: SELECT 0 in 0.082 seconds
[0m17:34:03.375740 [debug] [MainThread]: Sending event: {'category': 'dbt', 'action': 'runnable_timing', 'label': 'a4187254-8fc5-4bc0-96ee-973e3d88f052', 'context': [<snowplow_tracker.self_describing_json.SelfDescribingJson object at 0x000002323C965230>]}
[0m17:34:03.376832 [debug] [MainThread]: On master: ROLLBACK
[0m17:34:03.377755 [debug] [MainThread]: On master: COMMIT
[0m17:34:03.378509 [debug] [MainThread]: Using postgres connection "master"
[0m17:34:03.379209 [debug] [MainThread]: On master: COMMIT
[0m17:34:03.380119 [debug] [MainThread]: SQL status: COMMIT in 0.000 seconds
[0m17:34:03.380832 [debug] [MainThread]: On master: Close
[0m17:34:03.390258 [debug] [Thread-1 (]: Began running node model.sales_project.discount_analysis
[0m17:34:03.391917 [info ] [Thread-1 (]: 1 of 1 START sql table model public.discount_analysis .......................... [RUN]
[0m17:34:03.399236 [debug] [Thread-1 (]: Acquiring new postgres connection 'model.sales_project.discount_analysis'
[0m17:34:03.400218 [debug] [Thread-1 (]: Began compiling node model.sales_project.discount_analysis
[0m17:34:03.426724 [debug] [Thread-1 (]: Writing injected SQL for node "model.sales_project.discount_analysis"
[0m17:34:03.428879 [debug] [Thread-1 (]: Began executing node model.sales_project.discount_analysis
[0m17:34:03.806335 [debug] [Thread-1 (]: Writing runtime sql for node "model.sales_project.discount_analysis"
[0m17:34:03.808475 [debug] [Thread-1 (]: Using postgres connection "model.sales_project.discount_analysis"
[0m17:34:03.810032 [debug] [Thread-1 (]: On model.sales_project.discount_analysis: /* {"app": "dbt", "dbt_version": "1.12.0b3", "profile_name": "sales_project", "target_name": "dev", "node_id": "model.sales_project.discount_analysis"} */

  
    

  create  table "sales_db"."public"."discount_analysis__dbt_tmp"
  
  
    as
  
  (
    WITH discount_stats AS (
    SELECT
        product_id,
        AVG(discount_percent) AS avg_discount,
        COUNT(*) AS total_sales,
        SUM(quantity) AS total_quantity_sold,
        SUM(unit_price * quantity) AS total_revenue
    FROM "sales_db"."public"."stg_sales"
    GROUP BY product_id, discount_percent   
)

SELECT
    p.product_name,
    p.category,
    ds.avg_discount,
    ds.total_sales,
    ds.total_quantity_sold,
    ds.total_revenue,
    CASE 
        WHEN ds.avg_discount > 5 THEN 'High Discount'
        WHEN ds.avg_discount > 1.5 THEN 'Medium Discount'  
        ELSE 'Low Discount' 
    END AS discount_category
FROM discount_stats ds 
LEFT JOIN "sales_db"."public"."stg_products" p USING (product_id)
ORDER BY ds.avg_discount DESC
  );
  
[0m17:34:03.811052 [debug] [Thread-1 (]: Opening a new connection, currently in state init
[0m17:34:03.952303 [debug] [Thread-1 (]: SQL status: SELECT 690 in 0.141 seconds
[0m17:34:03.975867 [debug] [Thread-1 (]: Using postgres connection "model.sales_project.discount_analysis"
[0m17:34:03.976996 [debug] [Thread-1 (]: On model.sales_project.discount_analysis: /* {"app": "dbt", "dbt_version": "1.12.0b3", "profile_name": "sales_project", "target_name": "dev", "node_id": "model.sales_project.discount_analysis"} */
alter table "sales_db"."public"."discount_analysis" rename to "discount_analysis__dbt_backup"
[0m17:34:03.978626 [debug] [Thread-1 (]: SQL status: ALTER TABLE in 0.001 seconds
[0m17:34:03.985678 [debug] [Thread-1 (]: Using postgres connection "model.sales_project.discount_analysis"
[0m17:34:03.986790 [debug] [Thread-1 (]: On model.sales_project.discount_analysis: /* {"app": "dbt", "dbt_version": "1.12.0b3", "profile_name": "sales_project", "target_name": "dev", "node_id": "model.sales_project.discount_analysis"} */
alter table "sales_db"."public"."discount_analysis__dbt_tmp" rename to "discount_analysis"
[0m17:34:03.988830 [debug] [Thread-1 (]: SQL status: ALTER TABLE in 0.001 seconds
[0m17:34:04.036148 [debug] [Thread-1 (]: On model.sales_project.discount_analysis: COMMIT
[0m17:34:04.037216 [debug] [Thread-1 (]: Using postgres connection "model.sales_project.discount_analysis"
[0m17:34:04.038515 [debug] [Thread-1 (]: On model.sales_project.discount_analysis: COMMIT
[0m17:34:04.041490 [debug] [Thread-1 (]: SQL status: COMMIT in 0.002 seconds
[0m17:34:04.058154 [debug] [Thread-1 (]: Applying DROP to: "sales_db"."public"."discount_analysis__dbt_backup"
[0m17:34:04.071257 [debug] [Thread-1 (]: Using postgres connection "model.sales_project.discount_analysis"
[0m17:34:04.072405 [debug] [Thread-1 (]: On model.sales_project.discount_analysis: /* {"app": "dbt", "dbt_version": "1.12.0b3", "profile_name": "sales_project", "target_name": "dev", "node_id": "model.sales_project.discount_analysis"} */
drop table if exists "sales_db"."public"."discount_analysis__dbt_backup" cascade
[0m17:34:04.079155 [debug] [Thread-1 (]: SQL status: DROP TABLE in 0.006 seconds
[0m17:34:04.084489 [debug] [Thread-1 (]: On model.sales_project.discount_analysis: Close
[0m17:34:04.089834 [debug] [Thread-1 (]: Sending event: {'category': 'dbt', 'action': 'run_model', 'label': 'a4187254-8fc5-4bc0-96ee-973e3d88f052', 'context': [<snowplow_tracker.self_describing_json.SelfDescribingJson object at 0x000002323D0D6090>]}
[0m17:34:04.091544 [info ] [Thread-1 (]: 1 of 1 OK created sql table model public.discount_analysis ..................... [[32mSELECT 690[0m in 0.69s]
[0m17:34:04.096732 [debug] [Thread-1 (]: Finished running node model.sales_project.discount_analysis
[0m17:34:04.099988 [debug] [MainThread]: On master: COMMIT
[0m17:34:04.100847 [debug] [MainThread]: Using postgres connection "master"
[0m17:34:04.101554 [debug] [MainThread]: On master: COMMIT
[0m17:34:04.107200 [debug] [MainThread]: Opening a new connection, currently in state closed
[0m17:34:04.179815 [debug] [MainThread]: SQL status: COMMIT in 0.073 seconds
[0m17:34:04.180709 [debug] [MainThread]: On master: Close
[0m17:34:04.181732 [debug] [MainThread]: Connection 'master' was properly closed.
[0m17:34:04.182520 [debug] [MainThread]: Connection 'list_sales_db' was properly closed.
[0m17:34:04.183330 [debug] [MainThread]: Connection 'list_sales_db_public' was properly closed.
[0m17:34:04.184235 [debug] [MainThread]: Connection 'model.sales_project.discount_analysis' was properly closed.
[0m17:34:04.185075 [info ] [MainThread]: 
[0m17:34:04.186940 [info ] [MainThread]: Finished running 1 table model in 0 hours 0 minutes and 1.61 seconds (1.61s).
[0m17:34:04.190082 [debug] [MainThread]: Command end result
[0m17:34:04.289626 [debug] [MainThread]: Wrote artifact WritableManifest to D:\Data Analyst\Python\sales_project\target\manifest.json
[0m17:34:04.305865 [debug] [MainThread]: Wrote artifact SemanticManifest to D:\Data Analyst\Python\sales_project\target\semantic_manifest.json
[0m17:34:04.326321 [debug] [MainThread]: Wrote artifact OsiDocument to D:\Data Analyst\Python\sales_project\target\osi_document.json
[0m17:34:04.346569 [debug] [MainThread]: Wrote artifact RunExecutionResult to D:\Data Analyst\Python\sales_project\target\run_results.json
[0m17:34:04.347436 [info ] [MainThread]: 
[0m17:34:04.348712 [info ] [MainThread]: [32mCompleted successfully[0m
[0m17:34:04.349808 [info ] [MainThread]: 
[0m17:34:04.350965 [info ] [MainThread]: Done. PASS=1 WARN=0 ERROR=0 SKIP=0 NO-OP=0 REUSED=0 TOTAL=1
[0m17:34:04.355502 [debug] [MainThread]: Command `dbt run` succeeded at 17:34:04.355141 after 5.43 seconds
[0m17:34:04.356634 [debug] [MainThread]: Sending event: {'category': 'dbt', 'action': 'invocation', 'label': 'end', 'context': [<snowplow_tracker.self_describing_json.SelfDescribingJson object at 0x000002323CDBBE30>, <snowplow_tracker.self_describing_json.SelfDescribingJson object at 0x000002323D48A2B0>, <snowplow_tracker.self_describing_json.SelfDescribingJson object at 0x000002323D48A850>]}
[0m17:34:04.358382 [debug] [MainThread]: Flushing usage events
[0m17:34:04.364644 [debug] [MainThread]: An error was encountered while trying to flush usage events
[0m17:40:40.366612 [debug] [MainThread]: Sending event: {'category': 'dbt', 'action': 'invocation', 'label': 'start', 'context': [<snowplow_tracker.self_describing_json.SelfDescribingJson object at 0x0000010E5432F8C0>, <snowplow_tracker.self_describing_json.SelfDescribingJson object at 0x0000010E569ABD90>, <snowplow_tracker.self_describing_json.SelfDescribingJson object at 0x0000010E569AB9D0>]}


============================== 17:40:40.375976 | bc7361eb-c38e-4ddd-bf68-d7c4226f9dfb ==============================
[0m17:40:40.375976 [info ] [MainThread]: Running with dbt=1.12.0-b3
[0m17:40:40.377564 [debug] [MainThread]: running dbt with arguments {'version_check': 'True', 'no_print': 'None', 'static_parser': 'True', 'warn_error_options': 'WarnErrorOptionsV2(error=[], warn=[], silence=[])', 'maximum_seed_size_mib': '1', 'target_path': 'None', 'printer_width': '80', 'write_json': 'True', 'introspect': 'True', 'log_cache_events': 'False', 'empty': 'False', 'cache_selected_only': 'False', 'fail_fast': 'False', 'debug': 'False', 'log_format': 'default', 'partial_parse': 'True', 'send_anonymous_usage_stats': 'True', 'quiet': 'False', 'warn_error': 'None', 'profiles_dir': 'C:\\Users\\Toranj\\.dbt', 'indirect_selection': 'eager', 'invocation_command': 'dbt run --select discount_analysis', 'use_colors': 'True', 'use_experimental_parser': 'False', 'log_path': 'D:\\Data Analyst\\Python\\sales_project\\logs'}
[0m17:40:41.044055 [debug] [MainThread]: Sending event: {'category': 'dbt', 'action': 'project_id', 'label': 'bc7361eb-c38e-4ddd-bf68-d7c4226f9dfb', 'context': [<snowplow_tracker.self_describing_json.SelfDescribingJson object at 0x0000010E548B36F0>]}
[0m17:40:41.232485 [debug] [MainThread]: Sending event: {'category': 'dbt', 'action': 'adapter_info', 'label': 'bc7361eb-c38e-4ddd-bf68-d7c4226f9dfb', 'context': [<snowplow_tracker.self_describing_json.SelfDescribingJson object at 0x0000010E567A7680>]}
[0m17:40:41.235308 [info ] [MainThread]: Registered adapter: postgres=1.10.1
[0m17:40:41.998766 [debug] [MainThread]: checksum: 1422b360ba387c4a32c0f6c7d0628301536a3df5895ffefc77e86256980727b7, vars: {}, profile: sales_project, target: dev, version: 1.12.0b3
[0m17:40:42.501181 [debug] [MainThread]: Partial parsing enabled: 0 files deleted, 0 files added, 1 files changed.
[0m17:40:42.502864 [debug] [MainThread]: Partial parsing: updated file: sales_project://models\marts\discount_analysis.sql
[0m17:40:43.237153 [debug] [MainThread]: Sending event: {'category': 'dbt', 'action': 'load_project', 'label': 'bc7361eb-c38e-4ddd-bf68-d7c4226f9dfb', 'context': [<snowplow_tracker.self_describing_json.SelfDescribingJson object at 0x0000010E56AA0F50>]}
[0m17:40:43.432825 [debug] [MainThread]: Wrote artifact WritableManifest to D:\Data Analyst\Python\sales_project\target\manifest.json
[0m17:40:43.441890 [debug] [MainThread]: Wrote artifact SemanticManifest to D:\Data Analyst\Python\sales_project\target\semantic_manifest.json
[0m17:40:43.505534 [debug] [MainThread]: Wrote artifact OsiDocument to D:\Data Analyst\Python\sales_project\target\osi_document.json
[0m17:40:43.539336 [debug] [MainThread]: Sending event: {'category': 'dbt', 'action': 'resource_counts', 'label': 'bc7361eb-c38e-4ddd-bf68-d7c4226f9dfb', 'context': [<snowplow_tracker.self_describing_json.SelfDescribingJson object at 0x0000010E56EFF890>]}
[0m17:40:43.540501 [info ] [MainThread]: Found 19 models, 475 macros
[0m17:40:43.542903 [debug] [MainThread]: Sending event: {'category': 'dbt', 'action': 'runnable_timing', 'label': 'bc7361eb-c38e-4ddd-bf68-d7c4226f9dfb', 'context': [<snowplow_tracker.self_describing_json.SelfDescribingJson object at 0x0000010E5707DB70>]}
[0m17:40:43.547041 [info ] [MainThread]: 
[0m17:40:43.552466 [info ] [MainThread]: Concurrency: 4 threads (target='dev')
[0m17:40:43.557662 [info ] [MainThread]: 
[0m17:40:43.585932 [debug] [MainThread]: Acquiring new postgres connection 'master'
[0m17:40:43.588460 [debug] [ThreadPool]: Acquiring new postgres connection 'list_sales_db'
[0m17:40:44.020699 [debug] [ThreadPool]: Using postgres connection "list_sales_db"
[0m17:40:44.021797 [debug] [ThreadPool]: On list_sales_db: /* {"app": "dbt", "dbt_version": "1.12.0b3", "profile_name": "sales_project", "target_name": "dev", "connection_name": "list_sales_db"} */

    select distinct nspname from pg_namespace
  
[0m17:40:44.022527 [debug] [ThreadPool]: Opening a new connection, currently in state init
[0m17:40:44.103753 [debug] [ThreadPool]: SQL status: SELECT 4 in 0.081 seconds
[0m17:40:44.106606 [debug] [ThreadPool]: On list_sales_db: Close
[0m17:40:44.120984 [debug] [ThreadPool]: Acquiring new postgres connection 'list_sales_db_public'
[0m17:40:44.134663 [debug] [ThreadPool]: Using postgres connection "list_sales_db_public"
[0m17:40:44.135709 [debug] [ThreadPool]: On list_sales_db_public: /* {"app": "dbt", "dbt_version": "1.12.0b3", "profile_name": "sales_project", "target_name": "dev", "connection_name": "list_sales_db_public"} */
select
      'sales_db' as database,
      tablename as name,
      schemaname as schema,
      'table' as type
    from pg_tables
    where schemaname ilike 'public'
    union all
    select
      'sales_db' as database,
      viewname as name,
      schemaname as schema,
      'view' as type
    from pg_views
    where schemaname ilike 'public'
    union all
    select
      'sales_db' as database,
      matviewname as name,
      schemaname as schema,
      'materialized_view' as type
    from pg_matviews
    where schemaname ilike 'public'
  
[0m17:40:44.136575 [debug] [ThreadPool]: Opening a new connection, currently in state init
[0m17:40:44.211119 [debug] [ThreadPool]: SQL status: SELECT 21 in 0.074 seconds
[0m17:40:44.215062 [debug] [ThreadPool]: On list_sales_db_public: ROLLBACK
[0m17:40:44.216337 [debug] [ThreadPool]: On list_sales_db_public: Close
[0m17:40:44.237618 [debug] [MainThread]: Using postgres connection "master"
[0m17:40:44.239664 [debug] [MainThread]: On master: /* {"app": "dbt", "dbt_version": "1.12.0b3", "profile_name": "sales_project", "target_name": "dev", "connection_name": "master"} */
select distinct
        dependent_namespace.nspname as dependent_schema,
        dependent_class.relname as dependent_name,
        referenced_namespace.nspname as referenced_schema,
        referenced_class.relname as referenced_name

    -- Query for views: views are entries in pg_class with an entry in pg_rewrite, but we avoid
    -- a seq scan on pg_rewrite by leveraging the fact there is an "internal" row in pg_depend for
    -- the view...
    from pg_class as dependent_class
    join pg_namespace as dependent_namespace on dependent_namespace.oid = dependent_class.relnamespace
    join pg_depend as dependent_depend on dependent_depend.refobjid = dependent_class.oid
        and dependent_depend.classid = 'pg_rewrite'::regclass
        and dependent_depend.refclassid = 'pg_class'::regclass
        and dependent_depend.deptype = 'i'

    -- ... and via pg_depend (that has a row per column, hence the need for "distinct" above, and
    -- making sure to exclude the internal row to avoid a view appearing to depend on itself)...
    join pg_depend as joining_depend on joining_depend.objid = dependent_depend.objid
        and joining_depend.classid = 'pg_rewrite'::regclass
        and joining_depend.refclassid = 'pg_class'::regclass
        and joining_depend.refobjid != dependent_depend.refobjid

    -- ... we can find the tables they query from in pg_class, but excluding system tables. Note we
    -- don't need need to exclude _dependent_ system tables, because they only query from other
    -- system tables, and so are automatically excluded by excluding _referenced_ system tables
    join pg_class as referenced_class on referenced_class.oid = joining_depend.refobjid
    join pg_namespace as referenced_namespace on referenced_namespace.oid = referenced_class.relnamespace
        and referenced_namespace.nspname != 'information_schema'
        and referenced_namespace.nspname not like 'pg\_%'

    order by
        dependent_schema, dependent_name, referenced_schema, referenced_name;
[0m17:40:44.240789 [debug] [MainThread]: Opening a new connection, currently in state init
[0m17:40:44.315460 [debug] [MainThread]: SQL status: SELECT 0 in 0.074 seconds
[0m17:40:44.318012 [debug] [MainThread]: Sending event: {'category': 'dbt', 'action': 'runnable_timing', 'label': 'bc7361eb-c38e-4ddd-bf68-d7c4226f9dfb', 'context': [<snowplow_tracker.self_describing_json.SelfDescribingJson object at 0x0000010E56A71230>]}
[0m17:40:44.319035 [debug] [MainThread]: On master: ROLLBACK
[0m17:40:44.319976 [debug] [MainThread]: On master: COMMIT
[0m17:40:44.320709 [debug] [MainThread]: Using postgres connection "master"
[0m17:40:44.321404 [debug] [MainThread]: On master: COMMIT
[0m17:40:44.322299 [debug] [MainThread]: SQL status: COMMIT in 0.000 seconds
[0m17:40:44.323020 [debug] [MainThread]: On master: Close
[0m17:40:44.333468 [debug] [Thread-1 (]: Began running node model.sales_project.discount_analysis
[0m17:40:44.334812 [info ] [Thread-1 (]: 1 of 1 START sql table model public.discount_analysis .......................... [RUN]
[0m17:40:44.336222 [debug] [Thread-1 (]: Acquiring new postgres connection 'model.sales_project.discount_analysis'
[0m17:40:44.337164 [debug] [Thread-1 (]: Began compiling node model.sales_project.discount_analysis
[0m17:40:44.358419 [debug] [Thread-1 (]: Writing injected SQL for node "model.sales_project.discount_analysis"
[0m17:40:44.361086 [debug] [Thread-1 (]: Began executing node model.sales_project.discount_analysis
[0m17:40:44.508611 [debug] [Thread-1 (]: Writing runtime sql for node "model.sales_project.discount_analysis"
[0m17:40:44.510552 [debug] [Thread-1 (]: Using postgres connection "model.sales_project.discount_analysis"
[0m17:40:44.511673 [debug] [Thread-1 (]: On model.sales_project.discount_analysis: /* {"app": "dbt", "dbt_version": "1.12.0b3", "profile_name": "sales_project", "target_name": "dev", "node_id": "model.sales_project.discount_analysis"} */

  
    

  create  table "sales_db"."public"."discount_analysis__dbt_tmp"
  
  
    as
  
  (
    WITH discount_stats AS (
    SELECT
        product_id,
        discount_percent,
        COUNT(*) AS total_sales,
        SUM(quantity) AS total_quantity_sold,
        SUM(unit_price * quantity) AS total_revenue
    FROM "sales_db"."public"."stg_sales"
    GROUP BY product_id, discount_percent   
)

SELECT
    p.product_name,
    p.category,
    ds.discount_percent,
    ds.total_sales,
    ds.total_quantity_sold,
    ds.total_revenue,
    CASE 
        WHEN ds.discount_percent > 15 THEN 'High Discount'
        WHEN ds.discount_percent > 5 THEN 'Medium Discount'  
        ELSE 'Low Discount' 
    END AS discount_category
FROM discount_stats ds 
LEFT JOIN "sales_db"."public"."stg_products" p USING (product_id)
ORDER BY ds.discount_percent DESC
  );
  
[0m17:40:44.512632 [debug] [Thread-1 (]: Opening a new connection, currently in state init
[0m17:40:44.622275 [debug] [Thread-1 (]: SQL status: SELECT 690 in 0.110 seconds
[0m17:40:44.644952 [debug] [Thread-1 (]: Using postgres connection "model.sales_project.discount_analysis"
[0m17:40:44.646446 [debug] [Thread-1 (]: On model.sales_project.discount_analysis: /* {"app": "dbt", "dbt_version": "1.12.0b3", "profile_name": "sales_project", "target_name": "dev", "node_id": "model.sales_project.discount_analysis"} */
alter table "sales_db"."public"."discount_analysis" rename to "discount_analysis__dbt_backup"
[0m17:40:44.648151 [debug] [Thread-1 (]: SQL status: ALTER TABLE in 0.001 seconds
[0m17:40:44.655167 [debug] [Thread-1 (]: Using postgres connection "model.sales_project.discount_analysis"
[0m17:40:44.656251 [debug] [Thread-1 (]: On model.sales_project.discount_analysis: /* {"app": "dbt", "dbt_version": "1.12.0b3", "profile_name": "sales_project", "target_name": "dev", "node_id": "model.sales_project.discount_analysis"} */
alter table "sales_db"."public"."discount_analysis__dbt_tmp" rename to "discount_analysis"
[0m17:40:44.657977 [debug] [Thread-1 (]: SQL status: ALTER TABLE in 0.001 seconds
[0m17:40:44.706378 [debug] [Thread-1 (]: On model.sales_project.discount_analysis: COMMIT
[0m17:40:44.707444 [debug] [Thread-1 (]: Using postgres connection "model.sales_project.discount_analysis"
[0m17:40:44.708307 [debug] [Thread-1 (]: On model.sales_project.discount_analysis: COMMIT
[0m17:40:44.711289 [debug] [Thread-1 (]: SQL status: COMMIT in 0.002 seconds
[0m17:40:44.726822 [debug] [Thread-1 (]: Applying DROP to: "sales_db"."public"."discount_analysis__dbt_backup"
[0m17:40:44.739750 [debug] [Thread-1 (]: Using postgres connection "model.sales_project.discount_analysis"
[0m17:40:44.740796 [debug] [Thread-1 (]: On model.sales_project.discount_analysis: /* {"app": "dbt", "dbt_version": "1.12.0b3", "profile_name": "sales_project", "target_name": "dev", "node_id": "model.sales_project.discount_analysis"} */
drop table if exists "sales_db"."public"."discount_analysis__dbt_backup" cascade
[0m17:40:44.748162 [debug] [Thread-1 (]: SQL status: DROP TABLE in 0.006 seconds
[0m17:40:44.753871 [debug] [Thread-1 (]: On model.sales_project.discount_analysis: Close
[0m17:40:44.758708 [debug] [Thread-1 (]: Sending event: {'category': 'dbt', 'action': 'run_model', 'label': 'bc7361eb-c38e-4ddd-bf68-d7c4226f9dfb', 'context': [<snowplow_tracker.self_describing_json.SelfDescribingJson object at 0x0000010E571F5F10>]}
[0m17:40:44.760409 [info ] [Thread-1 (]: 1 of 1 OK created sql table model public.discount_analysis ..................... [[32mSELECT 690[0m in 0.42s]
[0m17:40:44.763355 [debug] [Thread-1 (]: Finished running node model.sales_project.discount_analysis
[0m17:40:44.766512 [debug] [MainThread]: On master: COMMIT
[0m17:40:44.767458 [debug] [MainThread]: Using postgres connection "master"
[0m17:40:44.768229 [debug] [MainThread]: On master: COMMIT
[0m17:40:44.768934 [debug] [MainThread]: Opening a new connection, currently in state closed
[0m17:40:44.847138 [debug] [MainThread]: SQL status: COMMIT in 0.078 seconds
[0m17:40:44.848344 [debug] [MainThread]: On master: Close
[0m17:40:44.849419 [debug] [MainThread]: Connection 'master' was properly closed.
[0m17:40:44.850180 [debug] [MainThread]: Connection 'list_sales_db' was properly closed.
[0m17:40:44.850916 [debug] [MainThread]: Connection 'list_sales_db_public' was properly closed.
[0m17:40:44.851721 [debug] [MainThread]: Connection 'model.sales_project.discount_analysis' was properly closed.
[0m17:40:44.852616 [info ] [MainThread]: 
[0m17:40:44.855945 [info ] [MainThread]: Finished running 1 table model in 0 hours 0 minutes and 1.27 seconds (1.27s).
[0m17:40:44.857855 [debug] [MainThread]: Command end result
[0m17:40:44.951440 [debug] [MainThread]: Wrote artifact WritableManifest to D:\Data Analyst\Python\sales_project\target\manifest.json
[0m17:40:44.960751 [debug] [MainThread]: Wrote artifact SemanticManifest to D:\Data Analyst\Python\sales_project\target\semantic_manifest.json
[0m17:40:44.970330 [debug] [MainThread]: Wrote artifact OsiDocument to D:\Data Analyst\Python\sales_project\target\osi_document.json
[0m17:40:44.991490 [debug] [MainThread]: Wrote artifact RunExecutionResult to D:\Data Analyst\Python\sales_project\target\run_results.json
[0m17:40:44.992359 [info ] [MainThread]: 
[0m17:40:45.001495 [info ] [MainThread]: [32mCompleted successfully[0m
[0m17:40:45.003357 [info ] [MainThread]: 
[0m17:40:45.006942 [info ] [MainThread]: Done. PASS=1 WARN=0 ERROR=0 SKIP=0 NO-OP=0 REUSED=0 TOTAL=1
[0m17:40:45.010226 [debug] [MainThread]: Command `dbt run` succeeded at 17:40:45.009866 after 5.04 seconds
[0m17:40:45.011153 [debug] [MainThread]: Sending event: {'category': 'dbt', 'action': 'invocation', 'label': 'end', 'context': [<snowplow_tracker.self_describing_json.SelfDescribingJson object at 0x0000010E56E8F120>, <snowplow_tracker.self_describing_json.SelfDescribingJson object at 0x0000010E575AA2B0>, <snowplow_tracker.self_describing_json.SelfDescribingJson object at 0x0000010E575AA850>]}
[0m17:40:45.011979 [debug] [MainThread]: Flushing usage events
[0m17:40:45.024922 [debug] [MainThread]: An error was encountered while trying to flush usage events
